name,module,owner_file,line,type,is_parameter,n_refs_confirmed,refs_confirmed,n_refs_possible,refs_possible
JBK,CMmod,src/contaminant/CMmod.f90,78,INTEGER,False,0,,0,
JFLINK,CMmod,src/contaminant/CMmod.f90,79,INTEGER,False,0,,0,
JSOL,CMmod,src/contaminant/CMmod.f90,80,INTEGER,False,0,,0,
NWORK,CMmod,src/contaminant/CMmod.f90,81,INTEGER,False,0,,0,
NLINKA,CMmod,src/contaminant/CMmod.f90,82,INTEGER,False,0,,0,
NCWELL,CMmod,src/contaminant/CMmod.f90,83,INTEGER,False,0,,0,
VELDUM,CMmod,src/contaminant/CMmod.f90,84,DOUBLEPRECISION,False,0,,0,
QQQWEL,CMmod,src/contaminant/CMmod.f90,85,DOUBLEPRECISION,False,0,,0,
QQQWL1,CMmod,src/contaminant/CMmod.f90,86,DOUBLEPRECISION,False,0,,0,
QQRV,CMmod,src/contaminant/CMmod.f90,87,DOUBLEPRECISION,False,0,,0,
ROH,CMmod,src/contaminant/CMmod.f90,88,DOUBLEPRECISION,False,0,,0,
ISBDY,CMmod,src/contaminant/CMmod.f90,89,LOGICAL,False,0,,0,
count,CMmod,src/contaminant/CMmod.f90,90,INTEGER,False,0,,0,
LWORK,CMmod,src/contaminant/CMmod.f90,91,INTEGER,False,0,,0,
NBK,CMmod,src/contaminant/CMmod.f90,92,INTEGER,False,0,,0,
nwell,CMmod,src/contaminant/CMmod.f90,93,INTEGER,False,0,,0,
islk,CMmod,src/contaminant/CMmod.f90,94,LOGICAL,False,0,,0,
qqqdum,CMmod,src/contaminant/CMmod.f90,95,DOUBLEPRECISION,False,0,,0,
QQQSL1,CMmod,src/contaminant/CMmod.f90,96,DOUBLEPRECISION,False,0,,0,
CCAPB,CONT_CC,src/contaminant/CONT_CC.F90,35,DOUBLEPRECISION,False,1,src/frame/FRmod.f90,1,src/contaminant/CMmod.f90
CCPBO,CONT_CC,src/contaminant/CONT_CC.F90,36,DOUBLEPRECISION,False,0,,0,
CCAPE,CONT_CC,src/contaminant/CONT_CC.F90,37,DOUBLEPRECISION,False,1,src/frame/FRmod.f90,1,src/contaminant/CMmod.f90
CCAPI,CONT_CC,src/contaminant/CONT_CC.F90,38,DOUBLEPRECISION,False,1,src/frame/FRmod.f90,1,src/contaminant/CMmod.f90
CCAPIO,CONT_CC,src/contaminant/CONT_CC.F90,39,DOUBLEPRECISION,False,1,src/frame/FRmod.f90,1,src/contaminant/CMmod.f90
CCAPR,CONT_CC,src/contaminant/CONT_CC.F90,40,DOUBLEPRECISION,False,1,src/frame/FRmod.f90,1,src/contaminant/CMmod.f90
CCAPRO,CONT_CC,src/contaminant/CONT_CC.F90,41,DOUBLEPRECISION,False,0,,0,
IIICF,CONT_CC,src/contaminant/CONT_CC.F90,42,DOUBLEPRECISION,False,1,src/frame/FRmod.f90,1,src/contaminant/CMmod.f90
IIICFO,CONT_CC,src/contaminant/CONT_CC.F90,43,DOUBLEPRECISION,False,1,src/frame/FRmod.f90,1,src/contaminant/CMmod.f90
CCCCW,CONT_CC,src/contaminant/CONT_CC.F90,45,DOUBLEPRECISION,False,1,src/frame/FRmod.f90,1,src/contaminant/CMmod.f90
CCCC,CONT_CC,src/contaminant/CONT_CC.F90,47,DOUBLEPRECISION,False,2,src/frame/FRmod.f90;src/visualisation/visualisation_interface_left.f90,1,src/contaminant/CMmod.f90
CCCCO,CONT_CC,src/contaminant/CONT_CC.F90,48,DOUBLEPRECISION,False,1,src/frame/FRmod.f90,1,src/contaminant/CMmod.f90
SSSS,CONT_CC,src/contaminant/CONT_CC.F90,49,DOUBLEPRECISION,False,2,src/frame/FRmod.f90;src/visualisation/visualisation_interface_left.f90,1,src/contaminant/CMmod.f90
SSSSO,CONT_CC,src/contaminant/CONT_CC.F90,50,DOUBLEPRECISION,False,1,src/frame/FRmod.f90,1,src/contaminant/CMmod.f90
SSS1,CONT_CC,src/contaminant/CONT_CC.F90,52,DOUBLEPRECISION,False,0,,1,src/contaminant/CMmod.f90
SSS2,CONT_CC,src/contaminant/CONT_CC.F90,53,DOUBLEPRECISION,False,0,,1,src/contaminant/CMmod.f90
GCPLA,CONT_CC,src/contaminant/CONT_CC.F90,55,DOUBLEPRECISION,False,1,src/frame/FRmod.f90,1,src/contaminant/CMmod.f90
GGLMSO,CONT_CC,src/contaminant/CONT_CC.F90,56,DOUBLEPRECISION,False,1,src/frame/FRmod.f90,1,src/contaminant/CMmod.f90
CCAPIN,CONT_CC,src/contaminant/CONT_CC.F90,58,DOUBLEPRECISION,False,2,src/contaminant/CMmod.f90;src/frame/FRmod.f90,0,
ALPHA,CONT_CC,src/contaminant/CONT_CC.F90,60,DOUBLEPRECISION,False,1,src/frame/FRmod.f90,1,src/contaminant/CMmod.f90
FADS,CONT_CC,src/contaminant/CONT_CC.F90,61,DOUBLEPRECISION,False,1,src/frame/FRmod.f90,1,src/contaminant/CMmod.f90
GNN,CONT_CC,src/contaminant/CONT_CC.F90,62,DOUBLEPRECISION,False,1,src/frame/FRmod.f90,1,src/contaminant/CMmod.f90
KDDLS,CONT_CC,src/contaminant/CONT_CC.F90,63,DOUBLEPRECISION,False,1,src/frame/FRmod.f90,1,src/contaminant/CMmod.f90
KDDSOL,CONT_CC,src/contaminant/CONT_CC.F90,64,DOUBLEPRECISION,False,1,src/frame/FRmod.f90,1,src/contaminant/CMmod.f90
NCON,CONT_CC,src/contaminant/CONT_CC.F90,66,INTEGER,False,2,src/frame/FRmod.f90;src/visualisation/visualisation_interface_left.f90,1,src/contaminant/CMmod.f90
FCPBKO,CONT_CC,src/contaminant/CONT_CC.F90,68,DOUBLEPRECISION,False,0,,1,src/contaminant/CMmod.f90
GCPBKO,CONT_CC,src/contaminant/CONT_CC.F90,69,DOUBLEPRECISION,False,0,,1,src/contaminant/CMmod.f90
FSF,CONT_CC,src/contaminant/CONT_CC.F90,70,DOUBLEPRECISION,False,0,,1,src/contaminant/CMmod.f90
FSFC,CONT_CC,src/contaminant/CONT_CC.F90,71,DOUBLEPRECISION,False,0,,1,src/contaminant/CMmod.f90
FSFT,CONT_CC,src/contaminant/CONT_CC.F90,72,DOUBLEPRECISION,False,0,,1,src/contaminant/CMmod.f90
RSW,CONT_CC,src/contaminant/CONT_CC.F90,73,DOUBLEPRECISION,False,0,,1,src/contaminant/CMmod.f90
RSWC,CONT_CC,src/contaminant/CONT_CC.F90,74,DOUBLEPRECISION,False,0,,1,src/contaminant/CMmod.f90
RSWT,CONT_CC,src/contaminant/CONT_CC.F90,75,DOUBLEPRECISION,False,0,,1,src/contaminant/CMmod.f90
ALPHBD,CONT_CC,src/contaminant/CONT_CC.F90,77,DOUBLEPRECISION,False,1,src/frame/FRmod.f90,1,src/contaminant/CMmod.f90
ALPHBS,CONT_CC,src/contaminant/CONT_CC.F90,78,DOUBLEPRECISION,False,1,src/frame/FRmod.f90,1,src/contaminant/CMmod.f90
FNCEBD,BK_CW,src/contaminant/bk_cw.f90,35,DOUBLEPRECISION,False,1,src/frame/FRmod.f90,1,src/contaminant/CMmod.f90
NBANK,BK_CW,src/contaminant/bk_cw.f90,36,INTEGER,False,1,src/frame/FRmod.f90,1,src/contaminant/CMmod.f90
NCEAB,BK_CW,src/contaminant/bk_cw.f90,37,INTEGER,False,1,src/frame/FRmod.f90,1,src/contaminant/CMmod.f90
NCEBD,BK_CW,src/contaminant/bk_cw.f90,38,INTEGER,False,1,src/frame/FRmod.f90,1,src/contaminant/CMmod.f90
QQRVO,BK_CW,src/contaminant/bk_cw.f90,39,DOUBLEPRECISION,False,0,,0,
D0,COLM_C1,src/contaminant/column/colm_c1.f90,39,DOUBLEPRECISION,False,1,src/frame/FRmod.f90,1,src/contaminant/CMmod.f90
Z2,COLM_C1,src/contaminant/column/colm_c1.f90,40,DOUBLEPRECISION,False,1,src/frame/FRmod.f90,1,src/contaminant/CMmod.f90
Z2SQ,COLM_C1,src/contaminant/column/colm_c1.f90,41,DOUBLEPRECISION,False,2,src/driver/run_sim.f90;src/frame/FRmod.f90,1,src/contaminant/CMmod.f90
Z2OD,COLM_C1,src/contaminant/column/colm_c1.f90,42,DOUBLEPRECISION,False,1,src/frame/FRmod.f90,1,src/contaminant/CMmod.f90
Z2SQOD,COLM_C1,src/contaminant/column/colm_c1.f90,43,DOUBLEPRECISION,False,1,src/frame/FRmod.f90,1,src/contaminant/CMmod.f90
CST1,COLM_C1,src/contaminant/column/colm_c1.f90,45,DOUBLEPRECISION,False,0,,1,src/contaminant/CMmod.f90
CST2,COLM_C1,src/contaminant/column/colm_c1.f90,46,DOUBLEPRECISION,False,0,,1,src/contaminant/CMmod.f90
CST3,COLM_C1,src/contaminant/column/colm_c1.f90,47,DOUBLEPRECISION,False,0,,1,src/contaminant/CMmod.f90
SGMA,COLM_C1,src/contaminant/column/colm_c1.f90,48,DOUBLEPRECISION,False,1,src/frame/FRmod.f90,1,src/contaminant/CMmod.f90
SGSQ,COLM_C1,src/contaminant/column/colm_c1.f90,49,DOUBLEPRECISION,False,1,src/frame/FRmod.f90,1,src/contaminant/CMmod.f90
SGTSE,COLM_C1,src/contaminant/column/colm_c1.f90,50,DOUBLEPRECISION,False,0,,1,src/contaminant/CMmod.f90
SGSTSE,COLM_C1,src/contaminant/column/colm_c1.f90,51,DOUBLEPRECISION,False,0,,1,src/contaminant/CMmod.f90
OMSGMA,COLM_C1,src/contaminant/column/colm_c1.f90,52,DOUBLEPRECISION,False,1,src/frame/FRmod.f90,1,src/contaminant/CMmod.f90
OPSGL,COLM_C1,src/contaminant/column/colm_c1.f90,53,DOUBLEPRECISION,False,0,,1,src/contaminant/CMmod.f90
OPSGSL,COLM_C1,src/contaminant/column/colm_c1.f90,54,DOUBLEPRECISION,False,0,,1,src/contaminant/CMmod.f90
TSE,COLM_C1,src/contaminant/column/colm_c1.f90,55,DOUBLEPRECISION,False,0,,1,src/contaminant/CMmod.f90
FNCPSF,COLM_C1,src/contaminant/column/colm_c1.f90,57,DOUBLEPRECISION,False,0,,0,
NCEBOT,COLM_C1,src/contaminant/column/colm_c1.f90,59,INTEGER,False,0,,1,src/contaminant/CMmod.f90
NCETOP,COLM_C1,src/contaminant/column/colm_c1.f90,60,INTEGER,False,1,src/frame/FRmod.f90,1,src/contaminant/CMmod.f90
NCEPSF,COLM_C1,src/contaminant/column/colm_c1.f90,61,INTEGER,False,0,,1,src/contaminant/CMmod.f90
ICAP,COLM_C2,src/contaminant/column/colm_c2.f90,49,DOUBLEPRECISION,False,0,,1,src/contaminant/CMmod.f90
ICAPT,COLM_C2,src/contaminant/column/colm_c2.f90,50,DOUBLEPRECISION,False,0,,1,src/contaminant/CMmod.f90
ICAPC,COLM_C2,src/contaminant/column/colm_c2.f90,51,DOUBLEPRECISION,False,0,,1,src/contaminant/CMmod.f90
QCAP,COLM_C2,src/contaminant/column/colm_c2.f90,52,DOUBLEPRECISION,False,0,,1,src/contaminant/CMmod.f90
QCAPT,COLM_C2,src/contaminant/column/colm_c2.f90,53,DOUBLEPRECISION,False,0,,1,src/contaminant/CMmod.f90
QCAPC,COLM_C2,src/contaminant/column/colm_c2.f90,54,DOUBLEPRECISION,False,0,,1,src/contaminant/CMmod.f90
DDA,COLM_C2,src/contaminant/column/colm_c2.f90,56,DOUBLEPRECISION,False,0,,1,src/contaminant/CMmod.f90
DDB,COLM_C2,src/contaminant/column/colm_c2.f90,57,DOUBLEPRECISION,False,0,,1,src/contaminant/CMmod.f90
DDDLS,COLM_C2,src/contaminant/column/colm_c2.f90,58,DOUBLEPRECISION,False,0,,1,src/contaminant/CMmod.f90
DDDLS1,COLM_C2,src/contaminant/column/colm_c2.f90,59,DOUBLEPRECISION,False,0,,1,src/contaminant/CMmod.f90
DDDSW,COLM_C2,src/contaminant/column/colm_c2.f90,60,DOUBLEPRECISION,False,0,,1,src/contaminant/CMmod.f90
DDDSW1,COLM_C2,src/contaminant/column/colm_c2.f90,61,DOUBLEPRECISION,False,0,,1,src/contaminant/CMmod.f90
GGGNU,COLM_C2,src/contaminant/column/colm_c2.f90,62,DOUBLEPRECISION,False,0,,1,src/contaminant/CMmod.f90
GGGNU1,COLM_C2,src/contaminant/column/colm_c2.f90,63,DOUBLEPRECISION,False,0,,1,src/contaminant/CMmod.f90
KSP,COLM_C2,src/contaminant/column/colm_c2.f90,64,DOUBLEPRECISION,False,0,,1,src/contaminant/CMmod.f90
KSPP,COLM_C2,src/contaminant/column/colm_c2.f90,65,DOUBLEPRECISION,False,0,,1,src/contaminant/CMmod.f90
ZONE,COLM_C2,src/contaminant/column/colm_c2.f90,66,DOUBLEPRECISION,False,0,,1,src/contaminant/CMmod.f90
ZONE1,COLM_C2,src/contaminant/column/colm_c2.f90,67,DOUBLEPRECISION,False,0,,1,src/contaminant/CMmod.f90
TTTLSE,COLM_C2,src/contaminant/column/colm_c2.f90,69,DOUBLEPRECISION,False,0,,1,src/contaminant/CMmod.f90
QQQSW,COLM_C2,src/contaminant/column/colm_c2.f90,71,DOUBLEPRECISION,False,0,,1,src/contaminant/CMmod.f90
QQQSW1,COLM_C2,src/contaminant/column/colm_c2.f90,72,DOUBLEPRECISION,False,0,,1,src/contaminant/CMmod.f90
GGAMM,COLM_C2,src/contaminant/column/colm_c2.f90,74,DOUBLEPRECISION,False,0,,1,src/contaminant/CMmod.f90
GGAMM1,COLM_C2,src/contaminant/column/colm_c2.f90,75,DOUBLEPRECISION,False,0,,1,src/contaminant/CMmod.f90
PPHI,COLM_C2,src/contaminant/column/colm_c2.f90,76,DOUBLEPRECISION,False,0,,1,src/contaminant/CMmod.f90
PPHI1,COLM_C2,src/contaminant/column/colm_c2.f90,77,DOUBLEPRECISION,False,0,,1,src/contaminant/CMmod.f90
QQ,COLM_C2,src/contaminant/column/colm_c2.f90,78,DOUBLEPRECISION,False,0,,1,src/contaminant/CMmod.f90
QQ1,COLM_C2,src/contaminant/column/colm_c2.f90,79,DOUBLEPRECISION,False,0,,1,src/contaminant/CMmod.f90
TTHET,COLM_C2,src/contaminant/column/colm_c2.f90,80,DOUBLEPRECISION,False,0,,1,src/contaminant/CMmod.f90
TTHET1,COLM_C2,src/contaminant/column/colm_c2.f90,81,DOUBLEPRECISION,False,0,,1,src/contaminant/CMmod.f90
UUAJP,COLM_C2,src/contaminant/column/colm_c2.f90,82,DOUBLEPRECISION,False,0,,1,src/contaminant/CMmod.f90
UUAJP1,COLM_C2,src/contaminant/column/colm_c2.f90,83,DOUBLEPRECISION,False,0,,1,src/contaminant/CMmod.f90
QQRF,COLM_C2,src/contaminant/column/colm_c2.f90,85,DOUBLEPRECISION,False,0,,1,src/contaminant/CMmod.f90
QQRF1,COLM_C2,src/contaminant/column/colm_c2.f90,86,DOUBLEPRECISION,False,0,,1,src/contaminant/CMmod.f90
QI,COLM_C2,src/contaminant/column/colm_c2.f90,87,DOUBLEPRECISION,False,0,,1,src/contaminant/CMmod.f90
QI1,COLM_C2,src/contaminant/column/colm_c2.f90,88,DOUBLEPRECISION,False,0,,1,src/contaminant/CMmod.f90
GCAPLA,COLM_CC,src/contaminant/column/colm_cc.f90,62,DOUBLEPRECISION,False,0,,1,src/contaminant/CMmod.f90
CSWA,COLM_CC,src/contaminant/column/colm_cc.f90,64,DOUBLEPRECISION,False,0,,1,src/contaminant/CMmod.f90
CSWAT,COLM_CC,src/contaminant/column/colm_cc.f90,65,DOUBLEPRECISION,False,0,,1,src/contaminant/CMmod.f90
RRRSWA,COLM_CC,src/contaminant/column/colm_cc.f90,66,DOUBLEPRECISION,False,0,,1,src/contaminant/CMmod.f90
RRRSAT,COLM_CC,src/contaminant/column/colm_cc.f90,67,DOUBLEPRECISION,False,0,,1,src/contaminant/CMmod.f90
RRRLS,COLM_CC,src/contaminant/column/colm_cc.f90,68,DOUBLEPRECISION,False,0,,1,src/contaminant/CMmod.f90
RRRLSC,COLM_CC,src/contaminant/column/colm_cc.f90,69,DOUBLEPRECISION,False,0,,1,src/contaminant/CMmod.f90
RRRLST,COLM_CC,src/contaminant/column/colm_cc.f90,70,DOUBLEPRECISION,False,0,,1,src/contaminant/CMmod.f90
RRRSW,COLM_CC,src/contaminant/column/colm_cc.f90,71,DOUBLEPRECISION,False,0,,1,src/contaminant/CMmod.f90
RRRSWC,COLM_CC,src/contaminant/column/colm_cc.f90,72,DOUBLEPRECISION,False,0,,1,src/contaminant/CMmod.f90
RRRSWT,COLM_CC,src/contaminant/column/colm_cc.f90,73,DOUBLEPRECISION,False,0,,1,src/contaminant/CMmod.f90
CCAPA,COLM_CC,src/contaminant/column/colm_cc.f90,75,DOUBLEPRECISION,False,0,,1,src/contaminant/CMmod.f90
CCAPAT,COLM_CC,src/contaminant/column/colm_cc.f90,76,DOUBLEPRECISION,False,0,,1,src/contaminant/CMmod.f90
CCAP,COLM_CC,src/contaminant/column/colm_cc.f90,78,DOUBLEPRECISION,False,0,,1,src/contaminant/CMmod.f90
COLCAP,COLM_CC,src/contaminant/column/colm_cc.f90,79,DOUBLEPRECISION,False,0,,1,src/contaminant/CMmod.f90
SCAP,COLM_CC,src/contaminant/column/colm_cc.f90,80,DOUBLEPRECISION,False,0,,1,src/contaminant/CMmod.f90
SOLCAP,COLM_CC,src/contaminant/column/colm_cc.f90,81,DOUBLEPRECISION,False,0,,1,src/contaminant/CMmod.f90
EDCAP,COLM_CC,src/contaminant/column/colm_cc.f90,83,DOUBLEPRECISION,False,0,,1,src/contaminant/CMmod.f90
EDCAPC,COLM_CC,src/contaminant/column/colm_cc.f90,84,DOUBLEPRECISION,False,0,,1,src/contaminant/CMmod.f90
EDCAPT,COLM_CC,src/contaminant/column/colm_cc.f90,85,DOUBLEPRECISION,False,0,,1,src/contaminant/CMmod.f90
ESCAP,COLM_CC,src/contaminant/column/colm_cc.f90,86,DOUBLEPRECISION,False,0,,1,src/contaminant/CMmod.f90
ESCAPS,COLM_CC,src/contaminant/column/colm_cc.f90,87,DOUBLEPRECISION,False,0,,1,src/contaminant/CMmod.f90
ESCAPT,COLM_CC,src/contaminant/column/colm_cc.f90,88,DOUBLEPRECISION,False,0,,1,src/contaminant/CMmod.f90
ESSCAP,COLM_CC,src/contaminant/column/colm_cc.f90,89,DOUBLEPRECISION,False,0,,1,src/contaminant/CMmod.f90
ESSCPC,COLM_CC,src/contaminant/column/colm_cc.f90,90,DOUBLEPRECISION,False,0,,1,src/contaminant/CMmod.f90
ESSCPT,COLM_CC,src/contaminant/column/colm_cc.f90,91,DOUBLEPRECISION,False,0,,1,src/contaminant/CMmod.f90
DDOD,COLM_CC,src/contaminant/column/colm_cc.f90,93,DOUBLEPRECISION,False,0,,1,src/contaminant/CMmod.f90
DDOD1,COLM_CC,src/contaminant/column/colm_cc.f90,94,DOUBLEPRECISION,False,0,,1,src/contaminant/CMmod.f90
GNERD,COLM_CC,src/contaminant/column/colm_cc.f90,96,DOUBLEPRECISION,False,0,,1,src/contaminant/CMmod.f90
GNDSE,COLM_CC,src/contaminant/column/colm_cc.f90,97,DOUBLEPRECISION,False,0,,1,src/contaminant/CMmod.f90
GND2,COLM_CC,src/contaminant/column/colm_cc.f90,98,DOUBLEPRECISION,False,0,,1,src/contaminant/CMmod.f90
GNDSE2,COLM_CC,src/contaminant/column/colm_cc.f90,99,DOUBLEPRECISION,False,0,,1,src/contaminant/CMmod.f90
AALPSO,COLM_CC,src/contaminant/column/colm_cc.f90,101,DOUBLEPRECISION,False,0,,1,src/contaminant/CMmod.f90
FFSO,COLM_CC,src/contaminant/column/colm_cc.f90,102,DOUBLEPRECISION,False,0,,1,src/contaminant/CMmod.f90
GGNNSO,COLM_CC,src/contaminant/column/colm_cc.f90,103,DOUBLEPRECISION,False,0,,1,src/contaminant/CMmod.f90
KKDSO,COLM_CC,src/contaminant/column/colm_cc.f90,104,DOUBLEPRECISION,False,0,,1,src/contaminant/CMmod.f90
CCPRF,COLM_CC,src/contaminant/column/colm_cc.f90,106,DOUBLEPRECISION,False,0,,1,src/contaminant/CMmod.f90
CCPRFT,COLM_CC,src/contaminant/column/colm_cc.f90,107,DOUBLEPRECISION,False,0,,1,src/contaminant/CMmod.f90
DLT,COLM_CC1,src/contaminant/column/colm_cc1.f90,44,DOUBLEPRECISION,False,0,,1,src/contaminant/CMmod.f90
ELT,COLM_CC1,src/contaminant/column/colm_cc1.f90,45,DOUBLEPRECISION,False,0,,1,src/contaminant/CMmod.f90
ELTSTR,COLM_CC1,src/contaminant/column/colm_cc1.f90,46,DOUBLEPRECISION,False,0,,1,src/contaminant/CMmod.f90
EPS,COLM_CC1,src/contaminant/column/colm_cc1.f90,47,DOUBLEPRECISION,False,0,,1,src/contaminant/CMmod.f90
FLT,COLM_CC1,src/contaminant/column/colm_cc1.f90,48,DOUBLEPRECISION,False,0,,1,src/contaminant/CMmod.f90
GLT,COLM_CC1,src/contaminant/column/colm_cc1.f90,49,DOUBLEPRECISION,False,0,,1,src/contaminant/CMmod.f90
OME,COLM_CC1,src/contaminant/column/colm_cc1.f90,50,DOUBLEPRECISION,False,0,,1,src/contaminant/CMmod.f90
PLT,COLM_CC1,src/contaminant/column/colm_cc1.f90,51,DOUBLEPRECISION,False,0,,1,src/contaminant/CMmod.f90
PLTSTR,COLM_CC1,src/contaminant/column/colm_cc1.f90,52,DOUBLEPRECISION,False,0,,1,src/contaminant/CMmod.f90
QLT,COLM_CC1,src/contaminant/column/colm_cc1.f90,53,DOUBLEPRECISION,False,0,,1,src/contaminant/CMmod.f90
SLT,COLM_CC1,src/contaminant/column/colm_cc1.f90,54,DOUBLEPRECISION,False,0,,1,src/contaminant/CMmod.f90
TLT,COLM_CC1,src/contaminant/column/colm_cc1.f90,55,DOUBLEPRECISION,False,0,,1,src/contaminant/CMmod.f90
JBTLYR,COLM_CG,src/contaminant/column/colm_cg.f90,61,INTEGER,False,0,,0,
NCOLMB,COLM_CG,src/contaminant/column/colm_cg.f90,62,INTEGER,False,1,src/frame/FRmod.f90,1,src/contaminant/CMmod.f90
ZCOLMB,COLM_CG,src/contaminant/column/colm_cg.f90,64,DOUBLEPRECISION,False,1,src/frame/FRmod.f90,1,src/contaminant/CMmod.f90
SCL,COLM_CG,src/contaminant/column/colm_cg.f90,66,DOUBLEPRECISION,False,1,src/frame/FRmod.f90,0,
OODO,COLM_CG,src/contaminant/column/colm_cg.f90,67,DOUBLEPRECISION,False,1,src/frame/FRmod.f90,1,src/contaminant/CMmod.f90
JKZCOL,COLM_CG,src/contaminant/column/colm_cg.f90,69,INTEGER,False,1,src/frame/FRmod.f90,0,
JOLFN,COLM_CG,src/contaminant/column/colm_cg.f90,70,INTEGER,False,1,src/frame/FRmod.f90,0,
NOL,COLM_CG,src/contaminant/column/colm_cg.f90,71,INTEGER,False,1,src/frame/FRmod.f90,0,
NOLBT,COLM_CG,src/contaminant/column/colm_cg.f90,72,INTEGER,False,1,src/frame/FRmod.f90,1,src/contaminant/CMmod.f90
NOLCE,COLM_CG,src/contaminant/column/colm_cg.f90,73,INTEGER,False,1,src/frame/FRmod.f90,0,
NOLCEA,COLM_CG,src/contaminant/column/colm_cg.f90,74,INTEGER,False,1,src/frame/FRmod.f90,1,src/contaminant/CMmod.f90
WELDRA,COLM_CG,src/contaminant/column/colm_cg.f90,76,DOUBLEPRECISION,False,0,,1,src/contaminant/CMmod.f90
DSWO,COLM_CO,src/contaminant/column/colm_co.f90,76,DOUBLEPRECISION,False,1,src/frame/FRmod.f90,1,src/contaminant/CMmod.f90
QIO,COLM_CO,src/contaminant/column/colm_co.f90,77,DOUBLEPRECISION,False,1,src/frame/FRmod.f90,1,src/contaminant/CMmod.f90
QQRFO,COLM_CO,src/contaminant/column/colm_co.f90,78,DOUBLEPRECISION,False,1,src/frame/FRmod.f90,1,src/contaminant/CMmod.f90
RSZWLO,COLM_CO,src/contaminant/column/colm_co.f90,79,DOUBLEPRECISION,False,1,src/frame/FRmod.f90,1,src/contaminant/CMmod.f90
ZONEO,COLM_CO,src/contaminant/column/colm_co.f90,80,DOUBLEPRECISION,False,1,src/frame/FRmod.f90,1,src/contaminant/CMmod.f90
GGAMMO,COLM_CO,src/contaminant/column/colm_co.f90,81,DOUBLEPRECISION,False,1,src/frame/FRmod.f90,1,src/contaminant/CMmod.f90
QQQSWO,COLM_CO,src/contaminant/column/colm_co.f90,82,DOUBLEPRECISION,False,1,src/frame/FRmod.f90,1,src/contaminant/CMmod.f90
QQO,COLM_CO,src/contaminant/column/colm_co.f90,83,DOUBLEPRECISION,False,1,src/frame/FRmod.f90,1,src/contaminant/CMmod.f90
UUAJPO,COLM_CO,src/contaminant/column/colm_co.f90,84,DOUBLEPRECISION,False,1,src/frame/FRmod.f90,1,src/contaminant/CMmod.f90
VSTHEO,COLM_CO,src/contaminant/column/colm_co.f90,85,DOUBLEPRECISION,False,1,src/frame/FRmod.f90,1,src/contaminant/CMmod.f90
ISADNL,IS_CC,src/contaminant/is_cc.f90,49,LOGICAL,False,0,,1,src/contaminant/CMmod.f90
ISBK,IS_CC,src/contaminant/is_cc.f90,50,LOGICAL,False,0,,1,src/contaminant/CMmod.f90
ISFLXB,IS_CC,src/contaminant/is_cc.f90,51,LOGICAL,False,0,,1,src/contaminant/CMmod.f90
ISPLT,IS_CC,src/contaminant/is_cc.f90,52,LOGICAL,False,1,src/frame/FRmod.f90,1,src/contaminant/CMmod.f90
ISMN,IS_CC,src/contaminant/is_cc.f90,53,LOGICAL,False,1,src/frame/FRmod.f90,1,src/contaminant/CMmod.f90
ACPBD1,LINK_CC,src/contaminant/link/link_cc.f90,60,DOUBLEPRECISION,False,0,,1,src/contaminant/CMmod.f90
ACPBDT,LINK_CC,src/contaminant/link/link_cc.f90,61,DOUBLEPRECISION,False,0,,1,src/contaminant/CMmod.f90
ACPBS,LINK_CC,src/contaminant/link/link_cc.f90,62,DOUBLEPRECISION,False,0,,1,src/contaminant/CMmod.f90
ACSFA1,LINK_CC,src/contaminant/link/link_cc.f90,63,DOUBLEPRECISION,False,0,,1,src/contaminant/CMmod.f90
ACPSF1,LINK_CC,src/contaminant/link/link_cc.f90,64,DOUBLEPRECISION,False,0,,1,src/contaminant/CMmod.f90
ACPSFT,LINK_CC,src/contaminant/link/link_cc.f90,65,DOUBLEPRECISION,False,0,,1,src/contaminant/CMmod.f90
CCBD1Q,LINK_CC,src/contaminant/link/link_cc.f90,67,DOUBLEPRECISION,False,0,,1,src/contaminant/CMmod.f90
CCPBK,LINK_CC,src/contaminant/link/link_cc.f90,68,DOUBLEPRECISION,False,0,,1,src/contaminant/CMmod.f90
CCPGS1,LINK_CC,src/contaminant/link/link_cc.f90,69,DOUBLEPRECISION,False,0,,1,src/contaminant/CMmod.f90
CCBS1Q,LINK_CC,src/contaminant/link/link_cc.f90,70,DOUBLEPRECISION,False,0,,1,src/contaminant/CMmod.f90
CCSFA1,LINK_CC,src/contaminant/link/link_cc.f90,71,DOUBLEPRECISION,False,0,,1,src/contaminant/CMmod.f90
CCSF1Q,LINK_CC,src/contaminant/link/link_cc.f90,72,DOUBLEPRECISION,False,0,,1,src/contaminant/CMmod.f90
SCPBK,LINK_CC,src/contaminant/link/link_cc.f90,73,DOUBLEPRECISION,False,0,,1,src/contaminant/CMmod.f90
WCPBD1,LINK_CC,src/contaminant/link/link_cc.f90,75,DOUBLEPRECISION,False,0,,1,src/contaminant/CMmod.f90
VCPBK1,LINK_CC,src/contaminant/link/link_cc.f90,76,DOUBLEPRECISION,False,0,,1,src/contaminant/CMmod.f90
ICP1,LINK_CC,src/contaminant/link/link_cc.f90,78,DOUBLEPRECISION,False,0,,1,src/contaminant/CMmod.f90
ICPSBD,LINK_CC,src/contaminant/link/link_cc.f90,79,DOUBLEPRECISION,False,0,,1,src/contaminant/CMmod.f90
ICSBDC,LINK_CC,src/contaminant/link/link_cc.f90,80,DOUBLEPRECISION,False,0,,1,src/contaminant/CMmod.f90
ICSBDT,LINK_CC,src/contaminant/link/link_cc.f90,81,DOUBLEPRECISION,False,0,,1,src/contaminant/CMmod.f90
ICPSBS,LINK_CC,src/contaminant/link/link_cc.f90,82,DOUBLEPRECISION,False,0,,1,src/contaminant/CMmod.f90
ICSBSC,LINK_CC,src/contaminant/link/link_cc.f90,83,DOUBLEPRECISION,False,0,,1,src/contaminant/CMmod.f90
ICSBST,LINK_CC,src/contaminant/link/link_cc.f90,84,DOUBLEPRECISION,False,0,,1,src/contaminant/CMmod.f90
QCP1,LINK_CC,src/contaminant/link/link_cc.f90,85,DOUBLEPRECISION,False,0,,1,src/contaminant/CMmod.f90
FCPBD,LINK_CC,src/contaminant/link/link_cc.f90,87,DOUBLEPRECISION,False,0,,1,src/contaminant/CMmod.f90
FCPBDC,LINK_CC,src/contaminant/link/link_cc.f90,88,DOUBLEPRECISION,False,0,,1,src/contaminant/CMmod.f90
FCBD1Q,LINK_CC,src/contaminant/link/link_cc.f90,89,DOUBLEPRECISION,False,0,,1,src/contaminant/CMmod.f90
FCPBDT,LINK_CC,src/contaminant/link/link_cc.f90,90,DOUBLEPRECISION,False,0,,1,src/contaminant/CMmod.f90
FCPBK,LINK_CC,src/contaminant/link/link_cc.f90,91,DOUBLEPRECISION,False,0,,1,src/contaminant/CMmod.f90
FCPBS,LINK_CC,src/contaminant/link/link_cc.f90,92,DOUBLEPRECISION,False,0,,1,src/contaminant/CMmod.f90
FCPBSC,LINK_CC,src/contaminant/link/link_cc.f90,93,DOUBLEPRECISION,False,0,,1,src/contaminant/CMmod.f90
FCBS1Q,LINK_CC,src/contaminant/link/link_cc.f90,94,DOUBLEPRECISION,False,0,,1,src/contaminant/CMmod.f90
FCPBST,LINK_CC,src/contaminant/link/link_cc.f90,95,DOUBLEPRECISION,False,0,,1,src/contaminant/CMmod.f90
FCPSW1,LINK_CC,src/contaminant/link/link_cc.f90,96,DOUBLEPRECISION,False,0,,1,src/contaminant/CMmod.f90
FCPSD,LINK_CC,src/contaminant/link/link_cc.f90,97,DOUBLEPRECISION,False,0,,1,src/contaminant/CMmod.f90
FCPSDC,LINK_CC,src/contaminant/link/link_cc.f90,98,DOUBLEPRECISION,False,0,,1,src/contaminant/CMmod.f90
FCPSDT,LINK_CC,src/contaminant/link/link_cc.f90,99,DOUBLEPRECISION,False,0,,1,src/contaminant/CMmod.f90
FCPSF,LINK_CC,src/contaminant/link/link_cc.f90,100,DOUBLEPRECISION,False,0,,1,src/contaminant/CMmod.f90
FCSFA1,LINK_CC,src/contaminant/link/link_cc.f90,101,DOUBLEPRECISION,False,0,,1,src/contaminant/CMmod.f90
FCPSFC,LINK_CC,src/contaminant/link/link_cc.f90,102,DOUBLEPRECISION,False,0,,1,src/contaminant/CMmod.f90
FCSF1Q,LINK_CC,src/contaminant/link/link_cc.f90,103,DOUBLEPRECISION,False,0,,1,src/contaminant/CMmod.f90
FCPSFT,LINK_CC,src/contaminant/link/link_cc.f90,104,DOUBLEPRECISION,False,0,,1,src/contaminant/CMmod.f90
GCPBK,LINK_CC,src/contaminant/link/link_cc.f90,105,DOUBLEPRECISION,False,0,,1,src/contaminant/CMmod.f90
NCEBK,LINK_CC,src/contaminant/link/link_cc.f90,107,INTEGER,False,0,,1,src/contaminant/CMmod.f90
PCPBK1,LINK_CC,src/contaminant/link/link_cc.f90,109,DOUBLEPRECISION,False,0,,1,src/contaminant/CMmod.f90
PCPSB1,LINK_CC,src/contaminant/link/link_cc.f90,110,DOUBLEPRECISION,False,0,,1,src/contaminant/CMmod.f90
PCSFA1,LINK_CC,src/contaminant/link/link_cc.f90,111,DOUBLEPRECISION,False,0,,1,src/contaminant/CMmod.f90
PCPSW1,LINK_CC,src/contaminant/link/link_cc.f90,112,DOUBLEPRECISION,False,0,,1,src/contaminant/CMmod.f90
PCSFM1,LINK_CC,src/contaminant/link/link_cc.f90,113,DOUBLEPRECISION,False,0,,1,src/contaminant/CMmod.f90
PCSFP1,LINK_CC,src/contaminant/link/link_cc.f90,114,DOUBLEPRECISION,False,0,,1,src/contaminant/CMmod.f90
ECPBD,LINK_CC,src/contaminant/link/link_cc.f90,116,DOUBLEPRECISION,False,0,,1,src/contaminant/CMmod.f90
ECPBDC,LINK_CC,src/contaminant/link/link_cc.f90,117,DOUBLEPRECISION,False,0,,1,src/contaminant/CMmod.f90
ECPBDT,LINK_CC,src/contaminant/link/link_cc.f90,118,DOUBLEPRECISION,False,0,,1,src/contaminant/CMmod.f90
ECPBS,LINK_CC,src/contaminant/link/link_cc.f90,119,DOUBLEPRECISION,False,0,,1,src/contaminant/CMmod.f90
ECPBSC,LINK_CC,src/contaminant/link/link_cc.f90,120,DOUBLEPRECISION,False,0,,1,src/contaminant/CMmod.f90
ECPBST,LINK_CC,src/contaminant/link/link_cc.f90,121,DOUBLEPRECISION,False,0,,1,src/contaminant/CMmod.f90
ECPSF,LINK_CC,src/contaminant/link/link_cc.f90,122,DOUBLEPRECISION,False,0,,1,src/contaminant/CMmod.f90
ECPSFC,LINK_CC,src/contaminant/link/link_cc.f90,123,DOUBLEPRECISION,False,0,,1,src/contaminant/CMmod.f90
ECPSFT,LINK_CC,src/contaminant/link/link_cc.f90,124,DOUBLEPRECISION,False,0,,1,src/contaminant/CMmod.f90
USCP,LINK_CC,src/contaminant/link/link_cc.f90,126,DOUBLEPRECISION,False,0,,1,src/contaminant/CMmod.f90
ACSBD1,LINK_CC,src/contaminant/link/link_cc.f90,128,DOUBLEPRECISION,False,0,,1,src/contaminant/CMmod.f90
ACSBS1,LINK_CC,src/contaminant/link/link_cc.f90,129,DOUBLEPRECISION,False,0,,1,src/contaminant/CMmod.f90
GCPLAL,LINK_CC,src/contaminant/link/link_cc.f90,130,DOUBLEPRECISION,False,0,,1,src/contaminant/CMmod.f90
GCPLAQ,LINK_CC,src/contaminant/link/link_cc.f90,131,DOUBLEPRECISION,False,0,,1,src/contaminant/CMmod.f90
KS,LINK_CC1,src/contaminant/link/link_cc1.f90,47,DOUBLEPRECISION,False,0,,1,src/contaminant/CMmod.f90
KSPBK,LINK_CC1,src/contaminant/link/link_cc1.f90,48,DOUBLEPRECISION,False,0,,1,src/contaminant/CMmod.f90
ACPBDO,LINK_CW,src/contaminant/link/link_cw.f90,72,DOUBLEPRECISION,False,1,src/frame/FRmod.f90,1,src/contaminant/CMmod.f90
ACPBSG,LINK_CW,src/contaminant/link/link_cw.f90,73,DOUBLEPRECISION,False,1,src/frame/FRmod.f90,1,src/contaminant/CMmod.f90
ACPBI,LINK_CW,src/contaminant/link/link_cw.f90,74,DOUBLEPRECISION,False,1,src/frame/FRmod.f90,1,src/contaminant/CMmod.f90
ACPSFO,LINK_CW,src/contaminant/link/link_cw.f90,75,DOUBLEPRECISION,False,1,src/frame/FRmod.f90,1,src/contaminant/CMmod.f90
DBS,LINK_CW,src/contaminant/link/link_cw.f90,77,DOUBLEPRECISION,False,1,src/frame/FRmod.f90,1,src/contaminant/CMmod.f90
DBDI,LINK_CW,src/contaminant/link/link_cw.f90,78,DOUBLEPRECISION,False,1,src/frame/FRmod.f90,1,src/contaminant/CMmod.f90
LENDA,LINK_CW,src/contaminant/link/link_cw.f90,80,INTEGER,False,0,,1,src/contaminant/CMmod.f90
THBED,LINK_CW,src/contaminant/link/link_cw.f90,82,DOUBLEPRECISION,False,1,src/frame/FRmod.f90,1,src/contaminant/CMmod.f90
THBEDO,LINK_CW,src/contaminant/link/link_cw.f90,83,DOUBLEPRECISION,False,1,src/frame/FRmod.f90,1,src/contaminant/CMmod.f90
NTEMP1,PLANT_CC,src/contaminant/plant_cc.f90,70,INTEGER,True,0,,0,
NTEMP2,PLANT_CC,src/contaminant/plant_cc.f90,71,INTEGER,True,0,,0,
GENAA,PLANT_CC,src/contaminant/plant_cc.f90,73,DOUBLEPRECISION,False,0,,1,src/contaminant/CMmod.f90
GENBB,PLANT_CC,src/contaminant/plant_cc.f90,74,DOUBLEPRECISION,False,0,,1,src/contaminant/CMmod.f90
GCPL,PLANT_CC,src/contaminant/plant_cc.f90,75,DOUBLEPRECISION,False,0,,1,src/contaminant/CMmod.f90
GMCPAA,PLANT_CC,src/contaminant/plant_cc.f90,76,DOUBLEPRECISION,False,0,,1,src/contaminant/CMmod.f90
GMCPBB,PLANT_CC,src/contaminant/plant_cc.f90,77,DOUBLEPRECISION,False,0,,1,src/contaminant/CMmod.f90
GMCBBD,PLANT_CC,src/contaminant/plant_cc.f90,78,DOUBLEPRECISION,False,0,,1,src/contaminant/CMmod.f90
QCPAA,PLANT_CC,src/contaminant/plant_cc.f90,79,DOUBLEPRECISION,False,0,,1,src/contaminant/CMmod.f90
QCPBB,PLANT_CC,src/contaminant/plant_cc.f90,80,DOUBLEPRECISION,False,0,,1,src/contaminant/CMmod.f90
RHOPL,PLANT_CC,src/contaminant/plant_cc.f90,81,DOUBLEPRECISION,False,0,,1,src/contaminant/CMmod.f90
BCPAA,PLANT_CC,src/contaminant/plant_cc.f90,83,DOUBLEPRECISION,False,0,,1,src/contaminant/CMmod.f90
BCPBB,PLANT_CC,src/contaminant/plant_cc.f90,84,DOUBLEPRECISION,False,0,,1,src/contaminant/CMmod.f90
DELONE,PLANT_CC,src/contaminant/plant_cc.f90,86,DOUBLEPRECISION,False,1,src/frame/FRmod.f90,1,src/contaminant/CMmod.f90
DELTWO,PLANT_CC,src/contaminant/plant_cc.f90,87,DOUBLEPRECISION,False,0,,1,src/contaminant/CMmod.f90
DELTHR,PLANT_CC,src/contaminant/plant_cc.f90,88,DOUBLEPRECISION,False,0,,1,src/contaminant/CMmod.f90
DELFOU,PLANT_CC,src/contaminant/plant_cc.f90,89,DOUBLEPRECISION,False,0,,1,src/contaminant/CMmod.f90
FLEFT,PLANT_CC,src/contaminant/plant_cc.f90,90,DOUBLEPRECISION,False,0,,1,src/contaminant/CMmod.f90
GMCBBO,PLANT_CC,src/contaminant/plant_cc.f90,92,DOUBLEPRECISION,False,1,src/frame/FRmod.f90,1,src/contaminant/CMmod.f90
NPL,PLANT_CC,src/contaminant/plant_cc.f90,94,INTEGER,False,1,src/frame/FRmod.f90,1,src/contaminant/CMmod.f90
NPLTYP,PLANT_CC,src/contaminant/plant_cc.f90,95,INTEGER,False,1,src/frame/FRmod.f90,1,src/contaminant/CMmod.f90
NPLT,PLANT_CC,src/contaminant/plant_cc.f90,96,INTEGER,False,1,src/frame/FRmod.f90,1,src/contaminant/CMmod.f90
PKMAX,PLANT_CC,src/contaminant/plant_cc.f90,98,DOUBLEPRECISION,False,1,src/frame/FRmod.f90,1,src/contaminant/CMmod.f90
PMASS,PLANT_CC,src/contaminant/plant_cc.f90,99,DOUBLEPRECISION,False,1,src/frame/FRmod.f90,1,src/contaminant/CMmod.f90
PFONE,PLANT_CC,src/contaminant/plant_cc.f90,101,DOUBLEPRECISION,False,1,src/frame/FRmod.f90,1,src/contaminant/CMmod.f90
PFTWO,PLANT_CC,src/contaminant/plant_cc.f90,102,DOUBLEPRECISION,False,0,,1,src/contaminant/CMmod.f90
PF2MAX,PLANT_CC,src/contaminant/plant_cc.f90,103,DOUBLEPRECISION,False,1,src/frame/FRmod.f90,1,src/contaminant/CMmod.f90
PDZF3,PLANT_CC,src/contaminant/plant_cc.f90,104,DOUBLEPRECISION,False,1,src/frame/FRmod.f90,1,src/contaminant/CMmod.f90
XXI,PLANT_CC,src/contaminant/plant_cc.f90,106,DOUBLEPRECISION,False,0,,1,src/contaminant/CMmod.f90
DLSO,SED_CO,src/contaminant/sed_co.f90,55,DOUBLEPRECISION,False,1,src/frame/FRmod.f90,1,src/contaminant/CMmod.f90
GNUO,SED_CO,src/contaminant/sed_co.f90,56,DOUBLEPRECISION,False,1,src/frame/FRmod.f90,1,src/contaminant/CMmod.f90
FBETAO,SED_CO,src/contaminant/sed_co.f90,58,DOUBLEPRECISION,False,0,,1,src/contaminant/CMmod.f90
FDELO,SED_CO,src/contaminant/sed_co.f90,59,DOUBLEPRECISION,False,1,src/frame/FRmod.f90,1,src/contaminant/CMmod.f90
FBBEDO,SED_CO,src/contaminant/sed_co.f90,60,DOUBLEPRECISION,False,1,src/frame/FRmod.f90,1,src/contaminant/CMmod.f90
FBTSDO,SED_CO,src/contaminant/sed_co.f90,61,DOUBLEPRECISION,False,1,src/frame/FRmod.f90,1,src/contaminant/CMmod.f90
R8P,mod_parameters,src/core/mod_parameters.f90,56,integer,True,2,src/core/sglobal.f90;src/util/tolerance_testing.f90,2,src/overland_channel/ZQmod.f90;src/util/mod_load_filedata.f90
R4P,mod_parameters,src/core/mod_parameters.f90,57,integer,True,0,,0,
R_P,mod_parameters,src/core/mod_parameters.f90,58,integer,True,0,,0,
I8P,mod_parameters,src/core/mod_parameters.f90,60,integer,True,0,,0,
I4P,mod_parameters,src/core/mod_parameters.f90,61,integer,True,0,,0,
I2P,mod_parameters,src/core/mod_parameters.f90,62,integer,True,0,,0,
I1P,mod_parameters,src/core/mod_parameters.f90,63,integer,True,0,,0,
I_P,mod_parameters,src/core/mod_parameters.f90,64,integer,True,27,src/contaminant/CONT_CC.F90;src/contaminant/column/colm_cg.f90;src/contaminant/column/colm_co.f90;src/core/sglobal.f90;src/core/state/AL_C.F90;src/driver/rest.f90;src/driver/run_sim.f90;src/evapotranspiration/ETmod.f90;src/frame/FRmod.f90;src/nitrate/MNmod.f90;src/overland_channel/OCmod.f90;src/overland_channel/OCmod2.f90;src/sediment/SYmod.f90;src/snow/SMmod.f90;src/subsurface/VSmod.f90;src/util/mod_error.f90;src/util/tolerance_testing.f90;src/visualisation/visualisation_extras.f90;src/visualisation/visualisation_hdf5.f90;src/visualisation/visualisation_interface_centre.f90;src/visualisation/visualisation_interface_left.f90;src/visualisation/visualisation_interface_right.f90;src/visualisation/visualisation_map.f90;src/visualisation/visualisation_metadata.f90;src/visualisation/visualisation_pass.f90;src/visualisation/visualisation_read_parser.f90;src/visualisation/visualisation_structure.f90,3,src/driver/getdirqq.f90;src/overland_channel/ZQmod.f90;src/util/mod_load_filedata.f90
LENGTH_FILEPATH,mod_parameters,src/core/mod_parameters.f90,68,integer(kind=I_P),True,3,src/core/sglobal.f90;src/frame/FRmod.f90;src/util/mod_error.f90,1,src/driver/getdirqq.f90
LENGTH_LINE,mod_parameters,src/core/mod_parameters.f90,69,integer(kind=I_P),True,26,src/contaminant/CONT_CC.F90;src/contaminant/column/colm_cg.f90;src/contaminant/column/colm_co.f90;src/core/state/AL_C.F90;src/driver/rest.f90;src/driver/run_sim.f90;src/evapotranspiration/ETmod.f90;src/frame/FRmod.f90;src/nitrate/MNmod.f90;src/overland_channel/OCmod.f90;src/overland_channel/OCmod2.f90;src/sediment/SYmod.f90;src/snow/SMmod.f90;src/subsurface/VSmod.f90;src/util/mod_error.f90;src/util/utilsmod.f90;src/visualisation/visualisation_extras.f90;src/visualisation/visualisation_hdf5.f90;src/visualisation/visualisation_interface_centre.f90;src/visualisation/visualisation_interface_left.f90;src/visualisation/visualisation_interface_right.f90;src/visualisation/visualisation_map.f90;src/visualisation/visualisation_metadata.f90;src/visualisation/visualisation_pass.f90;src/visualisation/visualisation_read_parser.f90;src/visualisation/visualisation_structure.f90,3,src/driver/getdirqq.f90;src/overland_channel/ZQmod.f90;src/util/mod_load_filedata.f90
LENGTH_LINELONG,mod_parameters,src/core/mod_parameters.f90,70,integer(kind=I_P),True,1,src/visualisation/visualisation_read_parser.f90,0,
LENGTH_LINEVERYLONG,mod_parameters,src/core/mod_parameters.f90,71,integer(kind=I_P),True,1,src/driver/rest.f90,0,
LENGTH_TEXT_R8P,mod_parameters,src/core/mod_parameters.f90,72,integer(kind=I_P),True,1,src/driver/rest.f90,0,
NAN_REAL_R8P,mod_parameters,src/core/mod_parameters.f90,76,real(kind=R8P),True,0,,0,
NAN_REAL_R_P,mod_parameters,src/core/mod_parameters.f90,77,real(kind=R_P),True,0,,0,
NAN_INT_I4P,mod_parameters,src/core/mod_parameters.f90,78,integer(kind=I_P),True,0,,0,
NAN_INT_I_P,mod_parameters,src/core/mod_parameters.f90,79,integer(kind=I_P),True,0,,0,
SHEVER,sglobal,src/core/sglobal.f90,111,REAL(KIND=R8P),True,1,src/visualisation/visualisation_interface_left.f90,1,src/frame/FRmod.f90
BDEVER,sglobal,src/core/sglobal.f90,112,LOGICAL,True,0,,1,src/frame/FRmod.f90
BANNER,sglobal,src/core/sglobal.f90,113,CHARACTER(*),True,0,,1,src/frame/FRmod.f90
RUNFIL,sglobal,src/core/sglobal.f90,114,CHARACTER(*),True,0,,1,src/Shetran.f90
nxee,sglobal,src/core/sglobal.f90,119,INTEGER(KIND=I_P),True,4,src/core/state/AL_C.F90;src/core/state/AL_D.f90;src/core/state/AL_G.F90;src/nitrate/MNmod.f90,6,src/contaminant/CMmod.f90;src/frame/FRmod.f90;src/overland_channel/OCmod.f90;src/sediment/SYmod.f90;src/util/mod_load_filedata.f90;src/util/utilsmod.f90
nyee,sglobal,src/core/sglobal.f90,120,INTEGER(KIND=I_P),True,4,src/core/state/AL_C.F90;src/core/state/AL_D.f90;src/core/state/AL_G.F90;src/nitrate/MNmod.f90,6,src/contaminant/CMmod.f90;src/frame/FRmod.f90;src/overland_channel/OCmod.f90;src/sediment/SYmod.f90;src/util/mod_load_filedata.f90;src/util/utilsmod.f90
nlfee,sglobal,src/core/sglobal.f90,121,INTEGER(KIND=I_P),True,9,src/contaminant/CONT_CC.F90;src/contaminant/bk_cw.f90;src/contaminant/link/link_cw.f90;src/contaminant/plant_cc.f90;src/contaminant/sed_co.f90;src/core/state/AL_C.F90;src/core/state/AL_D.f90;src/nitrate/MNmod.f90;src/sediment/SED_CS.F90,8,src/contaminant/CMmod.f90;src/frame/FRmod.f90;src/overland_channel/OCQDQMOD.F90;src/overland_channel/OCmod.f90;src/overland_channel/OCmod2.f90;src/sediment/SYmod.f90;src/subsurface/VSmod.f90;src/util/mod_load_filedata.f90
nelee,sglobal,src/core/sglobal.f90,122,INTEGER(KIND=I_P),True,10,src/contaminant/CONT_CC.F90;src/contaminant/column/colm_cg.f90;src/contaminant/column/colm_co.f90;src/contaminant/plant_cc.f90;src/contaminant/sed_co.f90;src/core/state/AL_C.F90;src/core/state/AL_D.f90;src/core/state/AL_G.F90;src/nitrate/MNmod.f90;src/sediment/SED_CS.F90,10,src/contaminant/CMmod.f90;src/driver/rest.f90;src/frame/FRmod.f90;src/overland_channel/OCQDQMOD.F90;src/overland_channel/OCmod.f90;src/overland_channel/OCmod2.f90;src/sediment/SYmod.f90;src/subsurface/VSmod.f90;src/util/mod_load_filedata.f90;src/util/utilsmod.f90
LLEE,sglobal,src/core/sglobal.f90,123,INTEGER(KIND=I_P),True,13,src/contaminant/CONT_CC.F90;src/contaminant/bk_cw.f90;src/contaminant/column/colm_c2.f90;src/contaminant/column/colm_cc.f90;src/contaminant/column/colm_cc1.f90;src/contaminant/column/colm_cg.f90;src/contaminant/column/colm_co.f90;src/contaminant/link/link_cc.f90;src/contaminant/link/link_cc1.f90;src/contaminant/plant_cc.f90;src/core/state/AL_C.F90;src/core/state/AL_D.f90;src/nitrate/MNmod.f90,5,src/contaminant/CMmod.f90;src/evapotranspiration/ETmod.f90;src/frame/FRmod.f90;src/subsurface/VSmod.f90;src/util/mod_load_filedata.f90
NVEE,sglobal,src/core/sglobal.f90,125,INTEGER(KIND=I_P),True,4,src/contaminant/column/colm_cg.f90;src/core/state/AL_C.F90;src/core/state/AL_D.f90;src/nitrate/MNmod.f90,5,src/driver/rest.f90;src/evapotranspiration/ETmod.f90;src/frame/FRmod.f90;src/sediment/SYmod.f90;src/snow/SMmod.f90
NSEE,sglobal,src/core/sglobal.f90,126,INTEGER(KIND=I_P),True,4,src/contaminant/CONT_CC.F90;src/core/state/AL_C.F90;src/nitrate/MNmod.f90;src/sediment/SED_CS.F90,4,src/contaminant/CMmod.f90;src/frame/FRmod.f90;src/sediment/SYmod.f90;src/subsurface/VSmod.f90
NVSEE,sglobal,src/core/sglobal.f90,127,INTEGER(KIND=I_P),True,1,src/core/state/AL_C.F90,2,src/frame/FRmod.f90;src/subsurface/VSmod.f90
NVBP,sglobal,src/core/sglobal.f90,128,INTEGER(KIND=I_P),True,0,,2,src/evapotranspiration/ETmod.f90;src/frame/FRmod.f90
NUZTAB,sglobal,src/core/sglobal.f90,129,INTEGER(KIND=I_P),True,0,,2,src/evapotranspiration/ETmod.f90;src/frame/FRmod.f90
NLYREE,sglobal,src/core/sglobal.f90,130,INTEGER(KIND=I_P),True,2,src/core/state/AL_C.F90;src/nitrate/MNmod.f90,3,src/frame/FRmod.f90;src/sediment/SYmod.f90;src/subsurface/VSmod.f90
NSETEE,sglobal,src/core/sglobal.f90,131,INTEGER(KIND=I_P),True,1,src/core/state/AL_D.f90,0,
NOCTAB,sglobal,src/core/sglobal.f90,132,INTEGER(KIND=I_P),True,1,src/core/state/AL_D.f90,3,src/frame/FRmod.f90;src/overland_channel/OCQDQMOD.F90;src/overland_channel/OCmod.f90
NSEDEE,sglobal,src/core/sglobal.f90,133,INTEGER(KIND=I_P),True,4,src/contaminant/CONT_CC.F90;src/contaminant/sed_co.f90;src/core/state/AL_C.F90;src/sediment/SED_CS.F90,3,src/contaminant/CMmod.f90;src/frame/FRmod.f90;src/sediment/SYmod.f90
NCONEE,sglobal,src/core/sglobal.f90,134,INTEGER(KIND=I_P),True,4,src/contaminant/CONT_CC.F90;src/contaminant/plant_cc.f90;src/core/state/AL_D.f90;src/nitrate/MNmod.f90,2,src/contaminant/CMmod.f90;src/frame/FRmod.f90
NOLEE,sglobal,src/core/sglobal.f90,135,INTEGER(KIND=I_P),True,1,src/contaminant/column/colm_cg.f90,1,src/frame/FRmod.f90
NPLTEE,sglobal,src/core/sglobal.f90,136,INTEGER(KIND=I_P),True,2,src/contaminant/plant_cc.f90;src/nitrate/MNmod.f90,1,src/frame/FRmod.f90
NPELEE,sglobal,src/core/sglobal.f90,137,INTEGER(KIND=I_P),True,2,src/contaminant/plant_cc.f90;src/nitrate/MNmod.f90,1,src/frame/FRmod.f90
max_no_snowmelt_slugs,sglobal,src/core/sglobal.f90,138,INTEGER(KIND=I_P),True,0,,2,src/frame/FRmod.f90;src/snow/SMmod.f90
NXSCEE,sglobal,src/core/sglobal.f90,139,INTEGER(KIND=I_P),True,0,,3,src/frame/FRmod.f90;src/overland_channel/OCmod.f90;src/overland_channel/OCmod2.f90
total_no_elements,sglobal,src/core/sglobal.f90,144,INTEGER(KIND=I_P),False,6,src/contaminant/CMmod.f90;src/contaminant/CONT_CC.F90;src/contaminant/column/colm_cg.f90;src/contaminant/column/colm_co.f90;src/core/state/AL_C.F90;src/visualisation/visualisation_interface_left.f90,9,src/driver/rest.f90;src/driver/run_sim.f90;src/evapotranspiration/ETmod.f90;src/frame/FRmod.f90;src/overland_channel/OCQDQMOD.F90;src/overland_channel/OCmod.f90;src/snow/SMmod.f90;src/subsurface/VSmod.f90;src/util/utilsmod.f90
total_no_links,sglobal,src/core/sglobal.f90,145,INTEGER(KIND=I_P),False,3,src/contaminant/CMmod.f90;src/contaminant/CONT_CC.F90;src/visualisation/visualisation_interface_left.f90,8,src/driver/rest.f90;src/driver/run_sim.f90;src/frame/FRmod.f90;src/overland_channel/OCQDQMOD.F90;src/overland_channel/OCmod.f90;src/overland_channel/OCmod2.f90;src/subsurface/VSmod.f90;src/util/utilsmod.f90
top_cell_no,sglobal,src/core/sglobal.f90,146,INTEGER(KIND=I_P),False,5,src/contaminant/CONT_CC.F90;src/contaminant/column/colm_cg.f90;src/contaminant/column/colm_co.f90;src/core/state/AL_C.F90;src/visualisation/visualisation_interface_left.f90,5,src/driver/rest.f90;src/driver/run_sim.f90;src/evapotranspiration/ETmod.f90;src/frame/FRmod.f90;src/subsurface/VSmod.f90
szmonte,sglobal,src/core/sglobal.f90,147,INTEGER(KIND=I_P),False,0,,0,
ran2monte1,sglobal,src/core/sglobal.f90,148,INTEGER(KIND=I_P),False,0,,0,
ran2monte2,sglobal,src/core/sglobal.f90,149,INTEGER(KIND=I_P),False,0,,0,
pcmonte,sglobal,src/core/sglobal.f90,150,INTEGER(KIND=I_P),False,0,,0,
montec,sglobal,src/core/sglobal.f90,151,INTEGER(KIND=I_P),False,0,,0,
DIRQQ,sglobal,src/core/sglobal.f90,152,CHARACTER(LEN=LENGTH_FILEPATH),False,1,src/visualisation/visualisation_interface_left.f90,3,src/Shetran.f90;src/driver/run_sim.f90;src/frame/FRmod.f90
filnam,sglobal,src/core/sglobal.f90,153,CHARACTER(LEN=LENGTH_FILEPATH),False,0,,3,src/Shetran.f90;src/frame/FRmod.f90;src/util/mod_load_filedata.f90
cnam,sglobal,src/core/sglobal.f90,154,CHARACTER(LEN=LENGTH_FILEPATH),False,0,,3,src/Shetran.f90;src/driver/run_sim.f90;src/frame/FRmod.f90
rootdir,sglobal,src/core/sglobal.f90,155,CHARACTER(LEN=LENGTH_FILEPATH),False,2,src/util/mod_error.f90;src/visualisation/visualisation_interface_left.f90,1,src/Shetran.f90
hdf5filename,sglobal,src/core/sglobal.f90,156,CHARACTER(LEN=LENGTH_FILEPATH),False,1,src/visualisation/visualisation_interface_left.f90,1,src/frame/FRmod.f90
visualisation_plan_filename,sglobal,src/core/sglobal.f90,157,CHARACTER(LEN=LENGTH_FILEPATH),False,1,src/visualisation/visualisation_interface_left.f90,1,src/frame/FRmod.f90
visualisation_check_filename,sglobal,src/core/sglobal.f90,158,CHARACTER(LEN=LENGTH_FILEPATH),False,1,src/visualisation/visualisation_interface_left.f90,1,src/frame/FRmod.f90
UZNOW,sglobal,src/core/sglobal.f90,159,REAL(KIND=R8P),False,4,src/contaminant/CMmod.f90;src/overland_channel/ZQmod.f90;src/util/mod_error.f90;src/visualisation/visualisation_interface_left.f90,6,src/Shetran.f90;src/driver/rest.f90;src/driver/run_sim.f90;src/frame/FRmod.f90;src/sediment/SYmod.f90;src/subsurface/VSmod.f90
cellarea,sglobal,src/core/sglobal.f90,160,REAL(KIND=R8P),False,1,src/contaminant/CMmod.f90,7,src/driver/rest.f90;src/driver/run_sim.f90;src/evapotranspiration/ETmod.f90;src/frame/FRmod.f90;src/overland_channel/OCmod.f90;src/overland_channel/OCmod2.f90;src/subsurface/VSmod.f90
DXQQ,sglobal,src/core/sglobal.f90,161,REAL(KIND=R8P),False,2,src/contaminant/CMmod.f90;src/visualisation/visualisation_interface_left.f90,5,src/driver/run_sim.f90;src/frame/FRmod.f90;src/overland_channel/OCQDQMOD.F90;src/overland_channel/OCmod2.f90;src/sediment/SYmod.f90
DYQQ,sglobal,src/core/sglobal.f90,162,REAL(KIND=R8P),False,2,src/contaminant/CMmod.f90;src/visualisation/visualisation_interface_left.f90,5,src/driver/run_sim.f90;src/frame/FRmod.f90;src/overland_channel/OCQDQMOD.F90;src/overland_channel/OCmod2.f90;src/sediment/SYmod.f90
ZGRUND,sglobal,src/core/sglobal.f90,163,REAL(KIND=R8P),False,2,src/contaminant/CMmod.f90;src/visualisation/visualisation_interface_left.f90,10,src/driver/rest.f90;src/driver/run_sim.f90;src/evapotranspiration/ETmod.f90;src/frame/FRmod.f90;src/overland_channel/OCQDQMOD.F90;src/overland_channel/OCmod.f90;src/overland_channel/OCmod2.f90;src/sediment/SYmod.f90;src/snow/SMmod.f90;src/subsurface/VSmod.f90
flag_runtime_reduction_errors,sglobal,src/core/sglobal.f90,170,LOGICAL,False,1,src/util/mod_error.f90,1,src/driver/rest.f90
flag_runtime_reduction_e1060,sglobal,src/core/sglobal.f90,171,LOGICAL,False,1,src/util/mod_error.f90,1,src/driver/rest.f90
error_mode,sglobal,src/core/sglobal.f90,176,LOGICAL,False,2,src/driver/getdirqq.f90;src/util/mod_error.f90,0,
marker999,sglobal,src/core/sglobal.f90,181,REAL(KIND=R8P),True,0,,1,src/util/utilsmod.f90
imarker,sglobal,src/core/sglobal.f90,182,INTEGER(KIND=I_P),True,1,src/util/tolerance_testing.f90,0,
izero,sglobal,src/core/sglobal.f90,183,INTEGER(KIND=I_P),True,0,,1,src/frame/FRmod.f90
ione,sglobal,src/core/sglobal.f90,184,INTEGER(KIND=I_P),True,0,,0,
izero1,sglobal,src/core/sglobal.f90,185,INTEGER(KIND=I_P),True,0,,2,src/overland_channel/OCmod.f90;src/sediment/SYmod.f90
ione1,sglobal,src/core/sglobal.f90,186,INTEGER(KIND=I_P),True,0,,2,src/overland_channel/OCmod.f90;src/sediment/SYmod.f90
zero,sglobal,src/core/sglobal.f90,187,REAL(KIND=R8P),True,2,src/contaminant/CMmod.f90;src/util/tolerance_testing.f90,12,src/Shetran.f90;src/driver/rest.f90;src/driver/run_sim.f90;src/evapotranspiration/ETmod.f90;src/frame/FRmod.f90;src/overland_channel/OCQDQMOD.F90;src/overland_channel/OCmod.f90;src/overland_channel/OCmod2.f90;src/sediment/SYmod.f90;src/snow/SMmod.f90;src/subsurface/VSmod.f90;src/util/utilsmod.f90
half,sglobal,src/core/sglobal.f90,188,REAL(KIND=R8P),True,1,src/contaminant/CMmod.f90,5,src/frame/FRmod.f90;src/overland_channel/OCmod.f90;src/overland_channel/OCmod2.f90;src/sediment/SYmod.f90;src/subsurface/VSmod.f90
one,sglobal,src/core/sglobal.f90,189,REAL(KIND=R8P),True,2,src/contaminant/CMmod.f90;src/util/tolerance_testing.f90,9,src/driver/rest.f90;src/evapotranspiration/ETmod.f90;src/frame/FRmod.f90;src/overland_channel/OCmod.f90;src/overland_channel/OCmod2.f90;src/sediment/SYmod.f90;src/snow/SMmod.f90;src/subsurface/VSmod.f90;src/util/utilsmod.f90
two,sglobal,src/core/sglobal.f90,190,REAL(KIND=R8P),True,1,src/contaminant/CMmod.f90,5,src/frame/FRmod.f90;src/sediment/SYmod.f90;src/snow/SMmod.f90;src/subsurface/VSmod.f90;src/util/mod_load_filedata.f90
three,sglobal,src/core/sglobal.f90,191,REAL(KIND=R8P),True,0,,2,src/snow/SMmod.f90;src/subsurface/VSmod.f90
five,sglobal,src/core/sglobal.f90,192,REAL(KIND=R8P),True,0,,1,src/snow/SMmod.f90
vsmall,sglobal,src/core/sglobal.f90,193,REAL(KIND=R8P),True,1,src/util/tolerance_testing.f90,0,
zero1,sglobal,src/core/sglobal.f90,194,REAL(KIND=R8P),True,0,,4,src/evapotranspiration/ETmod.f90;src/frame/FRmod.f90;src/overland_channel/OCmod.f90;src/sediment/SYmod.f90
one1,sglobal,src/core/sglobal.f90,195,REAL(KIND=R8P),True,0,,1,src/sediment/SYmod.f90
EARRAY,sglobal,src/core/sglobal.f90,200,REAL(KIND=R8P),False,1,src/util/mod_error.f90,0,
text32,sglobal,src/core/sglobal.f90,201,CHARACTER(32),False,0,,0,
SFB,AL_C,src/core/state/AL_C.F90,72,INTEGER,True,1,src/driver/run_sim.f90,0,
SRB,AL_C,src/core/state/AL_C.F90,73,INTEGER,True,1,src/driver/run_sim.f90,0,
VSD,AL_C,src/core/state/AL_C.F90,74,INTEGER,True,2,src/frame/FRmod.f90;src/subsurface/VSmod.f90,0,
SYD,AL_C,src/core/state/AL_C.F90,75,INTEGER,True,3,src/driver/run_sim.f90;src/frame/FRmod.f90;src/visualisation/visualisation_interface_left.f90,0,
CMD,AL_C,src/core/state/AL_C.F90,76,INTEGER,True,2,src/frame/FRmod.f90;src/visualisation/visualisation_interface_left.f90,1,src/contaminant/CMmod.f90
SPR,AL_C,src/core/state/AL_C.F90,77,INTEGER,True,2,src/driver/run_sim.f90;src/frame/FRmod.f90,0,
CMP,AL_C,src/core/state/AL_C.F90,78,INTEGER,True,2,src/driver/run_sim.f90;src/frame/FRmod.f90,0,
BUG,AL_C,src/core/state/AL_C.F90,79,INTEGER,True,1,src/frame/FRmod.f90,0,
VSI,AL_C,src/core/state/AL_C.F90,80,INTEGER,True,2,src/frame/FRmod.f90;src/subsurface/VSmod.f90,0,
WLD,AL_C,src/core/state/AL_C.F90,81,INTEGER,True,2,src/frame/FRmod.f90;src/subsurface/VSmod.f90,0,
LFB,AL_C,src/core/state/AL_C.F90,82,INTEGER,True,2,src/frame/FRmod.f90;src/subsurface/VSmod.f90,0,
LHB,AL_C,src/core/state/AL_C.F90,83,INTEGER,True,2,src/frame/FRmod.f90;src/subsurface/VSmod.f90,0,
LGB,AL_C,src/core/state/AL_C.F90,84,INTEGER,True,2,src/frame/FRmod.f90;src/subsurface/VSmod.f90,0,
BFB,AL_C,src/core/state/AL_C.F90,85,INTEGER,True,2,src/frame/FRmod.f90;src/subsurface/VSmod.f90,0,
BHB,AL_C,src/core/state/AL_C.F90,86,INTEGER,True,2,src/frame/FRmod.f90;src/subsurface/VSmod.f90,0,
CMT,AL_C,src/core/state/AL_C.F90,87,INTEGER,True,1,src/frame/FRmod.f90,0,
CMB,AL_C,src/core/state/AL_C.F90,88,INTEGER,True,1,src/frame/FRmod.f90,0,
MND,AL_C,src/core/state/AL_C.F90,89,INTEGER,True,1,src/frame/FRmod.f90,1,src/contaminant/CMmod.f90
MNFC,AL_C,src/core/state/AL_C.F90,90,INTEGER,True,1,src/frame/FRmod.f90,1,src/contaminant/CMmod.f90
MNFN,AL_C,src/core/state/AL_C.F90,91,INTEGER,True,1,src/frame/FRmod.f90,1,src/contaminant/CMmod.f90
MNPL,AL_C,src/core/state/AL_C.F90,92,INTEGER,True,1,src/frame/FRmod.f90,1,src/contaminant/CMmod.f90
MNPR,AL_C,src/core/state/AL_C.F90,93,INTEGER,True,1,src/frame/FRmod.f90,1,src/contaminant/CMmod.f90
MNOUT1,AL_C,src/core/state/AL_C.F90,94,INTEGER,True,1,src/frame/FRmod.f90,1,src/contaminant/CMmod.f90
MNOUT2,AL_C,src/core/state/AL_C.F90,95,INTEGER,True,1,src/frame/FRmod.f90,1,src/contaminant/CMmod.f90
MNOUTPL,AL_C,src/core/state/AL_C.F90,96,INTEGER,True,1,src/frame/FRmod.f90,1,src/contaminant/CMmod.f90
TIH,AL_C,src/core/state/AL_C.F90,98,DOUBLEPRECISION,False,5,src/driver/rest.f90;src/driver/run_sim.f90;src/frame/FRmod.f90;src/overland_channel/OCmod.f90;src/subsurface/VSmod.f90,1,src/contaminant/CMmod.f90
NBFACE,AL_C,src/core/state/AL_C.F90,101,INTEGER,False,4,src/driver/run_sim.f90;src/frame/FRmod.f90;src/overland_channel/OCmod.f90;src/subsurface/VSmod.f90,0,
NLYR,AL_C,src/core/state/AL_C.F90,102,INTEGER,False,4,src/driver/run_sim.f90;src/frame/FRmod.f90;src/subsurface/VSmod.f90;src/visualisation/visualisation_interface_left.f90,1,src/contaminant/CMmod.f90
NVC,AL_C,src/core/state/AL_C.F90,103,INTEGER,False,6,src/driver/run_sim.f90;src/evapotranspiration/ETmod.f90;src/frame/FRmod.f90;src/snow/SMmod.f90;src/subsurface/VSmod.f90;src/visualisation/visualisation_interface_left.f90,1,src/contaminant/CMmod.f90
NWELBT,AL_C,src/core/state/AL_C.F90,104,INTEGER,False,2,src/frame/FRmod.f90;src/subsurface/VSmod.f90,1,src/contaminant/CMmod.f90
NWELTP,AL_C,src/core/state/AL_C.F90,105,INTEGER,False,2,src/frame/FRmod.f90;src/subsurface/VSmod.f90,1,src/contaminant/CMmod.f90
NVSWLT,AL_C,src/core/state/AL_C.F90,106,INTEGER,False,4,src/driver/run_sim.f90;src/evapotranspiration/ETmod.f90;src/frame/FRmod.f90;src/subsurface/VSmod.f90,1,src/contaminant/CMmod.f90
NVSSPC,AL_C,src/core/state/AL_C.F90,107,INTEGER,False,2,src/frame/FRmod.f90;src/subsurface/VSmod.f90,0,
NVSSPT,AL_C,src/core/state/AL_C.F90,108,INTEGER,False,2,src/frame/FRmod.f90;src/subsurface/VSmod.f90,0,
NVSWLI,AL_C,src/core/state/AL_C.F90,109,INTEGER,False,2,src/frame/FRmod.f90;src/subsurface/VSmod.f90,1,src/contaminant/CMmod.f90
DHF,AL_C,src/core/state/AL_C.F90,110,DOUBLEPRECISION,False,5,src/driver/run_sim.f90;src/frame/FRmod.f90;src/overland_channel/OCQDQMOD.F90;src/overland_channel/OCmod.f90;src/subsurface/VSmod.f90,0,
ISPACK,AL_C,src/core/state/AL_C.F90,111,LOGICAL,False,1,src/snow/SMmod.f90,0,
JVSACN,AL_C,src/core/state/AL_C.F90,113,INTEGER,False,2,src/frame/FRmod.f90;src/subsurface/VSmod.f90,0,
JVSDEL,AL_C,src/core/state/AL_C.F90,114,INTEGER,False,2,src/frame/FRmod.f90;src/subsurface/VSmod.f90,0,
DELTAZ,AL_C,src/core/state/AL_C.F90,115,DOUBLEPRECISION,False,5,src/driver/rest.f90;src/evapotranspiration/ETmod.f90;src/frame/FRmod.f90;src/subsurface/VSmod.f90;src/visualisation/visualisation_interface_left.f90,1,src/contaminant/CMmod.f90
ZVSNOD,AL_C,src/core/state/AL_C.F90,116,DOUBLEPRECISION,False,2,src/frame/FRmod.f90;src/subsurface/VSmod.f90,1,src/contaminant/CMmod.f90
ICMBK,AL_C,src/core/state/AL_C.F90,119,INTEGER,False,5,src/driver/run_sim.f90;src/frame/FRmod.f90;src/overland_channel/OCmod.f90;src/subsurface/VSmod.f90;src/util/utilsmod.f90,1,src/contaminant/CMmod.f90
NHBED,AL_C,src/core/state/AL_C.F90,120,INTEGER,False,3,src/evapotranspiration/ETmod.f90;src/frame/FRmod.f90;src/subsurface/VSmod.f90,1,src/contaminant/CMmod.f90
ICMRF2,AL_C,src/core/state/AL_C.F90,121,INTEGER,False,4,src/driver/run_sim.f90;src/frame/FRmod.f90;src/overland_channel/OCQDQMOD.F90;src/overland_channel/OCmod.f90,1,src/contaminant/CMmod.f90
CLENTH,AL_C,src/core/state/AL_C.F90,122,DOUBLEPRECISION,False,4,src/driver/run_sim.f90;src/frame/FRmod.f90;src/overland_channel/OCQDQMOD.F90;src/overland_channel/OCmod.f90,1,src/contaminant/CMmod.f90
CWIDTH,AL_C,src/core/state/AL_C.F90,123,DOUBLEPRECISION,False,7,src/driver/rest.f90;src/driver/run_sim.f90;src/evapotranspiration/ETmod.f90;src/frame/FRmod.f90;src/overland_channel/OCQDQMOD.F90;src/overland_channel/OCmod.f90;src/visualisation/visualisation_interface_left.f90,1,src/contaminant/CMmod.f90
ZBEFF,AL_C,src/core/state/AL_C.F90,124,DOUBLEPRECISION,False,3,src/frame/FRmod.f90;src/overland_channel/OCmod.f90;src/subsurface/VSmod.f90,0,
ZBFULL,AL_C,src/core/state/AL_C.F90,125,DOUBLEPRECISION,False,4,src/driver/run_sim.f90;src/frame/FRmod.f90;src/overland_channel/OCQDQMOD.F90;src/overland_channel/OCmod.f90,0,
FHBED,AL_C,src/core/state/AL_C.F90,126,DOUBLEPRECISION,False,3,src/evapotranspiration/ETmod.f90;src/frame/FRmod.f90;src/subsurface/VSmod.f90,1,src/contaminant/CMmod.f90
BEXBK,AL_C,src/core/state/AL_C.F90,127,LOGICAL,False,4,src/driver/run_sim.f90;src/frame/FRmod.f90;src/overland_channel/OCmod.f90;src/subsurface/VSmod.f90,1,src/contaminant/CMmod.f90
LINKNS,AL_C,src/core/state/AL_C.F90,128,LOGICAL,False,4,src/driver/run_sim.f90;src/frame/FRmod.f90;src/overland_channel/OCmod.f90;src/subsurface/VSmod.f90,1,src/contaminant/CMmod.f90
NV,AL_C,src/core/state/AL_C.F90,131,INTEGER,False,4,src/driver/rest.f90;src/driver/run_sim.f90;src/evapotranspiration/ETmod.f90;src/frame/FRmod.f90,1,src/contaminant/CMmod.f90
NRD,AL_C,src/core/state/AL_C.F90,132,INTEGER,False,4,src/evapotranspiration/ETmod.f90;src/frame/FRmod.f90;src/snow/SMmod.f90;src/subsurface/VSmod.f90,1,src/contaminant/CMmod.f90
RDL,AL_C,src/core/state/AL_C.F90,133,DOUBLEPRECISION,False,1,src/frame/FRmod.f90,0,
RDF,AL_C,src/core/state/AL_C.F90,134,DOUBLEPRECISION,False,2,src/evapotranspiration/ETmod.f90;src/frame/FRmod.f90,1,src/contaminant/CMmod.f90
NS,AL_C,src/core/state/AL_C.F90,136,INTEGER,False,3,src/driver/run_sim.f90;src/frame/FRmod.f90;src/subsurface/VSmod.f90,1,src/contaminant/CMmod.f90
THSAT,AL_C,src/core/state/AL_C.F90,137,DOUBLEPRECISION,False,0,,0,
VSPOR,AL_C,src/core/state/AL_C.F90,138,DOUBLEPRECISION,False,3,src/driver/run_sim.f90;src/frame/FRmod.f90;src/subsurface/VSmod.f90,1,src/contaminant/CMmod.f90
NLYRBT,AL_C,src/core/state/AL_C.F90,139,INTEGER,False,5,src/driver/rest.f90;src/evapotranspiration/ETmod.f90;src/frame/FRmod.f90;src/subsurface/VSmod.f90;src/visualisation/visualisation_interface_left.f90,1,src/contaminant/CMmod.f90
NTSOIL,AL_C,src/core/state/AL_C.F90,140,INTEGER,False,4,src/driver/run_sim.f90;src/frame/FRmod.f90;src/subsurface/VSmod.f90;src/visualisation/visualisation_interface_left.f90,1,src/contaminant/CMmod.f90
ZLYRBT,AL_C,src/core/state/AL_C.F90,141,DOUBLEPRECISION,False,2,src/frame/FRmod.f90;src/subsurface/VSmod.f90,0,
IDUM,AL_C,src/core/state/AL_C.F90,144,INTEGER,False,4,src/driver/run_sim.f90;src/frame/FRmod.f90;src/overland_channel/OCmod.f90;src/subsurface/VSmod.f90,1,src/contaminant/CMmod.f90
ISORT,AL_C,src/core/state/AL_C.F90,145,INTEGER,False,3,src/driver/run_sim.f90;src/frame/FRmod.f90;src/subsurface/VSmod.f90,1,src/contaminant/CMmod.f90
NHSAT,AL_C,src/core/state/AL_C.F90,146,INTEGER,False,0,,0,
DRAINA,AL_C,src/core/state/AL_C.F90,147,DOUBLEPRECISION,False,4,src/driver/run_sim.f90;src/evapotranspiration/ETmod.f90;src/frame/FRmod.f90;src/visualisation/visualisation_interface_left.f90,0,
DUMMY,AL_C,src/core/state/AL_C.F90,148,DOUBLEPRECISION,False,4,src/driver/run_sim.f90;src/frame/FRmod.f90;src/overland_channel/OCmod.f90;src/subsurface/VSmod.f90,1,src/contaminant/CMmod.f90
ESOILA,AL_C,src/core/state/AL_C.F90,149,DOUBLEPRECISION,False,5,src/driver/run_sim.f90;src/evapotranspiration/ETmod.f90;src/frame/FRmod.f90;src/subsurface/VSmod.f90;src/visualisation/visualisation_interface_left.f90,0,
EEVAP,AL_C,src/core/state/AL_C.F90,150,DOUBLEPRECISION,False,5,src/driver/rest.f90;src/driver/run_sim.f90;src/evapotranspiration/ETmod.f90;src/frame/FRmod.f90;src/subsurface/VSmod.f90,1,src/contaminant/CMmod.f90
PNETTO,AL_C,src/core/state/AL_C.F90,151,DOUBLEPRECISION,False,7,src/driver/rest.f90;src/driver/run_sim.f90;src/evapotranspiration/ETmod.f90;src/frame/FRmod.f90;src/overland_channel/OCmod.f90;src/subsurface/VSmod.f90;src/visualisation/visualisation_interface_left.f90,1,src/contaminant/CMmod.f90
QH,AL_C,src/core/state/AL_C.F90,152,DOUBLEPRECISION,False,4,src/driver/run_sim.f90;src/frame/FRmod.f90;src/overland_channel/OCmod.f90;src/subsurface/VSmod.f90,0,
WBERR,AL_C,src/core/state/AL_C.F90,153,DOUBLEPRECISION,False,3,src/driver/rest.f90;src/frame/FRmod.f90;src/visualisation/visualisation_interface_left.f90,0,
ZVSPSL,AL_C,src/core/state/AL_C.F90,154,DOUBLEPRECISION,False,3,src/frame/FRmod.f90;src/subsurface/VSmod.f90;src/visualisation/visualisation_interface_left.f90,0,
QVSBF,AL_C,src/core/state/AL_C.F90,155,DOUBLEPRECISION,False,2,src/driver/rest.f90;src/subsurface/VSmod.f90,0,
QVSSPR,AL_C,src/core/state/AL_C.F90,156,DOUBLEPRECISION,False,2,src/frame/FRmod.f90;src/subsurface/VSmod.f90,0,
QVSWEL,AL_C,src/core/state/AL_C.F90,157,DOUBLEPRECISION,False,5,src/driver/rest.f90;src/driver/run_sim.f90;src/evapotranspiration/ETmod.f90;src/frame/FRmod.f90;src/subsurface/VSmod.f90,1,src/contaminant/CMmod.f90
QOC,AL_C,src/core/state/AL_C.F90,158,DOUBLEPRECISION,False,5,src/driver/rest.f90;src/driver/run_sim.f90;src/frame/FRmod.f90;src/overland_channel/OCmod.f90;src/visualisation/visualisation_interface_left.f90,1,src/contaminant/CMmod.f90
QVSV,AL_C,src/core/state/AL_C.F90,160,DOUBLEPRECISION,False,4,src/driver/run_sim.f90;src/frame/FRmod.f90;src/subsurface/VSmod.f90;src/visualisation/visualisation_interface_left.f90,1,src/contaminant/CMmod.f90
VSPSI,AL_C,src/core/state/AL_C.F90,161,DOUBLEPRECISION,False,5,src/driver/run_sim.f90;src/evapotranspiration/ETmod.f90;src/frame/FRmod.f90;src/subsurface/VSmod.f90;src/visualisation/visualisation_interface_left.f90,1,src/contaminant/CMmod.f90
VSTHE,AL_C,src/core/state/AL_C.F90,162,DOUBLEPRECISION,False,5,src/driver/rest.f90;src/driver/run_sim.f90;src/frame/FRmod.f90;src/subsurface/VSmod.f90;src/visualisation/visualisation_interface_left.f90,1,src/contaminant/CMmod.f90
QVSWLI,AL_C,src/core/state/AL_C.F90,163,DOUBLEPRECISION,False,3,src/driver/run_sim.f90;src/frame/FRmod.f90;src/subsurface/VSmod.f90,1,src/contaminant/CMmod.f90
ERUZ,AL_C,src/core/state/AL_C.F90,164,DOUBLEPRECISION,False,4,src/driver/rest.f90;src/driver/run_sim.f90;src/evapotranspiration/ETmod.f90;src/subsurface/VSmod.f90,1,src/contaminant/CMmod.f90
QVSH,AL_C,src/core/state/AL_C.F90,165,DOUBLEPRECISION,False,4,src/driver/rest.f90;src/driver/run_sim.f90;src/frame/FRmod.f90;src/subsurface/VSmod.f90,1,src/contaminant/CMmod.f90
ARXL,AL_C,src/core/state/AL_C.F90,167,DOUBLEPRECISION,False,4,src/driver/rest.f90;src/driver/run_sim.f90;src/frame/FRmod.f90;src/overland_channel/OCmod.f90,1,src/contaminant/CMmod.f90
QBKB,AL_C,src/core/state/AL_C.F90,168,DOUBLEPRECISION,False,4,src/driver/run_sim.f90;src/frame/FRmod.f90;src/overland_channel/OCmod.f90;src/subsurface/VSmod.f90,1,src/contaminant/CMmod.f90
QBKF,AL_C,src/core/state/AL_C.F90,169,DOUBLEPRECISION,False,5,src/driver/rest.f90;src/driver/run_sim.f90;src/frame/FRmod.f90;src/overland_channel/OCmod.f90;src/subsurface/VSmod.f90,0,
QBKI,AL_C,src/core/state/AL_C.F90,170,DOUBLEPRECISION,False,1,src/subsurface/VSmod.f90,0,
CLAI,AL_C,src/core/state/AL_C.F90,172,DOUBLEPRECISION,False,4,src/driver/rest.f90;src/driver/run_sim.f90;src/evapotranspiration/ETmod.f90;src/frame/FRmod.f90,1,src/contaminant/CMmod.f90
PLAI,AL_C,src/core/state/AL_C.F90,173,DOUBLEPRECISION,False,4,src/driver/rest.f90;src/driver/run_sim.f90;src/evapotranspiration/ETmod.f90;src/frame/FRmod.f90,1,src/contaminant/CMmod.f90
SBERR,AL_C,src/core/state/AL_C.F90,175,DOUBLEPRECISION,False,0,,0,
DTUZ,AL_C,src/core/state/AL_C.F90,177,DOUBLEPRECISION,False,7,src/driver/rest.f90;src/driver/run_sim.f90;src/evapotranspiration/ETmod.f90;src/frame/FRmod.f90;src/overland_channel/ZQmod.f90;src/snow/SMmod.f90;src/subsurface/VSmod.f90,1,src/contaminant/CMmod.f90
UZNEXT,AL_C,src/core/state/AL_C.F90,178,DOUBLEPRECISION,False,6,src/driver/rest.f90;src/driver/run_sim.f90;src/evapotranspiration/ETmod.f90;src/frame/FRmod.f90;src/overland_channel/ZQmod.f90;src/subsurface/VSmod.f90,0,
NCLASS,AL_D,src/core/state/AL_D.f90,68,INTEGER,True,1,src/frame/FRmod.f90,0,
FRD,AL_D,src/core/state/AL_D.f90,71,INTEGER,True,1,src/frame/FRmod.f90,0,
OCD,AL_D,src/core/state/AL_D.f90,72,INTEGER,True,2,src/frame/FRmod.f90;src/overland_channel/OCmod.f90,0,
ETD,AL_D,src/core/state/AL_D.f90,73,INTEGER,True,1,src/frame/FRmod.f90,0,
PPD,AL_D,src/core/state/AL_D.f90,74,INTEGER,True,1,src/frame/FRmod.f90,0,
SMD,AL_D,src/core/state/AL_D.f90,75,INTEGER,True,1,src/frame/FRmod.f90,0,
BKD,AL_D,src/core/state/AL_D.f90,76,INTEGER,True,1,src/frame/FRmod.f90,0,
MED,AL_D,src/core/state/AL_D.f90,77,INTEGER,True,2,src/driver/rest.f90;src/frame/FRmod.f90,0,
PRD,AL_D,src/core/state/AL_D.f90,78,INTEGER,True,2,src/driver/rest.f90;src/frame/FRmod.f90,0,
EPD,AL_D,src/core/state/AL_D.f90,79,INTEGER,True,2,src/driver/rest.f90;src/frame/FRmod.f90,0,
TIM,AL_D,src/core/state/AL_D.f90,80,INTEGER,True,2,src/driver/run_sim.f90;src/frame/FRmod.f90,0,
RES,AL_D,src/core/state/AL_D.f90,81,INTEGER,True,1,src/frame/FRmod.f90,0,
HOT,AL_D,src/core/state/AL_D.f90,82,INTEGER,True,2,src/driver/run_sim.f90;src/frame/FRmod.f90,0,
VED,AL_D,src/core/state/AL_D.f90,83,INTEGER,True,1,src/frame/FRmod.f90,0,
OFB,AL_D,src/core/state/AL_D.f90,84,INTEGER,True,2,src/frame/FRmod.f90;src/overland_channel/OCmod.f90,0,
OHB,AL_D,src/core/state/AL_D.f90,85,INTEGER,True,2,src/frame/FRmod.f90;src/overland_channel/OCmod.f90,0,
DIS,AL_D,src/core/state/AL_D.f90,86,INTEGER,True,1,src/frame/FRmod.f90,0,
VSE,AL_D,src/core/state/AL_D.f90,87,INTEGER,True,1,src/frame/FRmod.f90,0,
MAS,AL_D,src/core/state/AL_D.f90,88,INTEGER,True,1,src/frame/FRmod.f90,0,
DIS2,AL_D,src/core/state/AL_D.f90,89,INTEGER,True,1,src/frame/FRmod.f90,0,
TAH,AL_D,src/core/state/AL_D.f90,90,INTEGER,True,2,src/driver/rest.f90;src/frame/FRmod.f90,0,
TAL,AL_D,src/core/state/AL_D.f90,91,INTEGER,True,2,src/driver/rest.f90;src/frame/FRmod.f90,0,
disextra,AL_D,src/core/state/AL_D.f90,92,INTEGER,True,1,src/frame/FRmod.f90,0,
zqd,AL_D,src/core/state/AL_D.f90,93,INTEGER,True,2,src/frame/FRmod.f90;src/overland_channel/ZQmod.f90,0,
pslextra,AL_D,src/core/state/AL_D.f90,94,INTEGER,True,1,src/frame/FRmod.f90,0,
MSM,AL_D,src/core/state/AL_D.f90,97,INTEGER,False,2,src/frame/FRmod.f90;src/snow/SMmod.f90,0,
NM,AL_D,src/core/state/AL_D.f90,98,INTEGER,False,3,src/driver/rest.f90;src/evapotranspiration/ETmod.f90;src/frame/FRmod.f90,0,
NRAIN,AL_D,src/core/state/AL_D.f90,99,INTEGER,False,3,src/driver/rest.f90;src/evapotranspiration/ETmod.f90;src/frame/FRmod.f90,0,
NSET,AL_D,src/core/state/AL_D.f90,100,INTEGER,False,1,src/frame/FRmod.f90,0,
MBLINK,AL_D,src/core/state/AL_D.f90,101,INTEGER,False,2,src/driver/run_sim.f90;src/frame/FRmod.f90,0,
MBFACE,AL_D,src/core/state/AL_D.f90,102,INTEGER,False,2,src/driver/run_sim.f90;src/frame/FRmod.f90,0,
MBFLAG,AL_D,src/core/state/AL_D.f90,103,INTEGER,False,2,src/driver/run_sim.f90;src/frame/FRmod.f90,0,
NXP1,AL_D,src/core/state/AL_D.f90,104,INTEGER,False,1,src/frame/FRmod.f90,0,
NYP1,AL_D,src/core/state/AL_D.f90,105,INTEGER,False,1,src/frame/FRmod.f90,0,
NXM1,AL_D,src/core/state/AL_D.f90,106,INTEGER,False,1,src/frame/FRmod.f90,0,
NYM1,AL_D,src/core/state/AL_D.f90,107,INTEGER,False,1,src/frame/FRmod.f90,0,
NXEP1,AL_D,src/core/state/AL_D.f90,108,INTEGER,False,1,src/frame/FRmod.f90,0,
NYEP1,AL_D,src/core/state/AL_D.f90,109,INTEGER,False,1,src/frame/FRmod.f90,0,
NoZQTables,AL_D,src/core/state/AL_D.f90,110,INTEGER,False,2,src/overland_channel/OCQDQMOD.F90;src/overland_channel/ZQmod.f90,0,
ZQTableRef,AL_D,src/core/state/AL_D.f90,111,INTEGER,False,2,src/overland_channel/OCQDQMOD.F90;src/overland_channel/OCmod2.f90,0,
NXE,AL_D,src/core/state/AL_D.f90,112,INTEGER,True,1,src/frame/FRmod.f90,0,
NYE,AL_D,src/core/state/AL_D.f90,113,INTEGER,True,1,src/frame/FRmod.f90,0,
NSTEP,AL_D,src/core/state/AL_D.f90,116,INTEGER,False,3,src/Shetran.f90;src/driver/rest.f90;src/driver/run_sim.f90,0,
NRPD,AL_D,src/core/state/AL_D.f90,117,INTEGER,False,0,,0,
NSMT,AL_D,src/core/state/AL_D.f90,118,INTEGER,False,2,src/evapotranspiration/ETmod.f90;src/snow/SMmod.f90,0,
MBYEAR,AL_D,src/core/state/AL_D.f90,119,INTEGER,False,1,src/frame/FRmod.f90,0,
MBMON,AL_D,src/core/state/AL_D.f90,120,INTEGER,False,1,src/frame/FRmod.f90,0,
MBDAY,AL_D,src/core/state/AL_D.f90,121,INTEGER,False,1,src/frame/FRmod.f90,0,
PSTART,AL_D,src/core/state/AL_D.f90,125,DOUBLEPRECISION,False,1,src/frame/FRmod.f90,0,
DTMET,AL_D,src/core/state/AL_D.f90,126,DOUBLEPRECISION,False,2,src/driver/rest.f90;src/frame/FRmod.f90,0,
QMAX,AL_D,src/core/state/AL_D.f90,127,DOUBLEPRECISION,False,2,src/frame/FRmod.f90;src/overland_channel/OCmod.f90,0,
BHOTTI,AL_D,src/core/state/AL_D.f90,128,DOUBLEPRECISION,False,2,src/driver/rest.f90;src/frame/FRmod.f90,0,
BHOTST,AL_D,src/core/state/AL_D.f90,129,DOUBLEPRECISION,False,2,src/driver/run_sim.f90;src/frame/FRmod.f90,0,
PMAX,AL_D,src/core/state/AL_D.f90,130,DOUBLEPRECISION,False,2,src/driver/rest.f90;src/frame/FRmod.f90,0,
PALFA,AL_D,src/core/state/AL_D.f90,131,DOUBLEPRECISION,False,2,src/driver/rest.f90;src/frame/FRmod.f90,0,
TMAX,AL_D,src/core/state/AL_D.f90,132,DOUBLEPRECISION,False,3,src/driver/rest.f90;src/driver/run_sim.f90;src/frame/FRmod.f90,0,
CAREA,AL_D,src/core/state/AL_D.f90,133,DOUBLEPRECISION,False,2,src/driver/rest.f90;src/frame/FRmod.f90,0,
BWIDTH,AL_D,src/core/state/AL_D.f90,134,DOUBLEPRECISION,False,2,src/evapotranspiration/ETmod.f90;src/frame/FRmod.f90,0,
TTH,AL_D,src/core/state/AL_D.f90,135,DOUBLEPRECISION,False,3,src/driver/run_sim.f90;src/frame/FRmod.f90;src/subsurface/VSmod.f90,0,
DTMET2,AL_D,src/core/state/AL_D.f90,136,DOUBLEPRECISION,False,2,src/driver/rest.f90;src/frame/FRmod.f90,0,
DTMET3,AL_D,src/core/state/AL_D.f90,137,DOUBLEPRECISION,False,2,src/driver/rest.f90;src/frame/FRmod.f90,0,
TOUTPUT,AL_D,src/core/state/AL_D.f90,138,DOUBLEPRECISION,False,1,src/frame/FRmod.f90,0,
UZVAL,AL_D,src/core/state/AL_D.f90,141,DOUBLEPRECISION,False,1,src/frame/FRmod.f90,0,
OCNOW,AL_D,src/core/state/AL_D.f90,142,DOUBLEPRECISION,False,3,src/driver/run_sim.f90;src/frame/FRmod.f90;src/overland_channel/OCmod.f90,0,
OCNEXT,AL_D,src/core/state/AL_D.f90,143,DOUBLEPRECISION,False,2,src/driver/run_sim.f90;src/overland_channel/OCmod.f90,0,
HRUZ,AL_D,src/core/state/AL_D.f90,144,DOUBLEPRECISION,False,1,src/evapotranspiration/ETmod.f90,0,
PNET,AL_D,src/core/state/AL_D.f90,145,DOUBLEPRECISION,False,3,src/driver/run_sim.f90;src/evapotranspiration/ETmod.f90;src/snow/SMmod.f90,0,
PE,AL_D,src/core/state/AL_D.f90,146,DOUBLEPRECISION,False,4,src/driver/rest.f90;src/driver/run_sim.f90;src/evapotranspiration/ETmod.f90;src/snow/SMmod.f90,0,
EINT,AL_D,src/core/state/AL_D.f90,147,DOUBLEPRECISION,False,3,src/driver/run_sim.f90;src/evapotranspiration/ETmod.f90;src/snow/SMmod.f90,0,
ERZ,AL_D,src/core/state/AL_D.f90,148,DOUBLEPRECISION,False,3,src/driver/run_sim.f90;src/evapotranspiration/ETmod.f90;src/snow/SMmod.f90,0,
DRAIN,AL_D,src/core/state/AL_D.f90,149,DOUBLEPRECISION,False,2,src/driver/run_sim.f90;src/evapotranspiration/ETmod.f90,0,
ESOIL,AL_D,src/core/state/AL_D.f90,150,DOUBLEPRECISION,False,3,src/driver/run_sim.f90;src/evapotranspiration/ETmod.f90;src/snow/SMmod.f90,0,
AE,AL_D,src/core/state/AL_D.f90,151,DOUBLEPRECISION,False,3,src/driver/run_sim.f90;src/evapotranspiration/ETmod.f90;src/snow/SMmod.f90,0,
CSTOLD,AL_D,src/core/state/AL_D.f90,152,DOUBLEPRECISION,False,2,src/evapotranspiration/ETmod.f90;src/snow/SMmod.f90,0,
CPLAI,AL_D,src/core/state/AL_D.f90,153,DOUBLEPRECISION,False,2,src/evapotranspiration/ETmod.f90;src/snow/SMmod.f90,0,
PREST,AL_D,src/core/state/AL_D.f90,154,DOUBLEPRECISION,False,1,src/frame/FRmod.f90,0,
TIMEUZ,AL_D,src/core/state/AL_D.f90,155,DOUBLEPRECISION,False,5,src/driver/rest.f90;src/driver/run_sim.f90;src/evapotranspiration/ETmod.f90;src/frame/FRmod.f90;src/snow/SMmod.f90,0,
HOTIME,AL_D,src/core/state/AL_D.f90,156,DOUBLEPRECISION,False,2,src/driver/run_sim.f90;src/frame/FRmod.f90,0,
BEXET,AL_D,src/core/state/AL_D.f90,159,LOGICAL,False,1,src/frame/FRmod.f90,0,
BEXUZ,AL_D,src/core/state/AL_D.f90,160,LOGICAL,False,1,src/frame/FRmod.f90,0,
BEXEX,AL_D,src/core/state/AL_D.f90,161,LOGICAL,False,1,src/frame/FRmod.f90,0,
BEXOC,AL_D,src/core/state/AL_D.f90,162,LOGICAL,False,1,src/frame/FRmod.f90,0,
BEXSZ,AL_D,src/core/state/AL_D.f90,163,LOGICAL,False,1,src/frame/FRmod.f90,0,
BEXSM,AL_D,src/core/state/AL_D.f90,164,LOGICAL,False,3,src/driver/rest.f90;src/evapotranspiration/ETmod.f90;src/frame/FRmod.f90,0,
BEXTS1,AL_D,src/core/state/AL_D.f90,165,LOGICAL,False,0,,0,
BHOTPR,AL_D,src/core/state/AL_D.f90,166,LOGICAL,False,2,src/driver/run_sim.f90;src/frame/FRmod.f90,0,
BHOTRD,AL_D,src/core/state/AL_D.f90,167,LOGICAL,False,3,src/driver/rest.f90;src/driver/run_sim.f90;src/frame/FRmod.f90,0,
BEXSY,AL_D,src/core/state/AL_D.f90,168,LOGICAL,False,3,src/driver/run_sim.f90;src/frame/FRmod.f90;src/visualisation/visualisation_interface_left.f90,0,
BEXCM,AL_D,src/core/state/AL_D.f90,169,LOGICAL,False,3,src/driver/run_sim.f90;src/frame/FRmod.f90;src/visualisation/visualisation_interface_left.f90,0,
ISTA,AL_D,src/core/state/AL_D.f90,170,LOGICAL,False,2,src/driver/rest.f90;src/frame/FRmod.f90,0,
isextradis,AL_D,src/core/state/AL_D.f90,171,LOGICAL,False,1,src/frame/FRmod.f90,0,
iszq,AL_D,src/core/state/AL_D.f90,172,LOGICAL,False,1,src/frame/FRmod.f90,0,
isextrapsl,AL_D,src/core/state/AL_D.f90,173,LOGICAL,False,1,src/frame/FRmod.f90,0,
NGRID,AL_D,src/core/state/AL_D.f90,176,INTEGER,False,1,src/frame/FRmod.f90,0,
INGRID,AL_D,src/core/state/AL_D.f90,177,INTEGER,False,1,src/frame/FRmod.f90,0,
IOCORS,AL_D,src/core/state/AL_D.f90,178,INTEGER,False,1,src/frame/FRmod.f90,0,
NMC,AL_D,src/core/state/AL_D.f90,179,INTEGER,False,4,src/driver/run_sim.f90;src/evapotranspiration/ETmod.f90;src/frame/FRmod.f90;src/snow/SMmod.f90,0,
LCODEX,AL_D,src/core/state/AL_D.f90,180,INTEGER,False,2,src/frame/FRmod.f90;src/overland_channel/OCmod.f90,0,
IODATA,AL_D,src/core/state/AL_D.f90,181,INTEGER,False,1,src/frame/FRmod.f90,0,
NRAINC,AL_D,src/core/state/AL_D.f90,182,INTEGER,False,4,src/driver/rest.f90;src/evapotranspiration/ETmod.f90;src/frame/FRmod.f90;src/snow/SMmod.f90,0,
LCODEY,AL_D,src/core/state/AL_D.f90,183,INTEGER,False,2,src/frame/FRmod.f90;src/overland_channel/OCmod.f90,0,
IOELEM,AL_D,src/core/state/AL_D.f90,184,INTEGER,False,1,src/frame/FRmod.f90,0,
NOCBCC,AL_D,src/core/state/AL_D.f90,185,INTEGER,False,3,src/frame/FRmod.f90;src/overland_channel/OCQDQMOD.F90;src/overland_channel/OCmod.f90,0,
NOCBCD,AL_D,src/core/state/AL_D.f90,186,INTEGER,False,3,src/frame/FRmod.f90;src/overland_channel/OCQDQMOD.F90;src/overland_channel/OCmod.f90,0,
IORES,AL_D,src/core/state/AL_D.f90,187,INTEGER,False,1,src/frame/FRmod.f90,0,
ICLIST,AL_D,src/core/state/AL_D.f90,188,INTEGER,False,1,src/frame/FRmod.f90,0,
NEXPO,AL_D,src/core/state/AL_D.f90,189,INTEGER,False,0,,0,
ICLNUM,AL_D,src/core/state/AL_D.f90,190,INTEGER,False,1,src/frame/FRmod.f90,0,
ZQTableLink,AL_D,src/core/state/AL_D.f90,191,INTEGER,False,2,src/overland_channel/OCQDQMOD.F90;src/overland_channel/ZQmod.f90,0,
ZQTableFace,AL_D,src/core/state/AL_D.f90,192,INTEGER,False,2,src/overland_channel/OCQDQMOD.F90;src/overland_channel/ZQmod.f90,0,
NSMC,AL_D,src/core/state/AL_D.f90,194,INTEGER,False,4,src/driver/run_sim.f90;src/evapotranspiration/ETmod.f90;src/frame/FRmod.f90;src/snow/SMmod.f90,0,
FLERRC,AL_D,src/core/state/AL_D.f90,196,INTEGER,False,1,src/driver/rest.f90,0,
SYERRC,AL_D,src/core/state/AL_D.f90,197,INTEGER,False,1,src/driver/rest.f90,0,
CMERRC,AL_D,src/core/state/AL_D.f90,198,INTEGER,False,1,src/driver/rest.f90,0,
DXIN,AL_D,src/core/state/AL_D.f90,201,DOUBLEPRECISION,False,2,src/frame/FRmod.f90;src/visualisation/visualisation_interface_left.f90,0,
DYIN,AL_D,src/core/state/AL_D.f90,202,DOUBLEPRECISION,False,2,src/frame/FRmod.f90;src/visualisation/visualisation_interface_left.f90,0,
WIDTF,AL_D,src/core/state/AL_D.f90,203,DOUBLEPRECISION,False,0,,0,
ZBED,AL_D,src/core/state/AL_D.f90,204,DOUBLEPRECISION,False,0,,0,
HFLBED,AL_D,src/core/state/AL_D.f90,205,DOUBLEPRECISION,False,0,,0,
ZFBED,AL_D,src/core/state/AL_D.f90,206,DOUBLEPRECISION,False,0,,0,
DZFBED,AL_D,src/core/state/AL_D.f90,207,DOUBLEPRECISION,False,0,,0,
LROOT,AL_D,src/core/state/AL_D.f90,208,DOUBLEPRECISION,False,0,,0,
HFLBNK,AL_D,src/core/state/AL_D.f90,209,DOUBLEPRECISION,False,0,,0,
IOSTA,AL_D,src/core/state/AL_D.f90,210,DOUBLEPRECISION,False,1,src/frame/FRmod.f90,0,
IOSTEP,AL_D,src/core/state/AL_D.f90,211,DOUBLEPRECISION,False,1,src/frame/FRmod.f90,0,
IOEND,AL_D,src/core/state/AL_D.f90,212,DOUBLEPRECISION,False,1,src/frame/FRmod.f90,0,
RHOSAR,AL_D,src/core/state/AL_D.f90,213,DOUBLEPRECISION,False,2,src/frame/FRmod.f90;src/snow/SMmod.f90,0,
ZQweirSill,AL_D,src/core/state/AL_D.f90,214,DOUBLEPRECISION,False,2,src/overland_channel/OCmod2.f90;src/overland_channel/ZQmod.f90,0,
CSTORE,AL_D,src/core/state/AL_D.f90,217,DOUBLEPRECISION,False,5,src/driver/run_sim.f90;src/evapotranspiration/ETmod.f90;src/frame/FRmod.f90;src/snow/SMmod.f90;src/visualisation/visualisation_interface_left.f90,0,
ERZA,AL_D,src/core/state/AL_D.f90,218,DOUBLEPRECISION,False,3,src/evapotranspiration/ETmod.f90;src/frame/FRmod.f90;src/visualisation/visualisation_interface_left.f90,0,
EPOT,AL_D,src/core/state/AL_D.f90,219,DOUBLEPRECISION,False,4,src/driver/run_sim.f90;src/evapotranspiration/ETmod.f90;src/frame/FRmod.f90;src/visualisation/visualisation_interface_left.f90,0,
EINTA,AL_D,src/core/state/AL_D.f90,220,DOUBLEPRECISION,False,3,src/evapotranspiration/ETmod.f90;src/frame/FRmod.f90;src/visualisation/visualisation_interface_left.f90,0,
EPOTR,AL_D,src/core/state/AL_D.f90,221,DOUBLEPRECISION,False,0,,0,
SD,AL_D,src/core/state/AL_D.f90,222,DOUBLEPRECISION,False,6,src/driver/rest.f90;src/driver/run_sim.f90;src/evapotranspiration/ETmod.f90;src/frame/FRmod.f90;src/snow/SMmod.f90;src/visualisation/visualisation_interface_left.f90,0,
TS,AL_D,src/core/state/AL_D.f90,223,DOUBLEPRECISION,False,4,src/driver/run_sim.f90;src/evapotranspiration/ETmod.f90;src/frame/FRmod.f90;src/snow/SMmod.f90,0,
SF,AL_D,src/core/state/AL_D.f90,224,DOUBLEPRECISION,False,4,src/driver/run_sim.f90;src/evapotranspiration/ETmod.f90;src/frame/FRmod.f90;src/snow/SMmod.f90,0,
S,AL_D,src/core/state/AL_D.f90,225,DOUBLEPRECISION,False,3,src/driver/run_sim.f90;src/evapotranspiration/ETmod.f90;src/snow/SMmod.f90,0,
precip_m_per_s,AL_D,src/core/state/AL_D.f90,226,DOUBLEPRECISION,False,5,src/driver/rest.f90;src/driver/run_sim.f90;src/evapotranspiration/ETmod.f90;src/frame/FRmod.f90;src/snow/SMmod.f90,0,
OBSPE,AL_D,src/core/state/AL_D.f90,227,DOUBLEPRECISION,False,3,src/driver/rest.f90;src/driver/run_sim.f90;src/evapotranspiration/ETmod.f90,0,
TA,AL_D,src/core/state/AL_D.f90,228,DOUBLEPRECISION,False,4,src/contaminant/CMmod.f90;src/driver/rest.f90;src/driver/run_sim.f90;src/snow/SMmod.f90,0,
U,AL_D,src/core/state/AL_D.f90,229,DOUBLEPRECISION,False,4,src/driver/rest.f90;src/driver/run_sim.f90;src/evapotranspiration/ETmod.f90;src/snow/SMmod.f90,0,
VPD,AL_D,src/core/state/AL_D.f90,230,DOUBLEPRECISION,False,4,src/driver/rest.f90;src/driver/run_sim.f90;src/evapotranspiration/ETmod.f90;src/snow/SMmod.f90,0,
RN,AL_D,src/core/state/AL_D.f90,231,DOUBLEPRECISION,False,4,src/driver/rest.f90;src/driver/run_sim.f90;src/evapotranspiration/ETmod.f90;src/snow/SMmod.f90,0,
VHT,AL_D,src/core/state/AL_D.f90,232,DOUBLEPRECISION,False,4,src/driver/rest.f90;src/driver/run_sim.f90;src/frame/FRmod.f90;src/snow/SMmod.f90,0,
IOTIME,AL_D,src/core/state/AL_D.f90,233,DOUBLEPRECISION,False,1,src/frame/FRmod.f90,0,
DQ0ST,AL_D,src/core/state/AL_D.f90,234,DOUBLEPRECISION,False,4,src/driver/run_sim.f90;src/frame/FRmod.f90;src/overland_channel/OCQDQMOD.F90;src/overland_channel/OCmod.f90,0,
DQIST,AL_D,src/core/state/AL_D.f90,235,DOUBLEPRECISION,False,4,src/driver/run_sim.f90;src/frame/FRmod.f90;src/overland_channel/OCQDQMOD.F90;src/overland_channel/OCmod.f90,0,
DQIST2,AL_D,src/core/state/AL_D.f90,236,DOUBLEPRECISION,False,4,src/driver/run_sim.f90;src/frame/FRmod.f90;src/overland_channel/OCQDQMOD.F90;src/overland_channel/OCmod.f90,0,
ESWA,AL_D,src/core/state/AL_D.f90,237,DOUBLEPRECISION,False,3,src/driver/run_sim.f90;src/evapotranspiration/ETmod.f90;src/overland_channel/OCmod.f90,0,
BALANC,AL_D,src/core/state/AL_D.f90,238,DOUBLEPRECISION,False,2,src/driver/rest.f90;src/frame/FRmod.f90,0,
CMEAN,AL_D,src/core/state/AL_D.f90,239,DOUBLEPRECISION,False,0,,0,
SMEAN,AL_D,src/core/state/AL_D.f90,240,DOUBLEPRECISION,False,0,,0,
ADMEAN,AL_D,src/core/state/AL_D.f90,241,DOUBLEPRECISION,False,0,,0,
RESFIL,AL_D,src/core/state/AL_D.f90,243,CHARACTER(len=200),False,1,src/frame/FRmod.f90,0,
NX,AL_G,src/core/state/AL_G.F90,42,INTEGER,False,6,src/driver/run_sim.f90;src/frame/FRmod.f90;src/overland_channel/OCmod.f90;src/subsurface/VSmod.f90;src/util/utilsmod.f90;src/visualisation/visualisation_interface_left.f90,1,src/contaminant/CMmod.f90
NY,AL_G,src/core/state/AL_G.F90,43,INTEGER,False,6,src/driver/run_sim.f90;src/frame/FRmod.f90;src/overland_channel/OCmod.f90;src/subsurface/VSmod.f90;src/util/utilsmod.f90;src/visualisation/visualisation_interface_left.f90,1,src/contaminant/CMmod.f90
NGDBGN,AL_G,src/core/state/AL_G.F90,44,INTEGER,False,6,src/driver/run_sim.f90;src/evapotranspiration/ETmod.f90;src/frame/FRmod.f90;src/overland_channel/OCmod.f90;src/subsurface/VSmod.f90;src/util/utilsmod.f90,0,
ICMREF,AL_G,src/core/state/AL_G.F90,46,INTEGER,False,9,src/driver/rest.f90;src/driver/run_sim.f90;src/evapotranspiration/ETmod.f90;src/frame/FRmod.f90;src/overland_channel/OCQDQMOD.F90;src/overland_channel/OCmod.f90;src/subsurface/VSmod.f90;src/util/utilsmod.f90;src/visualisation/visualisation_interface_left.f90,1,src/contaminant/CMmod.f90
ICMXY,AL_G,src/core/state/AL_G.F90,47,INTEGER,False,7,src/driver/run_sim.f90;src/frame/FRmod.f90;src/overland_channel/OCQDQMOD.F90;src/overland_channel/OCmod.f90;src/subsurface/VSmod.f90;src/util/utilsmod.f90;src/visualisation/visualisation_interface_left.f90,1,src/contaminant/CMmod.f90
rundata_from_file_dialog,GETDIRQQ,src/driver/getdirqq.f90,62,LOGICAL,False,1,src/Shetran.f90,0,
FileName,GETDIRQQ,src/driver/getdirqq.f90,65,CHARACTER(LEN=LENGTH_FILEPATH),False,0,,0,
FIRST_balwat,rest,src/driver/rest.f90,53,LOGICAL,False,0,,0,
STORW_balwat,rest,src/driver/rest.f90,54,DOUBLEPRECISION,False,0,,0,
pinp,rest,src/driver/rest.f90,55,DOUBLEPRECISION,False,1,src/driver/run_sim.f90,0,
METIME,rest,src/driver/rest.f90,56,DOUBLEPRECISION,False,1,src/driver/run_sim.f90,0,
MELAST,rest,src/driver/rest.f90,57,DOUBLEPRECISION,False,1,src/driver/run_sim.f90,0,
EPTIME,rest,src/driver/rest.f90,58,DOUBLEPRECISION,False,1,src/driver/run_sim.f90,0,
RECORD_HEADROOM,rest,src/driver/rest.f90,61,INTEGER,True,0,,0,
IOSTAGE_NONE,rest,src/driver/rest.f90,62,INTEGER,True,0,,0,
IOSTAGE_RECORD,rest,src/driver/rest.f90,63,INTEGER,True,0,,0,
IOSTAGE_VALUES,rest,src/driver/rest.f90,64,INTEGER,True,0,,0,
IOS_SHORT_RECORD,rest,src/driver/rest.f90,65,INTEGER,True,0,,0,
MET_RECORD,rest,src/driver/rest.f90,67,CHARACTER(LEN=:),False,0,,0,
MET_RECORD_SIZED,rest,src/driver/rest.f90,68,LOGICAL,False,0,,0,
LAMDA,ETmod,src/evapotranspiration/ETmod.f90,88,DOUBLEPRECISION,True,0,,0,
GAMMA,ETmod,src/evapotranspiration/ETmod.f90,89,DOUBLEPRECISION,True,0,,0,
RHO,ETmod,src/evapotranspiration/ETmod.f90,90,DOUBLEPRECISION,True,0,,0,
CP,ETmod,src/evapotranspiration/ETmod.f90,91,DOUBLEPRECISION,True,0,,0,
BAR,ETmod,src/evapotranspiration/ETmod.f90,93,LOGICAL,False,1,src/frame/FRmod.f90,0,
BMETP,ETmod,src/evapotranspiration/ETmod.f90,94,LOGICAL,False,2,src/driver/rest.f90;src/frame/FRmod.f90,0,
BINETP,ETmod,src/evapotranspiration/ETmod.f90,95,LOGICAL,False,1,src/frame/FRmod.f90,0,
BMETAL,ETmod,src/evapotranspiration/ETmod.f90,96,LOGICAL,False,2,src/driver/rest.f90;src/frame/FRmod.f90,0,
BMETDATES,ETmod,src/evapotranspiration/ETmod.f90,97,LOGICAL,False,2,src/driver/rest.f90;src/frame/FRmod.f90,0,
MODE,ETmod,src/evapotranspiration/ETmod.f90,99,INTEGER,False,1,src/frame/FRmod.f90,0,
NF,ETmod,src/evapotranspiration/ETmod.f90,100,INTEGER,False,1,src/frame/FRmod.f90,0,
MEASPE,ETmod,src/evapotranspiration/ETmod.f90,101,INTEGER,False,2,src/driver/rest.f90;src/frame/FRmod.f90,0,
MODECS,ETmod,src/evapotranspiration/ETmod.f90,102,INTEGER,False,2,src/driver/rest.f90;src/frame/FRmod.f90,0,
MODEPL,ETmod,src/evapotranspiration/ETmod.f90,103,INTEGER,False,2,src/driver/rest.f90;src/frame/FRmod.f90,0,
MODECL,ETmod,src/evapotranspiration/ETmod.f90,104,INTEGER,False,2,src/driver/rest.f90;src/frame/FRmod.f90,0,
MODEVH,ETmod,src/evapotranspiration/ETmod.f90,105,INTEGER,False,2,src/driver/rest.f90;src/frame/FRmod.f90,0,
NCTCST,ETmod,src/evapotranspiration/ETmod.f90,106,INTEGER,False,3,src/driver/rest.f90;src/driver/run_sim.f90;src/frame/FRmod.f90,0,
NCTPLA,ETmod,src/evapotranspiration/ETmod.f90,107,INTEGER,False,3,src/driver/rest.f90;src/driver/run_sim.f90;src/frame/FRmod.f90,0,
NCTCLA,ETmod,src/evapotranspiration/ETmod.f90,108,INTEGER,False,3,src/driver/rest.f90;src/driver/run_sim.f90;src/frame/FRmod.f90,0,
NCTVHT,ETmod,src/evapotranspiration/ETmod.f90,109,INTEGER,False,3,src/driver/rest.f90;src/driver/run_sim.f90;src/frame/FRmod.f90,0,
RA,ETmod,src/evapotranspiration/ETmod.f90,111,DOUBLEPRECISION,False,2,src/driver/run_sim.f90;src/frame/FRmod.f90,0,
RC,ETmod,src/evapotranspiration/ETmod.f90,112,DOUBLEPRECISION,False,2,src/driver/run_sim.f90;src/frame/FRmod.f90,0,
RTOP,ETmod,src/evapotranspiration/ETmod.f90,113,DOUBLEPRECISION,False,1,src/frame/FRmod.f90,0,
CSTCAP,ETmod,src/evapotranspiration/ETmod.f90,114,DOUBLEPRECISION,False,3,src/driver/rest.f90;src/driver/run_sim.f90;src/frame/FRmod.f90,0,
CK,ETmod,src/evapotranspiration/ETmod.f90,115,DOUBLEPRECISION,False,1,src/frame/FRmod.f90,0,
CB,ETmod,src/evapotranspiration/ETmod.f90,116,DOUBLEPRECISION,False,1,src/frame/FRmod.f90,0,
DEL,ETmod,src/evapotranspiration/ETmod.f90,117,DOUBLEPRECISION,False,2,src/driver/rest.f90;src/driver/run_sim.f90,0,
PSI4,ETmod,src/evapotranspiration/ETmod.f90,118,DOUBLEPRECISION,False,1,src/driver/run_sim.f90,0,
UZALFA,ETmod,src/evapotranspiration/ETmod.f90,119,DOUBLEPRECISION,False,1,src/driver/run_sim.f90,0,
CSTCA1,ETmod,src/evapotranspiration/ETmod.f90,120,DOUBLEPRECISION,False,2,src/driver/rest.f90;src/frame/FRmod.f90,0,
PLAI1,ETmod,src/evapotranspiration/ETmod.f90,121,DOUBLEPRECISION,False,2,src/driver/rest.f90;src/frame/FRmod.f90,0,
CLAI1,ETmod,src/evapotranspiration/ETmod.f90,122,DOUBLEPRECISION,False,2,src/driver/rest.f90;src/frame/FRmod.f90,0,
VHT1,ETmod,src/evapotranspiration/ETmod.f90,123,DOUBLEPRECISION,False,2,src/driver/rest.f90;src/frame/FRmod.f90,0,
PS1,ETmod,src/evapotranspiration/ETmod.f90,124,DOUBLEPRECISION,False,1,src/frame/FRmod.f90,0,
FET,ETmod,src/evapotranspiration/ETmod.f90,125,DOUBLEPRECISION,False,1,src/frame/FRmod.f90,0,
RCF,ETmod,src/evapotranspiration/ETmod.f90,126,DOUBLEPRECISION,False,1,src/frame/FRmod.f90,0,
RELCST,ETmod,src/evapotranspiration/ETmod.f90,127,DOUBLEPRECISION,False,2,src/driver/rest.f90;src/frame/FRmod.f90,0,
TIMCST,ETmod,src/evapotranspiration/ETmod.f90,128,DOUBLEPRECISION,False,2,src/driver/rest.f90;src/frame/FRmod.f90,0,
RELPLA,ETmod,src/evapotranspiration/ETmod.f90,129,DOUBLEPRECISION,False,2,src/driver/rest.f90;src/frame/FRmod.f90,0,
TIMPLA,ETmod,src/evapotranspiration/ETmod.f90,130,DOUBLEPRECISION,False,2,src/driver/rest.f90;src/frame/FRmod.f90,0,
RELCLA,ETmod,src/evapotranspiration/ETmod.f90,131,DOUBLEPRECISION,False,2,src/driver/rest.f90;src/frame/FRmod.f90,0,
TIMCLA,ETmod,src/evapotranspiration/ETmod.f90,132,DOUBLEPRECISION,False,2,src/driver/rest.f90;src/frame/FRmod.f90,0,
RELVHT,ETmod,src/evapotranspiration/ETmod.f90,133,DOUBLEPRECISION,False,2,src/driver/rest.f90;src/frame/FRmod.f90,0,
TIMVHT,ETmod,src/evapotranspiration/ETmod.f90,134,DOUBLEPRECISION,False,2,src/driver/rest.f90;src/frame/FRmod.f90,0,
msg,ETmod,src/evapotranspiration/ETmod.f90,136,CHARACTER(132),False,0,,0,
IAOUT,FRmod,src/frame/FRmod.f90,119,INTEGER,False,0,,0,
ALLOUT,FRmod,src/frame/FRmod.f90,120,DOUBLEPRECISION,False,0,,0,
DTAO,FRmod,src/frame/FRmod.f90,121,DOUBLEPRECISION,False,0,,0,
TSH,FRmod,src/frame/FRmod.f90,122,DOUBLEPRECISION,False,1,src/driver/run_sim.f90,0,
TCH,FRmod,src/frame/FRmod.f90,123,DOUBLEPRECISION,False,1,src/driver/run_sim.f90,0,
BFRTS1,FRmod,src/frame/FRmod.f90,124,LOGICAL,False,0,,0,
BFRTS2,FRmod,src/frame/FRmod.f90,125,LOGICAL,False,0,,0,
BINFRP,FRmod,src/frame/FRmod.f90,126,LOGICAL,False,0,,0,
BTIME,FRmod,src/frame/FRmod.f90,127,LOGICAL,False,1,src/driver/run_sim.f90,0,
BSOFT,FRmod,src/frame/FRmod.f90,128,LOGICAL,False,1,src/driver/rest.f90,0,
BSTORE,FRmod,src/frame/FRmod.f90,129,LOGICAL,False,1,src/driver/run_sim.f90,0,
BPPNET,FRmod,src/frame/FRmod.f90,130,LOGICAL,False,0,,0,
BPEPOT,FRmod,src/frame/FRmod.f90,131,LOGICAL,False,0,,0,
BPQOC,FRmod,src/frame/FRmod.f90,132,LOGICAL,False,0,,0,
BPDEP,FRmod,src/frame/FRmod.f90,133,LOGICAL,False,0,,0,
BPQF,FRmod,src/frame/FRmod.f90,134,LOGICAL,False,0,,0,
BPQH,FRmod,src/frame/FRmod.f90,135,LOGICAL,False,0,,0,
BPQSZ,FRmod,src/frame/FRmod.f90,136,LOGICAL,False,0,,0,
BPHSZ,FRmod,src/frame/FRmod.f90,137,LOGICAL,False,0,,0,
BPBAL,FRmod,src/frame/FRmod.f90,138,LOGICAL,False,0,,0,
BPSD,FRmod,src/frame/FRmod.f90,139,LOGICAL,False,0,,0,
TITLE,FRmod,src/frame/FRmod.f90,141,CHARACTER(LEN=80),False,0,,0,
msg,FRmod,src/frame/FRmod.f90,142,CHARACTER(256),False,0,,0,
next_hour,FRmod,src/frame/FRmod.f90,144,INTEGER,False,1,src/driver/run_sim.f90,0,
icounter2,FRmod,src/frame/FRmod.f90,145,INTEGER,False,1,src/driver/run_sim.f90,0,
hour_now,FRmod,src/frame/FRmod.f90,146,INTEGER,False,0,,0,
qoctot,FRmod,src/frame/FRmod.f90,147,DOUBLEPRECISION,False,1,src/driver/run_sim.f90,0,
uzold,FRmod,src/frame/FRmod.f90,148,DOUBLEPRECISION,False,1,src/driver/run_sim.f90,0,
uznowt,FRmod,src/frame/FRmod.f90,149,DOUBLEPRECISION,False,0,,0,
sedtot,FRmod,src/frame/FRmod.f90,150,DOUBLEPRECISION,False,0,,0,
sedfinetot,FRmod,src/frame/FRmod.f90,151,DOUBLEPRECISION,False,0,,0,
contamtot,FRmod,src/frame/FRmod.f90,152,DOUBLEPRECISION,False,0,,0,
qoctotextra,FRmod,src/frame/FRmod.f90,153,DOUBLEPRECISION,False,0,,0,
PREVTM,FRmod,src/frame/FRmod.f90,155,DOUBLEPRECISION,False,0,,0,
TIMB,FRmod,src/frame/FRmod.f90,156,DOUBLEPRECISION,False,0,,0,
FIRST_frmb,FRmod,src/frame/FRmod.f90,157,LOGICAL,False,0,,0,
SEDSRT,FRmod,src/frame/FRmod.f90,158,LOGICAL,False,0,,0,
GNUCUM,FRmod,src/frame/FRmod.f90,159,DOUBLEPRECISION,False,0,,0,
DLSSRT,FRmod,src/frame/FRmod.f90,160,DOUBLEPRECISION,False,0,,0,
cahum,MNmod,src/nitrate/MNmod.f90,72,DOUBLEPRECISION,False,0,,0,
calit,MNmod,src/nitrate/MNmod.f90,73,DOUBLEPRECISION,False,0,,0,
caman,MNmod,src/nitrate/MNmod.f90,74,DOUBLEPRECISION,False,0,,0,
cdort,MNmod,src/nitrate/MNmod.f90,75,DOUBLEPRECISION,False,0,,0,
chum,MNmod,src/nitrate/MNmod.f90,76,DOUBLEPRECISION,False,0,,0,
chum1,MNmod,src/nitrate/MNmod.f90,77,DOUBLEPRECISION,False,0,,0,
clit,MNmod,src/nitrate/MNmod.f90,78,DOUBLEPRECISION,False,0,,0,
clit1,MNmod,src/nitrate/MNmod.f90,79,DOUBLEPRECISION,False,0,,0,
cman,MNmod,src/nitrate/MNmod.f90,80,DOUBLEPRECISION,False,0,,0,
cman1,MNmod,src/nitrate/MNmod.f90,81,DOUBLEPRECISION,False,0,,0,
denit,MNmod,src/nitrate/MNmod.f90,82,DOUBLEPRECISION,False,0,,0,
dummy4,MNmod,src/nitrate/MNmod.f90,83,DOUBLEPRECISION,False,0,,0,
dummy6,MNmod,src/nitrate/MNmod.f90,84,DOUBLEPRECISION,False,0,,0,
edeth,MNmod,src/nitrate/MNmod.f90,85,DOUBLEPRECISION,False,0,,0,
emph,MNmod,src/nitrate/MNmod.f90,86,DOUBLEPRECISION,False,0,,0,
emt,MNmod,src/nitrate/MNmod.f90,87,DOUBLEPRECISION,False,0,,0,
enph,MNmod,src/nitrate/MNmod.f90,88,DOUBLEPRECISION,False,0,,0,
ent,MNmod,src/nitrate/MNmod.f90,89,DOUBLEPRECISION,False,0,,0,
gam,MNmod,src/nitrate/MNmod.f90,90,DOUBLEPRECISION,False,0,,0,
gamtmp,MNmod,src/nitrate/MNmod.f90,91,DOUBLEPRECISION,False,0,,0,
imamm,MNmod,src/nitrate/MNmod.f90,92,DOUBLEPRECISION,False,0,,0,
imdiff,MNmod,src/nitrate/MNmod.f90,93,DOUBLEPRECISION,False,0,,0,
imnit,MNmod,src/nitrate/MNmod.f90,94,DOUBLEPRECISION,False,0,,0,
isimtf,MNmod,src/nitrate/MNmod.f90,95,LOGICAL,False,0,,0,
kd1,MNmod,src/nitrate/MNmod.f90,96,DOUBLEPRECISION,False,0,,0,
kd2,MNmod,src/nitrate/MNmod.f90,97,DOUBLEPRECISION,False,0,,0,
khum,MNmod,src/nitrate/MNmod.f90,98,DOUBLEPRECISION,False,0,,0,
klit,MNmod,src/nitrate/MNmod.f90,99,DOUBLEPRECISION,False,0,,0,
kman,MNmod,src/nitrate/MNmod.f90,100,DOUBLEPRECISION,False,0,,0,
knit,MNmod,src/nitrate/MNmod.f90,101,DOUBLEPRECISION,False,0,,0,
kvol,MNmod,src/nitrate/MNmod.f90,102,DOUBLEPRECISION,False,0,,0,
miner,MNmod,src/nitrate/MNmod.f90,103,DOUBLEPRECISION,False,0,,0,
naamm,MNmod,src/nitrate/MNmod.f90,104,DOUBLEPRECISION,False,0,,0,
namm,MNmod,src/nitrate/MNmod.f90,105,DOUBLEPRECISION,False,0,,0,
namm1,MNmod,src/nitrate/MNmod.f90,106,DOUBLEPRECISION,False,0,,0,
nanit,MNmod,src/nitrate/MNmod.f90,107,DOUBLEPRECISION,False,0,,0,
ndnit,MNmod,src/nitrate/MNmod.f90,108,DOUBLEPRECISION,False,0,,0,
ndsnt,MNmod,src/nitrate/MNmod.f90,109,DOUBLEPRECISION,False,0,,0,
nlit,MNmod,src/nitrate/MNmod.f90,110,DOUBLEPRECISION,False,0,,0,
nlit1,MNmod,src/nitrate/MNmod.f90,111,DOUBLEPRECISION,False,0,,0,
nman,MNmod,src/nitrate/MNmod.f90,112,DOUBLEPRECISION,False,0,,0,
nman1,MNmod,src/nitrate/MNmod.f90,113,DOUBLEPRECISION,False,0,,0,
ntrf,MNmod,src/nitrate/MNmod.f90,114,DOUBLEPRECISION,False,0,,0,
plamm,MNmod,src/nitrate/MNmod.f90,115,DOUBLEPRECISION,False,0,,0,
plnit,MNmod,src/nitrate/MNmod.f90,116,DOUBLEPRECISION,False,0,,0,
plup,MNmod,src/nitrate/MNmod.f90,117,DOUBLEPRECISION,False,0,,0,
pphi,MNmod,src/nitrate/MNmod.f90,118,DOUBLEPRECISION,False,0,,0,
snit,MNmod,src/nitrate/MNmod.f90,119,DOUBLEPRECISION,False,0,,0,
temp,MNmod,src/nitrate/MNmod.f90,120,DOUBLEPRECISION,False,0,,0,
vol,MNmod,src/nitrate/MNmod.f90,121,DOUBLEPRECISION,False,0,,0,
MN_PLANT_NVALEE,MNmod,src/nitrate/MNmod.f90,123,INTEGER,True,0,,0,
MN_CONFIG,MNmod,src/nitrate/MNmod.f90,153,TYPE(MN_CONFIG_TYPE),False,0,,0,
MN_WORK,MNmod,src/nitrate/MNmod.f90,154,TYPE(MN_WORKSPACE_TYPE),False,0,,0,
MN_PLANT_STATE,MNmod,src/nitrate/MNmod.f90,155,TYPE(MN_PLANT_STATE_TYPE),False,0,,0,
MN_INITIALISED,MNmod,src/nitrate/MNmod.f90,156,LOGICAL,False,0,,0,
MN_ALLOCATED_NEL,MNmod,src/nitrate/MNmod.f90,157,INTEGER,False,0,,0,
MN_ALLOCATED_NCETOP,MNmod,src/nitrate/MNmod.f90,157,INTEGER,False,0,,0,
XAFULL,ocqdqmod,src/overland_channel/OCQDQMOD.F90,54,DOUBLEPRECISION,False,2,src/driver/run_sim.f90;src/overland_channel/OCmod.f90,0,
COCBCD,ocqdqmod,src/overland_channel/OCQDQMOD.F90,55,DOUBLEPRECISION,False,1,src/overland_channel/OCmod.f90,0,
HOCNOW,ocqdqmod,src/overland_channel/OCQDQMOD.F90,56,DOUBLEPRECISION,False,2,src/driver/run_sim.f90;src/overland_channel/OCmod.f90,0,
QOCF,ocqdqmod,src/overland_channel/OCQDQMOD.F90,57,DOUBLEPRECISION,False,2,src/driver/run_sim.f90;src/overland_channel/OCmod.f90,0,
STRXX,ocqdqmod,src/overland_channel/OCQDQMOD.F90,58,DOUBLEPRECISION,False,3,src/driver/run_sim.f90;src/frame/FRmod.f90;src/overland_channel/OCmod.f90,0,
STRYY,ocqdqmod,src/overland_channel/OCQDQMOD.F90,59,DOUBLEPRECISION,False,3,src/driver/run_sim.f90;src/frame/FRmod.f90;src/overland_channel/OCmod.f90,0,
NELIND,OCmod,src/overland_channel/OCmod.f90,57,INTEGER,False,0,,0,
NROWF,OCmod,src/overland_channel/OCmod.f90,58,INTEGER,False,0,,0,
NROWL,OCmod,src/overland_channel/OCmod.f90,59,INTEGER,False,0,,0,
MAX_SOLVER_ROW_WIDTH,OCmod,src/overland_channel/OCmod.f90,60,INTEGER,False,0,,0,
NOCHB,OCmod,src/overland_channel/OCmod.f90,61,INTEGER,False,0,,0,
NOCFB,OCmod,src/overland_channel/OCmod.f90,62,INTEGER,False,0,,0,
NROWEL,OCmod,src/overland_channel/OCmod.f90,63,INTEGER,False,0,,0,
NROWST,OCmod,src/overland_channel/OCmod.f90,64,INTEGER,False,0,,0,
NXSECT,OCmod,src/overland_channel/OCmod.f90,65,INTEGER,False,0,,0,
HOCLST,OCmod,src/overland_channel/OCmod.f90,68,DOUBLEPRECISION,False,1,src/driver/run_sim.f90,0,
HOCNXT,OCmod,src/overland_channel/OCmod.f90,69,DOUBLEPRECISION,False,1,src/driver/run_sim.f90,0,
QFLAST,OCmod,src/overland_channel/OCmod.f90,70,DOUBLEPRECISION,False,0,,0,
QFNEXT,OCmod,src/overland_channel/OCmod.f90,71,DOUBLEPRECISION,False,1,src/driver/run_sim.f90,0,
TDC,OCmod,src/overland_channel/OCmod.f90,72,DOUBLEPRECISION,False,0,,0,
TFC,OCmod,src/overland_channel/OCmod.f90,73,DOUBLEPRECISION,False,0,,0,
HOCPRV,OCmod,src/overland_channel/OCmod.f90,74,DOUBLEPRECISION,False,1,src/driver/run_sim.f90,0,
QOCFIN,OCmod,src/overland_channel/OCmod.f90,75,DOUBLEPRECISION,False,1,src/driver/run_sim.f90,0,
HOCNXV,OCmod,src/overland_channel/OCmod.f90,76,DOUBLEPRECISION,False,1,src/driver/run_sim.f90,0,
XINH,OCmod,src/overland_channel/OCmod.f90,79,DOUBLEPRECISION,False,0,,0,
XINW,OCmod,src/overland_channel/OCmod.f90,80,DOUBLEPRECISION,False,0,,0,
XAREA,OCmod,src/overland_channel/OCmod.f90,81,DOUBLEPRECISION,False,0,,0,
dtoc,OCmod,src/overland_channel/OCmod.f90,82,DOUBLEPRECISION,False,0,,0,
OCSIM_WORKSPACE,OCmod,src/overland_channel/OCmod.f90,100,TYPE(OCSIM_WORKSPACE_TYPE),False,0,,0,
F23,OCmod2,src/overland_channel/OCmod2.f90,76,DOUBLEPRECISION,True,0,,0,
F53,OCmod2,src/overland_channel/OCmod2.f90,77,DOUBLEPRECISION,True,0,,0,
DZMIN,OCmod2,src/overland_channel/OCmod2.f90,78,DOUBLEPRECISION,True,0,,0,
RDZMIN,OCmod2,src/overland_channel/OCmod2.f90,79,DOUBLEPRECISION,True,0,,0,
H23MIN,OCmod2,src/overland_channel/OCmod2.f90,80,DOUBLEPRECISION,True,0,,0,
ROOT2G,OCmod2,src/overland_channel/OCmod2.f90,81,DOUBLEPRECISION,True,0,,0,
HRFZZ,OCmod2,src/overland_channel/OCmod2.f90,82,DOUBLEPRECISION,False,4,src/contaminant/CMmod.f90;src/driver/run_sim.f90;src/overland_channel/OCmod.f90;src/visualisation/visualisation_interface_left.f90,0,
qsazz,OCmod2,src/overland_channel/OCmod2.f90,83,DOUBLEPRECISION,False,2,src/driver/run_sim.f90;src/overland_channel/OCmod.f90,0,
xstab,OCmod2,src/overland_channel/OCmod2.f90,85,DOUBLEPRECISION,False,1,src/overland_channel/OCmod.f90,0,
nZQcols,ZQmod,src/overland_channel/ZQmod.f90,57,INTEGER(kind=I_P),False,0,,0,
nZQrows,ZQmod,src/overland_channel/ZQmod.f90,58,INTEGER(kind=I_P),False,0,,0,
zcol,ZQmod,src/overland_channel/ZQmod.f90,59,INTEGER(kind=I_P),False,0,,0,
headerRealArray,ZQmod,src/overland_channel/ZQmod.f90,60,REAL(kind=R8P),False,0,,0,
ZQ,ZQmod,src/overland_channel/ZQmod.f90,61,REAL(kind=R8P),False,0,,0,
ZQTableOpHour,ZQmod,src/overland_channel/ZQmod.f90,62,INTEGER(kind=I_P),False,0,,0,
ZQTableRef,ZQmod,src/overland_channel/ZQmod.f90,63,INTEGER(kind=I_P),False,0,,0,
GRAVTY,const_sy,src/sediment/CONST_SY.F90,18,DOUBLEPRECISION,True,0,,1,src/sediment/SYmod.f90
RHOSED,const_sy,src/sediment/CONST_SY.F90,19,DOUBLEPRECISION,True,2,src/frame/FRmod.f90;src/visualisation/visualisation_interface_left.f90,1,src/sediment/SYmod.f90
RHOWAT,const_sy,src/sediment/CONST_SY.F90,20,DOUBLEPRECISION,True,0,,1,src/sediment/SYmod.f90
VISCOS,const_sy,src/sediment/CONST_SY.F90,21,DOUBLEPRECISION,True,0,,1,src/sediment/SYmod.f90
ARBDEP,sed_cs,src/sediment/SED_CS.F90,40,DOUBLEPRECISION,False,2,src/driver/run_sim.f90;src/frame/FRmod.f90,1,src/contaminant/CMmod.f90
DLS,sed_cs,src/sediment/SED_CS.F90,41,DOUBLEPRECISION,False,3,src/driver/run_sim.f90;src/frame/FRmod.f90;src/visualisation/visualisation_interface_left.f90,1,src/contaminant/CMmod.f90
GINFD,sed_cs,src/sediment/SED_CS.F90,42,DOUBLEPRECISION,False,2,src/driver/run_sim.f90;src/frame/FRmod.f90,1,src/contaminant/CMmod.f90
GINFS,sed_cs,src/sediment/SED_CS.F90,43,DOUBLEPRECISION,False,2,src/driver/run_sim.f90;src/frame/FRmod.f90,1,src/contaminant/CMmod.f90
GNU,sed_cs,src/sediment/SED_CS.F90,44,DOUBLEPRECISION,False,3,src/driver/run_sim.f90;src/frame/FRmod.f90;src/visualisation/visualisation_interface_left.f90,1,src/contaminant/CMmod.f90
GNUBK,sed_cs,src/sediment/SED_CS.F90,45,DOUBLEPRECISION,False,2,src/driver/run_sim.f90;src/frame/FRmod.f90,1,src/contaminant/CMmod.f90
DCBED,sed_cs,src/sediment/SED_CS.F90,46,DOUBLEPRECISION,False,2,src/driver/run_sim.f90;src/frame/FRmod.f90,0,
DCBSED,sed_cs,src/sediment/SED_CS.F90,47,DOUBLEPRECISION,False,2,src/driver/run_sim.f90;src/frame/FRmod.f90,0,
FDEL,sed_cs,src/sediment/SED_CS.F90,49,DOUBLEPRECISION,False,2,src/driver/run_sim.f90;src/frame/FRmod.f90,1,src/contaminant/CMmod.f90
FBETA,sed_cs,src/sediment/SED_CS.F90,51,DOUBLEPRECISION,False,2,src/driver/run_sim.f90;src/frame/FRmod.f90,1,src/contaminant/CMmod.f90
FBTSD,sed_cs,src/sediment/SED_CS.F90,52,DOUBLEPRECISION,False,1,src/frame/FRmod.f90,1,src/contaminant/CMmod.f90
PBSED,sed_cs,src/sediment/SED_CS.F90,54,DOUBLEPRECISION,False,2,src/driver/run_sim.f90;src/frame/FRmod.f90,1,src/contaminant/CMmod.f90
PLS,sed_cs,src/sediment/SED_CS.F90,55,DOUBLEPRECISION,False,2,src/driver/run_sim.f90;src/frame/FRmod.f90,0,
SOSDFN,sed_cs,src/sediment/SED_CS.F90,56,DOUBLEPRECISION,False,2,src/driver/run_sim.f90;src/frame/FRmod.f90,1,src/contaminant/CMmod.f90
SOFN,sed_cs,src/sediment/SED_CS.F90,57,DOUBLEPRECISION,False,1,src/frame/FRmod.f90,1,src/contaminant/CMmod.f90
NSOBED,sed_cs,src/sediment/SED_CS.F90,59,INTEGER,False,1,src/frame/FRmod.f90,1,src/contaminant/CMmod.f90
NSED,sed_cs,src/sediment/SED_CS.F90,61,INTEGER,False,3,src/driver/run_sim.f90;src/frame/FRmod.f90;src/visualisation/visualisation_interface_left.f90,1,src/contaminant/CMmod.f90
QLINK,sed_cs,src/sediment/SED_CS.F90,63,DOUBLEPRECISION,False,0,,1,src/contaminant/CMmod.f90
QDEFF,sed_cs,src/sediment/SED_CS.F90,64,DOUBLEPRECISION,False,1,src/frame/FRmod.f90,1,src/contaminant/CMmod.f90
QSED,sed_cs,src/sediment/SED_CS.F90,65,DOUBLEPRECISION,False,3,src/driver/run_sim.f90;src/frame/FRmod.f90;src/visualisation/visualisation_interface_left.f90,0,
FIRST_syackw,SYmod,src/sediment/SYmod.f90,122,LOGICAL,False,0,,0,
FIRST_syfine,SYmod,src/sediment/SYmod.f90,124,LOGICAL,False,0,,0,
WSED_syfine,SYmod,src/sediment/SYmod.f90,125,DOUBLEPRECISION,False,0,,0,
NSYBEE,SYmod,src/sediment/SYmod.f90,127,INTEGER,True,0,,0,
NSYCEE,SYmod,src/sediment/SYmod.f90,128,INTEGER,True,0,,0,
ISACKW_symain,SYmod,src/sediment/SYmod.f90,129,INTEGER,False,0,,0,
ISGSED_symain,SYmod,src/sediment/SYmod.f90,130,INTEGER,False,0,,0,
ISSYOK_symain,SYmod,src/sediment/SYmod.f90,131,INTEGER,False,1,src/driver/run_sim.f90,0,
ISTEC_symain,SYmod,src/sediment/SYmod.f90,132,INTEGER,False,0,,0,
ISUSED_symain,SYmod,src/sediment/SYmod.f90,133,INTEGER,False,0,,0,
NEPS_symain,SYmod,src/sediment/SYmod.f90,134,INTEGER,False,0,,0,
NFINE_symain,SYmod,src/sediment/SYmod.f90,135,INTEGER,False,0,,0,
NSYB_symain,SYmod,src/sediment/SYmod.f90,136,INTEGER,False,0,,0,
NSYBCD_symain,SYmod,src/sediment/SYmod.f90,137,INTEGER,False,0,,0,
NSYC_symain,SYmod,src/sediment/SYmod.f90,138,INTEGER,False,0,,0,
NTSOBK_symain,SYmod,src/sediment/SYmod.f90,139,INTEGER,False,0,,0,
PASS_symain,SYmod,src/sediment/SYmod.f90,140,INTEGER,False,0,,0,
NTSOTP_symain,SYmod,src/sediment/SYmod.f90,141,INTEGER,False,0,,0,
ALPHA_symain,SYmod,src/sediment/SYmod.f90,142,DOUBLEPRECISION,False,0,,0,
CONCOB_symain,SYmod,src/sediment/SYmod.f90,143,DOUBLEPRECISION,False,0,,0,
DCBEDO_symain,SYmod,src/sediment/SYmod.f90,144,DOUBLEPRECISION,False,0,,0,
FBIC_symain,SYmod,src/sediment/SYmod.f90,145,DOUBLEPRECISION,False,0,,0,
FICRIT_symain,SYmod,src/sediment/SYmod.f90,146,DOUBLEPRECISION,False,0,,0,
FPCRIT_symain,SYmod,src/sediment/SYmod.f90,147,DOUBLEPRECISION,False,0,,0,
SYNOW_symain,SYmod,src/sediment/SYmod.f90,148,DOUBLEPRECISION,False,0,,0,
DLSMAX_symain,SYmod,src/sediment/SYmod.f90,149,DOUBLEPRECISION,False,0,,0,
DDBSED_symain,SYmod,src/sediment/SYmod.f90,150,DOUBLEPRECISION,False,0,,0,
ABC_symain,SYmod,src/sediment/SYmod.f90,151,DOUBLEPRECISION,False,0,,0,
ACKW_symain,SYmod,src/sediment/SYmod.f90,152,DOUBLEPRECISION,False,0,,0,
ARXLOL_symain,SYmod,src/sediment/SYmod.f90,153,DOUBLEPRECISION,False,0,,0,
BBC_symain,SYmod,src/sediment/SYmod.f90,154,DOUBLEPRECISION,False,0,,0,
BKB_symain,SYmod,src/sediment/SYmod.f90,155,DOUBLEPRECISION,False,0,,0,
DBFULL_symain,SYmod,src/sediment/SYmod.f90,156,DOUBLEPRECISION,False,0,,0,
DRDRIP_symain,SYmod,src/sediment/SYmod.f90,157,DOUBLEPRECISION,False,0,,0,
DRSED_symain,SYmod,src/sediment/SYmod.f90,158,DOUBLEPRECISION,False,0,,0,
DRSO50_symain,SYmod,src/sediment/SYmod.f90,159,DOUBLEPRECISION,False,0,,0,
DWATOL_symain,SYmod,src/sediment/SYmod.f90,160,DOUBLEPRECISION,False,0,,0,
FCG_symain,SYmod,src/sediment/SYmod.f90,161,DOUBLEPRECISION,False,0,,0,
FCROCK_symain,SYmod,src/sediment/SYmod.f90,162,DOUBLEPRECISION,False,0,,0,
FDRIP_symain,SYmod,src/sediment/SYmod.f90,163,DOUBLEPRECISION,False,0,,0,
FETA_symain,SYmod,src/sediment/SYmod.f90,164,DOUBLEPRECISION,False,0,,0,
FPCLAY_symain,SYmod,src/sediment/SYmod.f90,165,DOUBLEPRECISION,False,0,,0,
GBC_symain,SYmod,src/sediment/SYmod.f90,166,DOUBLEPRECISION,False,0,,0,
GKF_symain,SYmod,src/sediment/SYmod.f90,167,DOUBLEPRECISION,False,0,,0,
GKR_symain,SYmod,src/sediment/SYmod.f90,168,DOUBLEPRECISION,False,0,,0,
RHOSO_symain,SYmod,src/sediment/SYmod.f90,169,DOUBLEPRECISION,False,0,,0,
XDRIP_symain,SYmod,src/sediment/SYmod.f90,170,DOUBLEPRECISION,False,0,,0,
IDUM1A,SYmod,src/sediment/SYmod.f90,175,INTEGER,False,0,,0,
IDUM1X,SYmod,src/sediment/SYmod.f90,176,INTEGER,False,0,,0,
CONCI,SYmod,src/sediment/SYmod.f90,177,DOUBLE PRECISION,False,0,,0,
DCIPRM,SYmod,src/sediment/SYmod.f90,178,DOUBLE PRECISION,False,0,,0,
DDIPRM,SYmod,src/sediment/SYmod.f90,179,DOUBLE PRECISION,False,0,,0,
DRDROP,SYmod,src/sediment/SYmod.f90,180,DOUBLE PRECISION,False,0,,0,
DUMSED,SYmod,src/sediment/SYmod.f90,181,DOUBLE PRECISION,False,0,,0,
DWAT1,SYmod,src/sediment/SYmod.f90,182,DOUBLE PRECISION,False,0,,0,
EPSB,SYmod,src/sediment/SYmod.f90,183,DOUBLE PRECISION,False,0,,0,
FQCONF,SYmod,src/sediment/SYmod.f90,184,DOUBLE PRECISION,False,0,,0,
LRAIN,SYmod,src/sediment/SYmod.f90,185,DOUBLE PRECISION,False,0,,0,
QSDWAT,SYmod,src/sediment/SYmod.f90,186,DOUBLE PRECISION,False,0,,0,
QSEDB,SYmod,src/sediment/SYmod.f90,187,DOUBLE PRECISION,False,0,,0,
QWATB,SYmod,src/sediment/SYmod.f90,188,DOUBLE PRECISION,False,0,,0,
SLOPEJ,SYmod,src/sediment/SYmod.f90,189,DOUBLE PRECISION,False,0,,0,
TAUJ,SYmod,src/sediment/SYmod.f90,190,DOUBLE PRECISION,False,0,,0,
TAUK,SYmod,src/sediment/SYmod.f90,191,DOUBLE PRECISION,False,0,,0,
VCFMAX,SYmod,src/sediment/SYmod.f90,192,DOUBLE PRECISION,False,0,,0,
VINFMX,SYmod,src/sediment/SYmod.f90,193,DOUBLE PRECISION,False,0,,0,
BARM,SYmod,src/sediment/SYmod.f90,194,LOGICAL,False,0,,0,
LDUM,SYmod,src/sediment/SYmod.f90,195,LOGICAL,False,0,,0,
K1_syovtr,SYmod,src/sediment/SYmod.f90,197,DOUBLE PRECISION,True,0,,0,
K3_syovtr,SYmod,src/sediment/SYmod.f90,198,DOUBLE PRECISION,True,0,,0,
K4_syovtr,SYmod,src/sediment/SYmod.f90,199,DOUBLE PRECISION,True,0,,0,
smelt,SMmod,src/snow/SMmod.f90,61,DOUBLEPRECISION,False,3,src/driver/run_sim.f90;src/evapotranspiration/ETmod.f90;src/frame/FRmod.f90,0,
tmelt,SMmod,src/snow/SMmod.f90,62,DOUBLEPRECISION,False,3,src/driver/run_sim.f90;src/evapotranspiration/ETmod.f90;src/frame/FRmod.f90,0,
USM,SMmod,src/snow/SMmod.f90,64,DOUBLEPRECISION,False,0,,0,
DDF,SMmod,src/snow/SMmod.f90,65,DOUBLEPRECISION,False,1,src/frame/FRmod.f90,0,
RHOS,SMmod,src/snow/SMmod.f90,66,DOUBLEPRECISION,False,3,src/driver/run_sim.f90;src/evapotranspiration/ETmod.f90;src/frame/FRmod.f90,0,
ESM,SMmod,src/snow/SMmod.f90,67,DOUBLEPRECISION,False,0,,0,
HFC,SMmod,src/snow/SMmod.f90,68,DOUBLEPRECISION,False,0,,0,
HFR,SMmod,src/snow/SMmod.f90,69,DOUBLEPRECISION,False,0,,0,
HFE,SMmod,src/snow/SMmod.f90,70,DOUBLEPRECISION,False,0,,0,
HFT,SMmod,src/snow/SMmod.f90,71,DOUBLEPRECISION,False,0,,0,
ZUS,SMmod,src/snow/SMmod.f90,72,DOUBLEPRECISION,False,1,src/frame/FRmod.f90,0,
ZDS,SMmod,src/snow/SMmod.f90,73,DOUBLEPRECISION,False,1,src/frame/FRmod.f90,0,
ZOS,SMmod,src/snow/SMmod.f90,74,DOUBLEPRECISION,False,1,src/frame/FRmod.f90,0,
RHODEF,SMmod,src/snow/SMmod.f90,75,DOUBLEPRECISION,False,1,src/frame/FRmod.f90,0,
TOPNET,SMmod,src/snow/SMmod.f90,76,DOUBLEPRECISION,False,0,,0,
PNSNOW,SMmod,src/snow/SMmod.f90,77,DOUBLEPRECISION,False,0,,0,
BINSMP,SMmod,src/snow/SMmod.f90,78,LOGICAL,False,1,src/frame/FRmod.f90,0,
IMET,SMmod,src/snow/SMmod.f90,79,INTEGER,False,1,src/frame/FRmod.f90,0,
NSD,SMmod,src/snow/SMmod.f90,80,INTEGER,False,1,src/frame/FRmod.f90,0,
HEAD,SMmod,src/snow/SMmod.f90,81,DOUBLEPRECISION,False,1,src/frame/FRmod.f90,0,
RHOA,SMmod,src/snow/SMmod.f90,82,DOUBLEPRECISION,True,0,,0,
RHOW,SMmod,src/snow/SMmod.f90,83,DOUBLEPRECISION,True,0,,0,
CPA,SMmod,src/snow/SMmod.f90,84,DOUBLEPRECISION,True,0,,0,
CPW,SMmod,src/snow/SMmod.f90,85,DOUBLEPRECISION,True,0,,0,
CPI,SMmod,src/snow/SMmod.f90,86,DOUBLEPRECISION,True,0,,0,
LWI,SMmod,src/snow/SMmod.f90,87,DOUBLEPRECISION,True,0,,0,
LVW,SMmod,src/snow/SMmod.f90,88,DOUBLEPRECISION,True,0,,0,
HFG,SMmod,src/snow/SMmod.f90,89,DOUBLEPRECISION,True,0,,0,
ICSOILsv,VSmod,src/subsurface/VSmod.f90,125,INTEGER,False,1,src/driver/run_sim.f90,0,
JCBCsv,VSmod,src/subsurface/VSmod.f90,126,INTEGER,False,1,src/driver/run_sim.f90,0,
VSAIJsv,VSmod,src/subsurface/VSmod.f90,127,DOUBLEPRECISION,False,1,src/driver/run_sim.f90,0,
IVSDUM_VSREAD,VSmod,src/subsurface/VSmod.f90,131,INTEGER,False,0,,0,
IVSCAT_VSREAD,VSmod,src/subsurface/VSmod.f90,132,INTEGER,False,0,,0,
ISDUM_VSREAD,VSmod,src/subsurface/VSmod.f90,133,INTEGER,False,0,,0,
RVSDUM_VSREAD,VSmod,src/subsurface/VSmod.f90,134,DOUBLEPRECISION,False,0,,0,
RSDUM_VSREAD,VSmod,src/subsurface/VSmod.f90,135,DOUBLEPRECISION,False,0,,0,
BDONE_VSREAD,VSmod,src/subsurface/VSmod.f90,136,LOGICAL,False,0,,0,
WLLAST,VSmod,src/subsurface/VSmod.f90,138,DOUBLEPRECISION,False,0,,0,
WLTIME,VSmod,src/subsurface/VSmod.f90,139,DOUBLEPRECISION,False,1,src/driver/run_sim.f90,0,
RWELIN,VSmod,src/subsurface/VSmod.f90,140,DOUBLEPRECISION,False,1,src/driver/run_sim.f90,0,
RLFLST,VSmod,src/subsurface/VSmod.f90,141,DOUBLEPRECISION,False,0,,0,
RLFTIM,VSmod,src/subsurface/VSmod.f90,142,DOUBLEPRECISION,False,1,src/driver/run_sim.f90,0,
RLFPRV,VSmod,src/subsurface/VSmod.f90,143,DOUBLEPRECISION,False,1,src/driver/run_sim.f90,0,
RLHLST,VSmod,src/subsurface/VSmod.f90,144,DOUBLEPRECISION,False,1,src/driver/run_sim.f90,0,
RLHTIM,VSmod,src/subsurface/VSmod.f90,145,DOUBLEPRECISION,False,1,src/driver/run_sim.f90,0,
RLHPRV,VSmod,src/subsurface/VSmod.f90,146,DOUBLEPRECISION,False,1,src/driver/run_sim.f90,0,
RLHNXT,VSmod,src/subsurface/VSmod.f90,147,DOUBLEPRECISION,False,1,src/driver/run_sim.f90,0,
RLGLST,VSmod,src/subsurface/VSmod.f90,148,DOUBLEPRECISION,False,1,src/driver/run_sim.f90,0,
RLGTIM,VSmod,src/subsurface/VSmod.f90,149,DOUBLEPRECISION,False,1,src/driver/run_sim.f90,0,
RLGPRV,VSmod,src/subsurface/VSmod.f90,150,DOUBLEPRECISION,False,1,src/driver/run_sim.f90,0,
RLGNXT,VSmod,src/subsurface/VSmod.f90,151,DOUBLEPRECISION,False,1,src/driver/run_sim.f90,0,
RBFLST,VSmod,src/subsurface/VSmod.f90,152,DOUBLEPRECISION,False,0,,0,
RBFTIM,VSmod,src/subsurface/VSmod.f90,153,DOUBLEPRECISION,False,1,src/driver/run_sim.f90,0,
RBFPRV,VSmod,src/subsurface/VSmod.f90,154,DOUBLEPRECISION,False,1,src/driver/run_sim.f90,0,
RBHLST,VSmod,src/subsurface/VSmod.f90,155,DOUBLEPRECISION,False,1,src/driver/run_sim.f90,0,
RBHTIM,VSmod,src/subsurface/VSmod.f90,156,DOUBLEPRECISION,False,1,src/driver/run_sim.f90,0,
RBHPRV,VSmod,src/subsurface/VSmod.f90,157,DOUBLEPRECISION,False,1,src/driver/run_sim.f90,0,
RBHNXT,VSmod,src/subsurface/VSmod.f90,158,DOUBLEPRECISION,False,1,src/driver/run_sim.f90,0,
RLFDUM,VSmod,src/subsurface/VSmod.f90,159,DOUBLEPRECISION,False,1,src/driver/run_sim.f90,0,
RLHDUM,VSmod,src/subsurface/VSmod.f90,160,DOUBLEPRECISION,False,1,src/driver/run_sim.f90,0,
RLGDUM,VSmod,src/subsurface/VSmod.f90,161,DOUBLEPRECISION,False,1,src/driver/run_sim.f90,0,
FIRSTvssim,VSmod,src/subsurface/VSmod.f90,162,LOGICAL,False,1,src/driver/run_sim.f90,0,
errcntallowed,VSmod,src/subsurface/VSmod.f90,163,integer,True,0,,0,
BLOWP,VSmod,src/subsurface/VSmod.f90,168,LOGICAL,False,0,,0,
BHELEV,VSmod,src/subsurface/VSmod.f90,169,LOGICAL,False,0,,0,
NCSZON,VSmod,src/subsurface/VSmod.f90,173,INTEGER,False,0,,0,
NCRBED,VSmod,src/subsurface/VSmod.f90,174,INTEGER,False,0,,0,
JVSALN,VSmod,src/subsurface/VSmod.f90,175,INTEGER,False,0,,0,
ISRBED,VSmod,src/subsurface/VSmod.f90,176,INTEGER,False,0,,0,
NVSWL,VSmod,src/subsurface/VSmod.f90,177,INTEGER,False,0,,0,
NVSSP,VSmod,src/subsurface/VSmod.f90,178,INTEGER,False,0,,0,
NVSLF,VSmod,src/subsurface/VSmod.f90,179,INTEGER,False,0,,0,
NVSLH,VSmod,src/subsurface/VSmod.f90,180,INTEGER,False,0,,0,
NVSLG,VSmod,src/subsurface/VSmod.f90,181,INTEGER,False,0,,0,
NVSBF,VSmod,src/subsurface/VSmod.f90,182,INTEGER,False,0,,0,
NVSBH,VSmod,src/subsurface/VSmod.f90,183,INTEGER,False,0,,0,
NVSBD,VSmod,src/subsurface/VSmod.f90,184,INTEGER,False,0,,0,
NVSWLC,VSmod,src/subsurface/VSmod.f90,185,INTEGER,False,0,,0,
NLBTYP,VSmod,src/subsurface/VSmod.f90,186,INTEGER,False,0,,0,
NLBCAT,VSmod,src/subsurface/VSmod.f90,187,INTEGER,False,0,,0,
NBBTYP,VSmod,src/subsurface/VSmod.f90,188,INTEGER,False,0,,0,
NBBCAT,VSmod,src/subsurface/VSmod.f90,189,INTEGER,False,0,,0,
NVSLFT,VSmod,src/subsurface/VSmod.f90,190,INTEGER,False,0,,0,
NVSLFL,VSmod,src/subsurface/VSmod.f90,191,INTEGER,False,0,,0,
NVSLFN,VSmod,src/subsurface/VSmod.f90,192,INTEGER,False,0,,0,
NVSLHT,VSmod,src/subsurface/VSmod.f90,193,INTEGER,False,0,,0,
NVSLHL,VSmod,src/subsurface/VSmod.f90,194,INTEGER,False,0,,0,
NVSLHN,VSmod,src/subsurface/VSmod.f90,195,INTEGER,False,0,,0,
NVSLGT,VSmod,src/subsurface/VSmod.f90,196,INTEGER,False,0,,0,
NVSLGL,VSmod,src/subsurface/VSmod.f90,197,INTEGER,False,0,,0,
NVSLGN,VSmod,src/subsurface/VSmod.f90,198,INTEGER,False,0,,0,
IVSSTO,VSmod,src/subsurface/VSmod.f90,205,INTEGER,False,1,src/driver/run_sim.f90,0,
DCSZON,VSmod,src/subsurface/VSmod.f90,209,DOUBLEPRECISION,False,0,,0,
DCRBED,VSmod,src/subsurface/VSmod.f90,210,DOUBLEPRECISION,False,0,,0,
DCSTOT,VSmod,src/subsurface/VSmod.f90,211,DOUBLEPRECISION,False,0,,0,
DCRTOT,VSmod,src/subsurface/VSmod.f90,212,DOUBLEPRECISION,False,0,,0,
VSZMIN,VSmod,src/subsurface/VSmod.f90,213,DOUBLEPRECISION,False,0,,0,
VSZMAX,VSmod,src/subsurface/VSmod.f90,214,DOUBLEPRECISION,False,0,,0,
VSK3D,VSmod,src/subsurface/VSmod.f90,215,DOUBLEPRECISION,False,0,,0,
DRBED,VSmod,src/subsurface/VSmod.f90,216,DOUBLEPRECISION,False,0,,0,
VSSPZ,VSmod,src/subsurface/VSmod.f90,217,DOUBLEPRECISION,False,0,,0,
VSSPCO,VSmod,src/subsurface/VSmod.f90,218,DOUBLEPRECISION,False,0,,0,
VSWV,VSmod,src/subsurface/VSmod.f90,219,DOUBLEPRECISION,False,0,,0,
VSWL,VSmod,src/subsurface/VSmod.f90,220,DOUBLEPRECISION,False,0,,0,
VSKR,VSmod,src/subsurface/VSmod.f90,225,DOUBLEPRECISION,False,1,src/driver/run_sim.f90,0,
WLNOW,VSmod,src/subsurface/VSmod.f90,226,DOUBLEPRECISION,False,1,src/driver/run_sim.f90,0,
RLFNOW,VSmod,src/subsurface/VSmod.f90,227,DOUBLEPRECISION,False,1,src/driver/run_sim.f90,0,
RLHNOW,VSmod,src/subsurface/VSmod.f90,228,DOUBLEPRECISION,False,1,src/driver/run_sim.f90,0,
RLGNOW,VSmod,src/subsurface/VSmod.f90,229,DOUBLEPRECISION,False,0,,0,
RBFNOW,VSmod,src/subsurface/VSmod.f90,230,DOUBLEPRECISION,False,1,src/driver/run_sim.f90,0,
RBHNOW,VSmod,src/subsurface/VSmod.f90,231,DOUBLEPRECISION,False,1,src/driver/run_sim.f90,0,
NSOLEE,VSmod,src/subsurface/VSmod.f90,238,INTEGER,False,0,,0,
VSPPSI,VSmod,src/subsurface/VSmod.f90,241,DOUBLEPRECISION,False,1,src/frame/FRmod.f90,0,
VSPTHE,VSmod,src/subsurface/VSmod.f90,242,DOUBLEPRECISION,False,1,src/frame/FRmod.f90,0,
VSPKR,VSmod,src/subsurface/VSmod.f90,243,DOUBLEPRECISION,False,1,src/frame/FRmod.f90,0,
VSPETA,VSmod,src/subsurface/VSmod.f90,244,DOUBLEPRECISION,False,1,src/frame/FRmod.f90,0,
VSPDTH,VSmod,src/subsurface/VSmod.f90,245,DOUBLEPRECISION,False,1,src/frame/FRmod.f90,0,
VSPDKR,VSmod,src/subsurface/VSmod.f90,246,DOUBLEPRECISION,False,1,src/frame/FRmod.f90,0,
VSPDET,VSmod,src/subsurface/VSmod.f90,247,DOUBLEPRECISION,False,1,src/frame/FRmod.f90,0,
VSPSS,VSmod,src/subsurface/VSmod.f90,248,DOUBLEPRECISION,False,0,,0,
VSPPOR,VSmod,src/subsurface/VSmod.f90,249,DOUBLEPRECISION,False,0,,0,
NVSSOL,VSmod,src/subsurface/VSmod.f90,250,INTEGER,False,1,src/frame/FRmod.f90,0,
BFAST,VSmod,src/subsurface/VSmod.f90,258,LOGICAL,False,0,,0,
BSOILP,VSmod,src/subsurface/VSmod.f90,259,LOGICAL,False,0,,0,
IVSFLG,VSmod,src/subsurface/VSmod.f90,263,INTEGER,False,0,,0,
IVSNTB,VSmod,src/subsurface/VSmod.f90,264,INTEGER,False,0,,0,
NVSERR,VSmod,src/subsurface/VSmod.f90,265,INTEGER,False,0,,0,
INITYP,VSmod,src/subsurface/VSmod.f90,266,INTEGER,False,0,,0,
VSTRES,VSmod,src/subsurface/VSmod.f90,271,DOUBLEPRECISION,False,0,,0,
VSVGN,VSmod,src/subsurface/VSmod.f90,272,DOUBLEPRECISION,False,0,,0,
VSALPH,VSmod,src/subsurface/VSmod.f90,273,DOUBLEPRECISION,False,0,,0,
VSIPSD,VSmod,src/subsurface/VSmod.f90,274,DOUBLEPRECISION,False,0,,0,
VSZWLB,VSmod,src/subsurface/VSmod.f90,275,DOUBLEPRECISION,False,0,,0,
VSZWLT,VSmod,src/subsurface/VSmod.f90,276,DOUBLEPRECISION,False,0,,0,
TBPSI,VSmod,src/subsurface/VSmod.f90,277,DOUBLEPRECISION,False,0,,0,
TBTHE,VSmod,src/subsurface/VSmod.f90,278,DOUBLEPRECISION,False,0,,0,
TBKR,VSmod,src/subsurface/VSmod.f90,279,DOUBLEPRECISION,False,0,,0,
TBTHEC,VSmod,src/subsurface/VSmod.f90,280,DOUBLEPRECISION,False,0,,0,
TBKRC,VSmod,src/subsurface/VSmod.f90,281,DOUBLEPRECISION,False,0,,0,
VSSPD,VSmod,src/subsurface/VSmod.f90,282,DOUBLEPRECISION,False,0,,0,
ERRLVL_fatal,mod_error,src/util/mod_error.f90,56,INTEGER(KIND=I_P),True,11,src/driver/rest.f90;src/driver/run_sim.f90;src/evapotranspiration/ETmod.f90;src/frame/FRmod.f90;src/nitrate/MNmod.f90;src/overland_channel/OCmod.f90;src/sediment/SYmod.f90;src/subsurface/VSmod.f90;src/util/mod_load_filedata.f90;src/util/utilsmod.f90;src/visualisation/visualisation_interface_left.f90,0,
ERRLVL_error,mod_error,src/util/mod_error.f90,57,INTEGER(KIND=I_P),True,4,src/frame/FRmod.f90;src/overland_channel/OCmod.f90;src/sediment/SYmod.f90;src/subsurface/VSmod.f90,0,
ERRLVL_warn,mod_error,src/util/mod_error.f90,58,INTEGER(KIND=I_P),True,7,src/evapotranspiration/ETmod.f90;src/frame/FRmod.f90;src/overland_channel/OCmod.f90;src/overland_channel/OCmod2.f90;src/sediment/SYmod.f90;src/subsurface/VSmod.f90;src/util/mod_load_filedata.f90,0,
ERRCODE_fileopen,mod_error,src/util/mod_error.f90,66,INTEGER(KIND=I_P),True,0,,0,
ERRCODE_fileclose,mod_error,src/util/mod_error.f90,67,INTEGER(KIND=I_P),True,0,,0,
ERRCODE_allocate,mod_error,src/util/mod_error.f90,68,INTEGER(KIND=I_P),True,0,,0,
ERRCODE_deallocate,mod_error,src/util/mod_error.f90,69,INTEGER(KIND=I_P),True,0,,0,
ERRCODE_read,mod_error,src/util/mod_error.f90,70,INTEGER(KIND=I_P),True,0,,0,
ERRCODE_write,mod_error,src/util/mod_error.f90,71,INTEGER(KIND=I_P),True,0,,0,
ERRCODE_rewind,mod_error,src/util/mod_error.f90,72,INTEGER(KIND=I_P),True,0,,0,
ERR_limit_error_codes,mod_error,src/util/mod_error.f90,77,INTEGER(KIND=I_P),True,0,,0,
error_counter,mod_error,src/util/mod_error.f90,78,INTEGER(KIND=I_P),False,0,,0,
error_counter_total,mod_error,src/util/mod_error.f90,79,INTEGER(KIND=I_P),False,0,,0,
flag_wait_on_exit,mod_error,src/util/mod_error.f90,80,LOGICAL,False,0,,0,
FID_logfile,mod_error,src/util/mod_error.f90,85,INTEGER(KIND=I_P),True,10,src/driver/rest.f90;src/evapotranspiration/ETmod.f90;src/frame/FRmod.f90;src/nitrate/MNmod.f90;src/overland_channel/OCmod.f90;src/overland_channel/OCmod2.f90;src/sediment/SYmod.f90;src/subsurface/VSmod.f90;src/util/utilsmod.f90;src/visualisation/visualisation_interface_left.f90,0,
helppath,mod_error,src/util/mod_error.f90,86,CHARACTER(LEN=LENGTH_FILEPATH),False,0,,0,
HEAD0_alread,mod_load_filedata,src/util/mod_load_filedata.f90,67,CHARACTER(len=80),False,0,,0,
HEAD0_alredc,mod_load_filedata,src/util/mod_load_filedata.f90,68,CHARACTER(len=80),False,0,,0,
HEAD0_alredi,mod_load_filedata,src/util/mod_load_filedata.f90,69,CHARACTER(len=80),False,0,,0,
HEAD0_alred2,mod_load_filedata,src/util/mod_load_filedata.f90,70,CHARACTER(len=80),False,0,,0,
HEAD0_alredl,mod_load_filedata,src/util/mod_load_filedata.f90,71,CHARACTER(len=80),False,0,,0,
HEAD0_alredf,mod_load_filedata,src/util/mod_load_filedata.f90,72,CHARACTER(len=80),False,0,,0,
eps,utilsmod,src/util/utilsmod.f90,31,DOUBLEPRECISION,True,0,,0,
msg,utilsmod,src/util/utilsmod.f90,32,CHARACTER(128),False,0,,0,
