function_name,kind,source_file,source_module,starting_line,ending_line,doc_block_start_line,move_block_start_line,nested_in_parent,target_file,target_module,target_module_purpose,referenced_by_n_files,referenced_by,possibly_referenced_by_n_files,possibly_referenced_by,documentation
CMRD,subroutine,src/contaminant/CMmod.f90,CMmod,146,610,102,102,False,src/contaminant/cm_input.f90,cm_input,Reads the contaminant data file.,1,src/frame/FRmod.f90,0,,"!> @brief Reads the contaminant data file and initialises contaminant controls.
!>
!> The record sequence is the one documented in the user manual's
!> *Contaminant Migration Components* section:
!>
!> | Records | Current destination |
!> |:--------|:--------------------|
!> | `CM1`--`CM5` | Title, `NCON`, and the local base-boundary selector `ISFLXB`. |
!> | `CM7`--`CM11` | Default and exceptional bottom contaminant cells in `NCOLMB`; `-1` selects `NLYRBE`. |
!> | `CM13`--`CM23` | Local nonlinear flag, bed depths, and property-table counts. |
!> | `CM25`--`CM26e` | Uniform or category/depth-dependent initial concentrations. |
!> | `CM27`--`CM39` | Rain, external-flow, base, and dry-deposition boundary data. |
!> | `CM41`--`CM55` | Soil fractions, reaction/exchange constants, distribution coefficients, and adsorption-site fractions. |
!> | `CM57`--`CM61` | Local mobile-water, diffusion, and dispersivity tables which are read but not retained. |
!>
!> With the local `ISFLXB` true, `CM33` and `CM37` populate `CCAPR`, the
!> concentration convected by base flux. Otherwise they populate the prescribed
!> base-cell concentration `CCAPB`. Spatial initial conditions retain the link
!> default in `CCAPIN`; the assignment of link entries in `NCATTY` remains
!> commented out in current code.
!>
!> `CMD` is opened/closed through `ALRED2`; the title is echoed on `CPR`.
!> Invalid dimensions, element/soil/contaminant indices, or workspace demands
!> call `ERROR` with fatal codes 2101, 2102, or 3001--3008. `IDUM` and `DUMMY`
!> are caller-owned work arrays and their contents are not preserved.
!>
!> @warning The local `ISFLXB` and `ISADNL` declarations shadow the flags in
!> [[is_cc]]. Only the former affects this read routine; neither value reaches
!> the later transport solvers. Likewise `PHIDAT`, `DIFDAT`, and `DISPDT` are
!> local arrays and are discarded. See [[phi]] and [[disp]].
!> @endwarning
!>
!> @note The manual requires `DBDI>DBS` and also records an unexplained legacy
!> restriction that `DBDI` must not equal twice `DBI`. This routine reads both
!> bed depths but validates neither condition.
!> @endnote
!>
!> @history
!> | Date | Author | Version | Description |
!> |:-----|:-------|:--------|:------------|
!> | 1995-02-01 | RAH | 3.4.2 | Created the CM reader represented by this routine. |
!> | 1995-03-22 | RAH | 3.4.2 | Recorded the routine in the legacy modification header. |
!> | 1997-05-01 | SB | 4.2 | Added the spatially distributed initial-condition input path. |
!> @endhistory"
CMSIM,subroutine,src/contaminant/CMmod.f90,CMmod,650,744,612,612,False,src/contaminant/cm_driver.f90,cm_driver,Advances every active contaminant for one subsurface timestep.,1,src/driver/run_sim.f90,0,,"!> @brief Advances every active contaminant through the catchment for one timestep.
!>
!> If `ISSDON` is false, the routine first reconstructs the two link-end flows
!> from `QOC`: north--south links use `(-QOC(:,2),QOC(:,4))`, and east--west
!> links use `(-QOC(:,1),QOC(:,3))`. It then establishes the dimensionless
!> contaminant timestep
!>
!> \[
!> TSE = D0\,DTUZ/Z2SQ .
!> \]
!>
!> When `ISMN` is true, the first call performs [[mnmod:mninitialise]] but does
!> not advance the MN processes; later calls run [[mnmod:mncont]]. The optional
!> plant preparation follows, after which `ISORT` determines the serial sweep:
!> land elements call [[colmw]] then [[colmsm]], and links call [[linkw]] then
!> [[linksm]]. Finally the current link and column concentrations are copied to
!> `CCCCO`/`SSSSO` for the next time level. `RSZWLO` is refreshed from `QVSWEL`
!> inside every contaminant pass, so the same assignment is repeated `NCON`
!> times for each land element.
!>
!> @note The initialization-only first MN call is intentional legacy behaviour.
!> That contaminant solve uses the zero source/sink terms produced by
!> `MNINITIALISE`; the first MN process timestep occurs on the following
!> `CMSIM` call.
!> @endnote
!>
!> @warning Plant preparation is gated by the currently unassigned `ISPLT`
!> module flag described in [[is_cc]].
!> @endwarning
!>
!> @history
!> | Date | Author | Version | Description |
!> |:-----|:-------|:--------|:------------|
!> | 1994-10-03 | RAH | 3.4.1 | Brought the former `AL.P` implicit declarations into the routine. |
!> | 1995-03-22 | RAH | 4.0 | Replaced `RSZWEL` with `QVSWEL` for VSS. |
!> | 1997-03-13 | RAH | 4.1 | Added explicit typing. |
!> | 2025-09-23 | SB | - | Added the mineral-nitrogen call and source/sink coupling. |
!> @endhistory"
COLM,subroutine,src/contaminant/CMmod.f90,CMmod,787,1041,746,746,False,src/contaminant/cm_column.f90,cm_column,Column advection-dispersion-reaction assembly and solution.,0,,0,,"!> @brief Assembles and solves one contaminant balance for one soil column.
!>
!> Shared state prepared by [[colmw]] and [[colmsm]] defines cells
!> `NCEBOT:NCETOP`. For each cell, `COLM` assembles vertical advection and
!> dispersion, four-face lateral transport, dynamic/dead-space exchange,
!> dissolved and sorbed storage, decay/generation, plant and nitrate terms,
!> surface-water coupling, and the selected lower boundary condition.
!>
!> With mobile concentration (C_i), dead-space concentration (S_i), water
!> content \(\theta_i\), mobile fraction \(\phi_i\), dynamic sorption fraction
!> \(f_i\), distribution coefficient \(K_{d,i}\), and Freundlich power \(n\),
!> the old-state storage factors represented by the code are
!>
!> \[
!> F_C=\phi_i\theta_i+f_iK_{d,i}C_i^{n-1},\qquad
!> F_S=(1-\phi_i)\theta_i+(1-f_i)K_{d,i}S_i^{n-1}.
!> \]
!>
!> After mapping physical cells onto local indices, the two linearised rate
!> equations passed to [[slvclm]] are
!>
!> \[
!> FLT_i\Omega_{i-1}+ELT_i\Omega_i+DLT_i\Omega_{i+1}
!>       -GLT_i\epsilon_i=SLT_i,
!> \]
!> \[
!> PLT_i\epsilon_i-TLT_i\Omega_i=QLT_i.
!> \]
!>
!> The solved rates advance `CCAP` and `SCAP` by `TSE`; `WORKA` and `WORKB`
!> then correct the generation/storage terms for the solved nonlinear rates.
!> A flux lower boundary uses the convected `CCPRF`; the alternative replaces
!> the bottom mobile equation with the prescribed `CCAPB` concentration.
!>
!> @history
!> | Date | Author | Version | Description |
!> |:-----|:-------|:--------|:------------|
!> | 1994-10-03 | RAH | 3.4.1 | Brought the former `AL.P` implicit declarations into the routine. |
!> | 1995-05-09 | RAH | 4.0 | Incorporated `KSP` in `OCAPP` and `OCAPP1`. |
!> | 1997-03-13 | RAH | 4.1 | Added explicit typing and generic intrinsics. |
!> @endhistory"
COLMSM,subroutine,src/contaminant/CMmod.f90,CMmod,1086,1421,1043,1043,False,src/contaminant/cm_column.f90,cm_column,Column advection-dispersion-reaction assembly and solution.,0,,0,,"!> @brief Prepares and updates every contaminant in one land or bank column.
!>
!> For column `NCL`, the routine copies the preceding mobile/dead-space state
!> from `CCCCO`/`SSSSO`, prepares soil properties and the effective dispersion
!> \(DDOD=DISP/D0\), and constructs face concentrations. Internal faces use a
!> water-flow-weighted adjacent concentration; catchment boundaries use
!> `CCAPE`; exposed bank faces use the bank column below the bed and link water
!> above it. [[ret]] supplies loose-sediment and surface-water retardation.
!>
!> Rainfall, wells, lower-boundary flow, bank exchange, dry deposition,
!> sediment and parent-contaminant generation are combined with optional plant
!> uptake before [[colm]] is called. If `ISMN` is true, the nitrate process
!> arrays `SSS1` and `SSS2` replace the ordinary plant source terms. For
!> contaminant 1 the direct surface inputs are then suppressed because nitrate
!> inputs are already represented by the MN component.
!>
!> The result is stored with the legacy positive floor
!>
!> \[
!> CCCC=\max(10^{-16},CCAP),\qquad SSSS=\max(10^{-16},SCAP).
!> \]
!>
!> Bank columns additionally populate `FCPBKO` and `GCPBKO`, which [[link]]
!> consumes later in the ordered element sweep. Linear adsorption uses
!> \(\phi\theta+fK_d\) and \((1-\phi)\theta+(1-f)K_d\); the nonlinear branch
!> multiplies each sorption term by the corresponding old concentration raised
!> to `GNN-1`.
!>
!> @warning The module flags `ISFLXB`, `ISADNL`, and `ISPLT` used here are not
!> assigned by current [[cmrd]]. The locally initialised `CDUM` also has implicit
!> `SAVE`; only bank calls recalculate it before element-1 concentration storage.
!> @endwarning
!>
!> @history
!> | Date | Author | Version | Description |
!> |:-----|:-------|:--------|:------------|
!> | 1993-09-30 | GP | 3.4 | Initialised the plant uptake arrays for the inactive-plant case. |
!> | 1994-10-03 | RAH | 3.4.1 | Brought the former `AL.P` implicit declarations into the routine. |
!> | 1996-07-17 | GP | 4.0 | Revised lateral averaging and incorporated well flow in surface inputs. |
!> | 1997-03-14 | RAH | 4.1 | Added explicit typing and split the former mixed-type work common block. |
!> | 1997-05-21 | RAH | 4.1 | Removed redundant shared workspace. |
!> | 2025-09-23 | SB | 4.5.3 | Changed the source terms when the nitrate component is in use. |
!> @endhistory"
COLMW,subroutine,src/contaminant/CMmod.f90,CMmod,1468,1810,1423,1423,False,src/contaminant/cm_column.f90,cm_column,Column advection-dispersion-reaction assembly and solution.,0,,0,,"!> @brief Maps current hydrology and geometry into the one-column contaminant workspace.
!>
!> `COLMW` is called immediately before [[colmsm]] for element `NCL`. It sets
!> the active interval, soil types and nondimensional cell dimensions; moves
!> current hydrological values into their old-state arrays; and prepares
!> old/new water contents, mobile fractions, vertical velocities, lateral
!> flows, surface-water flows, rain, wells, ET, plant withdrawal, and bank/link
!> exchange. The resulting module-scope and `COLM_*` work arrays are valid only
!> for this column.
!>
!> Cell geometry uses the reference length `Z2`:
!>
!> \[
!> KSP_i=\Delta z_i/Z2,\qquad
!> KSPP_i=(z_{i+1}-z_i)/Z2,\qquad
!> ZONE=(ZGRUND-ZCOLMB)/Z2.
!> \]
!>
!> For an explicit bank, `ROH` is the bank share of the bank/link composite
!> width and `VELDUM=1/ROH`; overlapping water contents and vertical flows are
!> width-weighted between bank and link. Ordinary columns use both factors as
!> one. [[phi]] supplies `PPHI` and `PPHI1`. Surface flow signs are
!> `-QOC` on faces 1--2 and `+QOC` on faces 3--4.
!>
!> The top vertical velocity is reconstructed from the surface storage change,
!> evaporation, rainfall, and lateral surface flow. A downward recurrence then
!> balances storage change, wells, root extraction, and lateral subsurface flow.
!> `EMULT` applies correction factors of 0, 0.1, 0.5, and 1 from the top five,
!> next three, next twelve, and remaining cells respectively. The prepared base
!> rate is `QQRF1=AREA(NCL)*UUAJP1(NCEBOT-1)`.
!>
!> @note `NCL` intentionally retains the current declaration without `INTENT`;
!> this documentation-only transfer does not import old-branch attributes.
!> @endnote
!>
!> @history
!> | Date | Author | Version | Description |
!> |:-----|:-------|:--------|:------------|
!> | 1994-10-03 | RAH | 3.4.1 | Brought former include declarations into the routine and removed `INTEGER*2`. |
!> | 1996-07-17 | GP | 4.0 | Reworked bank, well, layer-flow, irrigation, and correction-damping setup. |
!> | 1997-02-18 | RAH | 4.1 | Swapped the principal VSS array subscripts. |
!> | 1997-03-14--1997-05-21 | RAH | 4.1 | Added explicit typing, simplified the shared workspace, and condensed well handling. |
!> | 1998-11-03 | RAH | 4.2 | Removed obsolete `ERUZO` output. |
!> | 2026-04-03 | SvB | - | Modernised the routine's loops and array operations with Gemini assistance. |
!> @endhistory"
DISP,function,src/contaminant/CMmod.f90,CMmod,1821,1838,1812,1812,False,src/contaminant/cm_column.f90,cm_column,Column advection-dispersion-reaction assembly and solution.,0,,0,,"!> @brief Returns the effective longitudinal soil-water dispersion coefficient.
!>
!> This pure placeholder ignores contaminant `NCONT`, soil `JSOIL`, water
!> content `THETA`, and the bounding velocities `UM`/`UP`, and always returns
!> `3.0D-8` m2/s. [[colmsm]] divides the result by reference dispersion `D0`.
!>
!> @warning The manual's `CM59` diffusion and `CM61` dispersivity data are
!> currently discarded by [[cmrd]] and have no effect here.
!> @endwarning"
LINKSM,subroutine,src/contaminant/CMmod.f90,CMmod,1881,2145,1840,1840,False,src/contaminant/cm_channel.f90,cm_channel,Channel-link advection-dispersion-reaction assembly and solution.,0,,0,,"!> @brief Prepares and updates every contaminant in one channel link.
!>
!> For `NLINK`, this routine loads the preceding concentrations of the deep
!> bed, bed surface, and stream water; gathers adjacent-link or boundary
!> concentrations; normalises deposited and suspended sediment fractions; and
!> calls [[fret]] for each storage compartment. A link with `USCP<=0.5` starts
!> from `CCAPIN` and omits stream/bed-surface infiltration; a wet link uses its
!> old stream concentration.
!>
!> The main scaled source terms are
!>
!> \[
!> ICP1=-IIICF\,AREA/(D0\,CLENTH),
!> \]
!> \[
!> QCP1=\frac{(QQQSL1-QQQDUM)CCAPI+QQQDUM\,C_{well}}
!>             {D0\,Z2\,KS},
!> \]
!>
!> and channel-bed exchange uses
!> \(ACSBD1=CWIDTH\,ALPHBD/D0\) and
!> \(ACSBS1=CWIDTH\,ALPHBS/D0\). [[link]] returns the three updated
!> concentrations, which are stored in cells `NCETOP-2:NCETOP`. Their
!> linearised retardation and concentration values are retained for the next
!> contaminant in the decay chain.
!>
!> @warning The `NWELL` and `QQQDUM` referenced here are unassigned
!> module-scope values because [[linkw]] shadows them with locals. The current
!> irrigation source calculation is therefore undefined under standard
!> Fortran.
!> @endwarning
!>
!> @warning `FCPSW1(JBK)` indexes `CCPBK(JBK,NCONT)` as though the contaminant
!> number were a bank-cell number. This can select the wrong cell and can exceed
!> the cell extent when `NCONT` is large; behaviour is retained unchanged.
!> @endwarning
!>
!> @note Both deep-bed and bed-surface infiltration magnitudes currently use
!> `SUMD`, the total `GINFD` rate. `SUMS` is used only to normalise `FBTAS`
!> from `GINFS`; this potentially surprising current distinction is retained.
!> @endnote"
LINKW,subroutine,src/contaminant/CMmod.f90,CMmod,2189,2458,2147,2147,False,src/contaminant/cm_channel.f90,cm_channel,Channel-link advection-dispersion-reaction assembly and solution.,0,,0,,"!> @brief Maps hydrology, topology, banks, and sediment geometry into the link workspace.
!>
!> `LINKW` is called immediately before [[linksm]] for `NLINK`. It maps the
!> link's two ends onto up to six adjacent links, identifies the two bank
!> columns, non-dimensionalises stream and bed storage, and prepares link-end,
!> bank-subsurface, bank-surface, rainfall, and bed-exchange flows. `KS` is the
!> half-link scale `CLENTH/Z2` used by the subsequent equations.
!>
!> A link is treated as wet only when `ACPSF1=ARXL/Z2SQ` is nonzero. The wet
!> path calculates `ACPBDT`, `ACPSFT`, and `WCPBD1`; the dry path zeros those
!> derivatives, its end-flow Peclet terms, and both `QBKB` bank flows. End and
!> bank terms use the current sign/scaling conventions
!>
!> \[
!> PCSFM1=QLINK_1/(D0\,Z2\,ACPSF1),\qquad
!> PCSFP1=QLINK_2/(D0\,Z2\,ACPSF1),
!> \]
!> \[
!> PCPBK1_{b,k}=-QVSH_{b,k}/(D0\,Z2\,KS),\qquad
!> PCPSB1_b=-QBKB_b/(D0\,Z2\,KS).
!> \]
!>
!> It also recalculates `THBED` as a thickness-weighted mean of the adjacent
!> bank water contents, including fractional end cells, capped at `PBSED`.
!> `QQQSL1=-PNETTO*AREA` is the effective rainfall input using the contaminant
!> convention that upward water flow is positive.
!>
!> @warning Local `NWELL` and `QQQDUM` declarations shadow the module values
!> consumed by [[linksm]], so the intended irrigation hand-off does not occur.
!> @endwarning
!>
!> @warning During the final bed-moisture loop, both banks start from the single
!> `NDUM` left by the preceding loop (the bank-2 value). When bank base cells
!> differ, bank 1 is consequently integrated from bank 2's base. The final
!> `SUM/SUMK` also has no zero guard.
!> @endwarning
!>
!> @history
!> | Date | Author | Version | Description |
!> |:-----|:-------|:--------|:------------|
!> | 1997-02-18 | RAH | 4.1 | Swapped the `QVSH`, `DELTAZ`, and `VSTHE` subscripts. |
!> @endhistory"
LINK,subroutine,src/contaminant/CMmod.f90,CMmod,2489,2663,2460,2460,False,src/contaminant/cm_channel.f90,cm_channel,Channel-link advection-dispersion-reaction assembly and solution.,0,,0,,"!> @brief Solves the fully implicit three-compartment contaminant balance for one link.
!>
!> Shared coefficients prepared by [[linkw]] and [[linksm]] couple stream
!> water, bed surface, deeper bed, both banks, adjacent links, sediment,
!> rainfall/well input, decay/generation, and external sinks. The unknowns are
!> rates `WMESF`, `WMEBS`, and `WMEBD`, used after the solve as
!>
!> \[
!> C_{sf}^{n+1}=C_{sf}^n+TSE\,W_{sf},\quad
!> C_{bs}^{n+1}=C_{bs}^n+TSE\,W_{bs},\quad
!> C_{bd}^{n+1}=C_{bd}^n+TSE\,W_{bd}.
!> \]
!>
!> The coefficient groups `ALT`, `BLT`, `DLT`, `ELT`, `FLT`, `HLT`, and
!> `GYLT` and their nonlinear starred forms are mapped onto [[snl3]]'s system
!>
!> \[
!> (A+A_sX_1)X_1-(B+B_sX_2)X_2-CX_3=P,
!> \]
!> \[
!> -(D+D_sX_1)X_1+(E+E_sX_2)X_2-(F+F_sX_3)X_3=Q,
!> \]
!> \[
!> -(H+H_sX_2)X_2+(Y+Y_sX_3)X_3=S.
!> \]
!>
!> For a wet link (`USCP>=0.5`) all three equations are solved. For a dry link,
!> the first row is replaced by `WMESF=0`; the bed-surface and deep-bed
!> equations remain coupled and continue to advance."
PHI,function,src/contaminant/CMmod.f90,CMmod,2674,2693,2665,2665,False,src/contaminant/cm_column.f90,cm_column,Column advection-dispersion-reaction assembly and solution.,0,,0,,"!> @brief Returns the fraction of soil water treated as mobile.
!>
!> This pure placeholder ignores soil type `JSOIL` and water content `THETA`
!> and always returns `0.5D0`. [[colmw]] uses the result for both old and new
!> water states.
!>
!> @warning The `CM57` mobile-water fractions are read into a local array by
!> [[cmrd]] and discarded, so they do not affect this function.
!> @endwarning"
PLCOLM,subroutine,src/contaminant/CMmod.f90,CMmod,2728,2848,2695,2695,False,src/contaminant/cm_plant.f90,cm_plant,Two-compartment plant uptake path.,0,,0,,"!> @brief Calculates plant uptake and advances plant concentrations for one column and contaminant.
!>
!> For every plant type present in `NCL`, rooted cells run from
!> `NCETOP-NRD(JPLTY)` through `NCETOP`. The current mobile and dead-space
!> contributions are
!>
!> \[
!> C_d=XXI\,PPHI\,COLCAP,\qquad
!> C_s=(1-XXI\,PPHI)SOLCAP,\qquad C_t=C_d+C_s.
!> \]
!>
!> Root distribution `PDZF3`, canopy factor `PFTWO/PF2MAX`, maximum uptake
!> `PKMAX`, and `PFONE` distribute uptake into the `EDCAP` and `ESCAP` source
!> terms consumed by [[colm]]. Total uptake is partitioned into the two plant
!> compartments as
!>
!> \[
!> Q=\frac{\sum_k U_k}
!> {PMASS[(1-DELONE)+DELTHR\,DELONE\,PFTWO/PF2MAX]},
!> \]
!> \[
!> QCPAA=(1-DELONE)Q,\qquad
!> QCPBB=DELTHR\,DELONE(PFTWO/PF2MAX)Q.
!> \]
!>
!> Loss of compartment-B mass is recycled to the rooted soil cells before
!> [[plant]] advances `BCPAA` and `BCPBB`. On contaminant 1, parent-generation
!> work arrays are reset for the new chain.
!>
!> @warning The rooted-cell uptake expression divides by `TDUM=C_d+C_s`
!> without a zero guard, and also assumes nonzero `KSP`, `PF2MAX`, `PMASS`, and
!> the uptake-partition denominator.
!> @endwarning"
SLVCLM,subroutine,src/contaminant/CMmod.f90,CMmod,2871,2917,2850,2850,False,src/contaminant/cm_column.f90,cm_column,Column advection-dispersion-reaction assembly and solution.,0,,0,,"!> @brief Solves the coupled mobile/dead-space equations for one column.
!>
!> [[colm]] supplies `N` rows. Eliminating the dead-space rate gives
!>
!> \[
!> \epsilon_i=(QLT_i+TLT_i\Omega_i)/PLT_i,
!> \]
!> \[
!> FLT_i\Omega_{i-1}+
!> \left(ELT_i-\frac{GLT_iTLT_i}{PLT_i}\right)\Omega_i+
!> DLT_i\Omega_{i+1}=SLT_i+\frac{GLT_iQLT_i}{PLT_i}.
!> \]
!>
!> `TRIDAG` solves this reduced system. If nonlinear adsorption is enabled,
!> ten fixed Picard-style updates replace `PLT` by
!> `PLT+PLTSTR*EPS` and add `ELTSTR*OME` to the diagonal before repeating the
!> solve. There is no convergence test or adaptive iteration count.
!>
!> @warning `ISADNL` is the currently unassigned [[is_cc]] module flag, and
!> the routine divides by `PLT`/`PLTE` without a local zero guard.
!> @endwarning"
RET,subroutine,src/contaminant/CMmod.f90,CMmod,2942,2992,2919,2919,False,src/contaminant/cm_sorption.f90,cm_sorption,Soil and sediment sorption retardation factors.,0,,0,,"!> @brief Calculates ground-surface retardation and its linearisation derivatives.
!>
!> This pure helper forms old and new particle-weighted distribution
!> coefficients \(K_o=\sum FRNO_jKDREF_j\) and
!> \(K_n=\sum FRN_jKDREF_j\). For linear adsorption it returns
!>
!> \[
!> R=1+K_o/THO,\qquad R_C=0,\qquad
!> R_T=(K_n/TH-K_o/THO)/DT.
!> \]
!>
!> For nonlinear adsorption, with
!> \(D_o=(K_o/THO)C^{GN-2}\) and \(D_n=(K_n/TH)C^{GN-2}\), it returns
!>
!> \[
!> R=1+D_oC,\qquad R_C=(GN-1)D_o,\qquad
!> R_T=(D_n-D_o)C/DT.
!> \]
!>
!> @warning The routine assumes positive/nonzero `THO`, `TH`, and `DT`.
!> Unlike [[fret]], the nonlinear branch does not special-case `C=0` before
!> evaluating `C**(GN-2)`.
!> @endwarning"
SNL3,subroutine,src/contaminant/CMmod.f90,CMmod,3026,3136,2994,2994,False,src/contaminant/cm_channel.f90,cm_channel,Channel-link advection-dispersion-reaction assembly and solution.,0,,0,,"!> @brief Solves the three-variable nonlinear link system by fixed-point iteration.
!>
!> The equations and unknown rates are
!>
!> \[
!> (A+ASX_1)X_1-(B+BSX_2)X_2-CX_3=P,
!> \]
!> \[
!> -(D+DSX_1)X_1+(E+ESX_2)X_2-(F+FSX_3)X_3=Q,
!> \]
!> \[
!> -(H+HSX_2)X_2+(AY+AYSX_3)X_3=S.
!> \]
!>
!> Starting from zero, the routine applies exactly 100 Gauss--Seidel-style
!> fixed-point updates. It checks legacy lower bounds for the nonlinear
!> convergence region, then performs three more updates and compares their
!> cumulative change with the state after iteration 100. Finally it substitutes
!> the solution into all three equations and sums their normalised residuals.
!>
!> | Diagnostic | Trigger and effect |
!> |:-----------|:-------------------|
!> | Error 1 | A solution lies below a computed convergence-region bound; text is printed. |
!> | Error 2 | A post-solve update changes the combined state by more than `1.0D-2`; text is printed. |
!> | Error 3 | The normalised residual sum is at least `1.0D-2`; messages 1--9
!> are printed and occurrence 10 announces suppression. |
!>
!> @warning Despite the word `FATAL` in diagnostics 1 and 2, this routine does
!> not call `STOP` or `ERROR`. It also has no denominator guards and returns the
!> last iterate even after any diagnostic. The saved error-3 counter makes calls
!> stateful and non-thread-safe.
!> @endwarning"
FRET,subroutine,src/contaminant/CMmod.f90,CMmod,3162,3226,3138,3138,False,src/contaminant/cm_sorption.f90,cm_sorption,Soil and sediment sorption retardation factors.,0,,0,,"!> @brief Calculates link-compartment retardation and its linearisation derivatives.
!>
!> For zero concentration this pure helper returns water storage alone:
!> \(F=THO\), \(F_C=0\), and \(F_T=(TH-THO)/DT\). Otherwise it corrects the
!> old/new particle-weighted distribution coefficients for porosity,
!>
!> \[
!> J_o=\frac{1-PO}{1-PREF}\sum_j FRNO_jKDREF_j,\qquad
!> J_n=\frac{1-P}{1-PREF}\sum_j FRN_jKDREF_j.
!> \]
!>
!> Linear adsorption returns
!> \(F=THO+J_o\), \(F_C=0\), and
!> \(F_T=(TH-THO+J_n-J_o)/DT\). For nonlinear adsorption, defining
!> \(D_o=J_oC^{GN-2}\) and \(D_n=J_nC^{GN-2}\), it returns
!>
!> \[
!> F=TH+D_oC,\qquad F_C=(GN-1)D_o,\qquad
!> F_T=[TH-THO+(D_n-D_o)C]/DT.
!> \]
!>
!> @warning Nonzero-concentration calls assume `PREF/=1` and `DT/=0`; no local
!> validation is performed.
!> @endwarning"
PLANT,subroutine,src/contaminant/CMmod.f90,CMmod,3248,3302,3228,3228,False,src/contaminant/cm_plant.f90,cm_plant,Two-compartment plant uptake path.,0,,0,,"!> @brief Advances the two plant contaminant compartments for one plant type.
!>
!> This is the legacy two-compartment difference model identified by the source
!> as WRSRU/TR/9107/12 section 4.
!>
!> Shared values prepared by [[plcolm]] define scaled compartment masses
!> `GMCPAA`/`GMCPBB`, uptake rates `QCPAA`/`QCPBB`, decay `GCPL`, and the
!> compartment-B mass derivative `GMCBBD`. For positive A mass,
!>
!> \[
!> W_A=\frac{RHOPL\,QCPAA+GMCPAA(GENAA-GCPL\,BCAA)}
!> {GMCPAA(1+GCPL\,TSE)},\qquad BCAA1=BCAA+TSE\,W_A.
!> \]
!>
!> Compartment B uses the same decay/generation balance. Nonnegative mass
!> change subtracts `BCBB*GMCBBD` from its numerator; negative mass change
!> subtracts `GMCBBD*TSE` from its denominator. A missing compartment, or a
!> zero B denominator, produces zero concentration. At exit `GENAA` and `GENBB`
!> retain decay from the old concentrations for the next contaminant in the
!> numeric parent/product chain."
PLPREP,subroutine,src/contaminant/CMmod.f90,CMmod,3314,3340,3304,3304,False,src/contaminant/cm_plant.f90,cm_plant,Two-compartment plant uptake path.,0,,0,,"!> @brief Prepares canopy-dependent plant factors for the current timestep.
!>
!> For every plant type, current leaf-area index is copied to `PFTWO`, whose
!> ratio to `PF2MAX` scales uptake in [[plcolm]]. `DELFOU` is set to one while
!> `CLAI` is nonzero and to residual fraction `FLEFT` after canopy loss:
!>
!> \[
!> PFTWO_p=CLAI_p,\qquad
!> DELFOU_p=\begin{cases}1,&CLAI_p\ne0,\\FLEFT_p,&CLAI_p=0.\end{cases}
!> \]"
initialise_cont_cc,subroutine,src/contaminant/CONT_CC.F90,CONT_CC,108,141,84,84,False,src/contaminant/cm_parameters.f90,cm_parameters,Contaminant properties and shared transport state.,1,src/driver/run_sim.f90,0,,"!> Allocates and zero-initialises the active contaminant state arrays.
!>
!> [[run_sim:simulation]] calls this routine when contaminant transport is
!> enabled, after [[visualisation_interface_left:get_ncon_early]] has read
!> `NCON` and the model dimensions have been established.
!>
!> | Arrays | Allocated shape | Initial value |
!> |:-------|:----------------|:--------------|
!> | `CCCC`, `CCCCO`, `SSSS`, `SSSSO`, `SSS1`, `SSS2` | `(total_no_elements, top_cell_no + 1, NCON)` | Zero |
!> | `FCPBKO`, `GCPBKO` | `(total_no_links, 2, top_cell_no + 1, NCON)` | Zero |
!>
!> The routine has no dummy arguments and mutates allocatable state in
!> `CONT_CC`. Allocation is unconditional and has no `STAT=` handler, so all
!> eight arrays must be unallocated on entry. The current run path calls the
!> routine once and does not explicitly deallocate these arrays; a second call
!> in the same process would therefore fail unless the caller first deallocates
!> them.
!>
!> @history
!> | Date | Author | Version | Description |
!> |:-----|:-------|:--------|:------------|
!> | 2026-03 | SB | 4.6.1 | Added active-size allocation for contaminant state arrays. |
!> | 2026-09-05 | SvB | - | Added STAT= and ERRMSG= reporting for all (de)allocations. |
!> @endhistory"
initialise_colm_cg,subroutine,src/contaminant/column/colm_cg.f90,COLM_CG,109,136,82,82,False,src/contaminant/column/cm_column_geometry.f90,cm_column_geometry,"Column-base, face-overlap and well-flow geometry.",1,src/driver/run_sim.f90,0,,"!> Allocates and zero-initializes the active-size face-overlap arrays.
!>
!> [[run_sim:simulation]] calls this routine once when contaminant transport
!> is enabled, after the model dimensions are available and before the main
!> simulation loop. [[frmod:incm]] later populates the arrays during the first
!> contaminant initialization.
!>
!> | Arrays | Allocated shape | Initial value | Later lifetime |
!> |:-------|:----------------|:--------------|:---------------|
!> | `JKZCOL`, `JOLFN`, `NOLCE` | `(total_no_elements, 2*top_cell_no+1, 4)` | Zero | Released by [[deallocate_colm_cg]]. |
!> | `NOLCEA` | `(total_no_elements, 2*top_cell_no+1, 4)` | Zero | Retained for contaminant timesteps. |
!> | `NOL` | `(total_no_elements, 4)` | Zero | Released by `deallocate_colm_cg`. |
!> | `NOLBT` | `(total_no_elements, top_cell_no+1, 4)` | Zero | Retained for contaminant timesteps. |
!>
!> The routine has no dummy arguments and mutates six allocatable variables in
!> `COLM_CG`. Every allocation is unconditional and has no `STAT=` handler, so
!> all six arrays must be unallocated and both dimension variables established
!> on entry. The normal run path is intentionally one-shot: even after
!> `deallocate_colm_cg`, `NOLBT` and `NOLCEA` remain allocated, so a second call
!> would fail unless the caller first deallocated those retained arrays too.
!>
!> @history
!> | Date | Author | Version | Description |
!> |:-----|:-------|:--------|:------------|
!> | 2026-03-30 | SB | 4.6.1 | Added active-size allocation and zero-initialization for six overlap arrays. |
!> | 2026-09-05 | SvB | - | Added STAT= and ERRMSG= reporting for all (de)allocations. |
!> @endhistory"
deallocate_colm_cg,subroutine,src/contaminant/column/colm_cg.f90,COLM_CG,159,174,138,138,False,src/contaminant/column/cm_column_geometry.f90,cm_column_geometry,"Column-base, face-overlap and well-flow geometry.",1,src/driver/run_sim.f90,0,,"!> Releases the four overlap arrays needed only during contaminant setup.
!>
!> [[run_sim:simulation]] calls this routine immediately after the first
!> [[frmod:incm]] call has finished building column and bank geometry.
!> `JKZCOL`, `JOLFN`, `NOL`, and `NOLCE` have no later active consumer and are
!> deallocated. `NOLBT` and `NOLCEA` deliberately remain allocated because
!> [[cmmod:colmsm]] uses them during every contaminant timestep.
!>
!> The routine has no dummy arguments. Each `DEALLOCATE` statement is
!> unconditional and has no `STAT=` handler, so all four setup-only arrays must
!> be allocated on entry. Calling this routine before [[initialise_colm_cg]] or
!> calling it twice would cause a Fortran runtime error and could leave only a
!> prefix of the four arrays released. No current routine deallocates the two
!> retained mappings; they remain allocated until process termination.
!>
!> @history
!> | Date | Author | Version | Description |
!> |:-----|:-------|:--------|:------------|
!> | 2026-03-30 | SB | 4.6.1 | Added partial cleanup for setup-only overlap arrays. |
!> | 2026-09-05 | SvB | - | Added STAT= and ERRMSG= reporting for all (de)allocations. |
!> @endhistory"
initialise_colm_co,subroutine,src/contaminant/column/colm_co.f90,COLM_CO,128,167,91,91,False,src/contaminant/column/cm_column_previous.f90,cm_column_previous,Previous-timestep column water state.,1,src/driver/run_sim.f90,0,,"!> Allocates and zero-initializes the persistent previous-column water state.
!>
!> [[run_sim:simulation]] calls this routine once when contaminant transport
!> is enabled, after the active model dimensions and contaminant count are
!> available and before the main simulation loop. [[frmod:incm]] later replaces
!> the zero safety values with the initial hydrological state for active
!> non-link columns when the contaminant component reaches its start time.
!>
!> | Arrays | Allocated shape | Initial value |
!> |:-------|:----------------|:--------------|
!> | `DSWO`, `QIO`, `QQRFO`, `RSZWLO`, `ZONEO` | `(total_no_elements)` | `0.0D0` |
!> | `GGAMMO`, `UUAJPO`, `VSTHEO` | `(total_no_elements, top_cell_no+1)` | `0.0D0` |
!> | `QQQSWO` | `(total_no_elements, 4)` | `0.0D0` |
!> | `QQO` | `(total_no_elements, top_cell_no+1, 4)` | `0.0D0` |
!>
!> The routine has no dummy arguments and mutates all ten allocatables in
!> `COLM_CO`. Both dimension variables must already describe the active model,
!> and every array must be unallocated. Its six `ALLOCATE` statements are
!> unconditional and have no `STAT=` handling. An allocation failure, or a
!> second call encountering the already-allocated objects in the first
!> statement, therefore causes Fortran error termination; there is no rollback
!> or cleanup path for earlier statements. No current routine deallocates this
!> state.
!>
!> @note
!> Zero is an allocation-time safety value, not the physical starting state.
!> `INCM` establishes the active old-state entries before the first
!> contaminant update; entries outside the active element/cell ranges retain
!> zero unless another consumer writes them.
!> @endnote
!>
!> @history
!> | Date | Author | Version | Description |
!> |:-----|:-------|:--------|:------------|
!> | 2026-03-30 | SB | 4.6.1 | Added active-size allocation and zero-initialization for ten old-state arrays. |
!> | 2026-09-05 | SvB | - | Added STAT= and ERRMSG= reporting for all (de)allocations. |
!> @endhistory"
initialise_al_c,subroutine,src/core/state/AL_C.F90,AL_C,209,242,183,183,False,src/subsurface/vs_state.f90,vs_state,"Pressure head, water content and the subsurface flux fields.",1,src/subsurface/VSmod.f90,0,,"!> Allocates and zero-initializes active VSS topology and timestep state.
!>
!> [[vsmod:vsconc]] calls this routine once after `top_cell_no` and
!> `total_no_elements` have been established and before it builds vertical
!> cell connectivity. Later VSS, ET, balance, contaminant, nitrate, result,
!> and visualisation routines use the allocated state.
!>
!> | Arrays | Allocated shape | Initial value |
!> |:-------|:----------------|:--------------|
!> | `QVSH`, `JVSACN`, `JVSDEL` | `(4, top_cell_no, total_no_elements)` | Zero |
!> | `QVSV`, `VSPSI`, `VSTHE`, `QVSWLI` | `(top_cell_no, total_no_elements)` | Zero |
!> | `ERUZ` | `(total_no_elements, top_cell_no)` | Zero |
!>
!> The well-flow array's second dimension is the element-capacity-sized
!> well-record domain even though only records established by `NVSWLI` are
!> active. Allocation is unconditional and has no `STAT=` handler; all eight
!> arrays must be unallocated on entry. No current `AL_C` routine releases
!> them.
!>
!> @history
!> | Date | Author | Version | Description |
!> |:-----|:-------|:--------|:------------|
!> | 2019-11-28 | - | - | Active-size allocation and zero-initialization for the six VSS/ET arrays was present in the initial repository snapshot. |
!> | 2026-03-30 | SB | 4.6.1 | Added active-size allocation and zero-initialization for `JVSACN` and `JVSDEL`. |
!> | 2026-09-05 | SvB | - | Added STAT= and ERRMSG= reporting for all (de)allocations. |
!> @endhistory"
initialise_al_c2,subroutine,src/core/state/AL_C.F90,AL_C,267,290,244,244,False,src/subsurface/vs_state.f90,vs_state,"Pressure head, water content and the subsurface flux fields.",1,src/subsurface/VSmod.f90,0,,"!> Allocates and zero-initializes VSS cell and soil-layer geometry.
!>
!> [[vsmod:vsin]] calls this routine once before [[vsmod:vsread]] reads the
!> soil/lithology layers and before [[vsmod:vsconc]] constructs the vertical
!> mesh. `DELTAZ` and `ZVSNOD` retain the compile-time vertical capacity
!> `LLEE`, while the layer arrays retain `NLYREE`; their element extent is the
!> active `total_no_elements`.
!>
!> | Arrays | Allocated shape | Initial value |
!> |:-------|:----------------|:--------------|
!> | `DELTAZ`, `ZVSNOD` | `(LLEE, total_no_elements)` | Zero |
!> | `NLYRBT`, `NTSOIL`, `ZLYRBT` | `(total_no_elements, NLYREE)` | Zero |
!>
!> Allocation is unconditional and has no `STAT=` handler; all five arrays
!> must be unallocated and `total_no_elements` established on entry. No
!> current `AL_C` routine releases them.
!>
!> @history
!> | Date | Author | Version | Description |
!> |:-----|:-------|:--------|:------------|
!> | 2026-03-30 | SB | 4.6.1 | Added active-element allocation and zero-initialization for VSS and soil-layer geometry. |
!> | 2026-09-05 | SvB | - | Added STAT= and ERRMSG= reporting for all (de)allocations. |
!> @endhistory"
initialise_al_c3,subroutine,src/core/state/AL_C.F90,AL_C,311,321,292,292,False,src/evapotranspiration/et_state.f90,et_state,"Canopy, vegetation and evaporation state shared with other components.",1,src/frame/FRmod.f90,0,,"!> Allocates and zero-initializes the root-density function table.
!>
!> [[frmod:frinit]] calls this routine once after `NV` has been read and before
!> [[frmod:inet]] reads ET17 root-density values. The allocated shape is
!> `(NV,LLEE)`, but
!> only `RDF(vegetation,1:NRD(vegetation))` is populated and subsequently used.
!> ET17 supplies node-depth/value pairs from the surface downward; the depths
!> are read for compatibility but current storage retains only the fractions.
!>
!> Allocation is unconditional and has no `STAT=` handler, so `RDF` must be
!> unallocated and `NV` established on entry. No current routine deallocates
!> it.
!>
!> @history
!> | Date | Author | Version | Description |
!> |:-----|:-------|:--------|:------------|
!> | 2026-03-30 | SB | 4.6.1 | Added active-vegetation allocation and zero-initialization for `RDF`. |
!> | 2026-09-05 | SvB | - | Added STAT= and ERRMSG= reporting for all (de)allocations. |
!> @endhistory"
get_dir_and_catch,subroutine,src/driver/getdirqq.f90,GETDIRQQ,137,408,70,70,False,src/driver/command_line.f90,command_line,Command-line parsing and rundata-file selection.,1,src/Shetran.f90,0,,"!> @brief Selects and validates the rundata file and derives run identity paths.
   !>
   !> This is the only public module procedure and is called by [[shetran]] at
   !> process startup. `runfil` is a retained, unread compatibility argument.
   !> Before examining the command line the routine stores the launch working
   !> directory in `rootdir`, clears `SGLOBAL:error_mode`, and counts arguments
   !> with the standard Fortran command-line intrinsics.
   !>
   !> | First argument | Current action |
   !> |:---------------|:---------------|
   !> | `-f` | Require argument 2 and use it as the rundata path. |
   !> | `-c` | Search `catchments.txt` for argument 2, or for `default` when absent. |
   !> | `-a`, QuickWin build | Open a Windows file dialog filtered for `*rundata*.txt` and all files. |
   !> | no arguments, QuickWin build | Synthesize `-a` and open that dialog. |
   !> | no arguments, non-QuickWin build | Synthesize `-f`, diagnose its missing filename, and stop. |
   !> | Legacy dialog aliases, non-QuickWin build | Diagnose that interactive selection requires Intel QuickWin and stop. |
   !> | Anything else | Report an unrecognized option and stop. |
   !>
   !> The legacy dialog aliases are `-m`, `-af`, `-sd`, `-pattern`, `-delinc`,
   !> and `-results`. A non-QuickWin build diagnoses these aliases together with
   !> `-a`; in a QuickWin build only `-a` is recognized and the aliases reach the
   !> default unrecognized-option error.
   !>
   !> `catchments.txt` is resolved relative to the launch working directory,
   !> despite one diagnostic calling it the executable directory. The file is
   !> read on fixed unit 875 as alternating records: a character catchment key,
   !> then a list-directed rundata path. Keys are matched case-sensitively after
   !> trimming. Open errors, incomplete pairs, EOF without a match, and a missing
   !> key all terminate through the contained `print_usage_and_stop` helper.
   !>
   !> After selection, `INQUIRE` must confirm that the rundata file exists. A
   !> basename-only input produces `dirqq='.'`; otherwise `dir_name` and
   !> `base_name` split the path. `join_path` reconstructs `fn` with the platform
   !> separator, while `dirqq` deliberately has no appended separator. The
   !> private `derive_catch_from_filename` helper removes the
   !> final extension and an exact lowercase `rundata_` prefix when present.
   !> Unlike the old branch, other filename stems are accepted as catchment names.
   !>
   !> In a QuickWin build, a successful dialog result is copied only through its
   !> first NUL character. [[comdlger]] handles a nonzero extended dialog error;
   !> an ordinary cancel has `bret=.FALSE.` and stops through the usage helper.
   !>
   !> @warning
   !> The contained `set_error_mode_from_arguments` helper recognizes the exact,
   !> case-sensitive token `-error` anywhere in the arguments, but it runs only
   !> after the mode-specific selection block. Several early failures therefore
   !> stop before the flag is scanned. More importantly, no current routine reads
   !> `error_mode`, so setting it has no observable effect on termination.
   !> @endwarning
   !>
   !> @note
   !> All returned character values use caller-provided fixed-length buffers.
   !> Ordinary Fortran blank padding or truncation applies; this routine does not
   !> diagnose a caller buffer that is too short.
   !> @endnote
   !>
   !> @history
   !> | Date | Author | Version | Description |
   !> |:-----|:-------|:--------|:------------|
   !> | 2020-03-05 | SvB | - | Formatted and cleaned the original selector. |
   !> | 2026-04-01--13 | SvB | - | Replaced Intel-only arguments and paths, removed labels, and restored catchment derivation. |
   !> | 2026-05-08 | SB | - | Added the retained `-error` command-line flag. |
   !> | 2026-05-28 | SB | - | Generalised the routine to work across compilers and operating systems, keeping the Intel/Windows `-a` popup available. |
   !> | 2026-06-08 | SvB | - | Switched to `stdlib_system`, conditional QuickWin, and standard command-line intrinsics. |
   !> | 2026-06-19 | SB | 4.6.4 | Updated option validation and catchment lookup handling. |
   !> | 2026-07-08--11 | SteveB / SvB | 4.6.4 | Reconciled direct and dialog paths and restored `join_path`. |
   !> @endhistory"
derive_catch_from_filename,function,src/driver/getdirqq.f90,GETDIRQQ,337,355,322,322,True,src/driver/command_line.f90,command_line,Command-line parsing and rundata-file selection.,0,,0,,"!> @brief Derives a catchment name from the selected rundata basename.
      !>
      !> The final dot and following extension are removed only when the dot is
      !> beyond position 1. If the remaining stem is longer than eight characters
      !> and begins with the exact lowercase prefix `rundata_`, that prefix is
      !> removed. Every other stem, including mixed-case prefixes and dotfiles,
      !> is returned unchanged after trimming. The function neither validates the
      !> extension nor requires the legacy prefix.
      !>
      !> @history
      !> | Date | Author | Description |
      !> |:-----|:-------|:------------|
      !> | 2026-04-13 | SvB | Extracted catchment-name derivation while removing labelled control flow. |
      !> | 2026-07-08 | SB | Applied derivation to the basename so directory names do not affect the catchment. |
      !> @endhistory"
print_usage_and_stop,subroutine,src/driver/getdirqq.f90,GETDIRQQ,370,377,357,357,True,src/driver/command_line.f90,command_line,Command-line parsing and rundata-file selection.,0,,0,,"!> @brief Prints a startup selection error and portable usage, then stops.
      !>
      !> The supplied message is prefixed with `ERROR:`. Two usage lines describe
      !> the supported `-f` and `-c` forms, after which `STOP 1` terminates the
      !> process. This helper handles option, dialog-cancel, and catchment-lookup
      !> failures that occur before final file-existence validation.
      !>
      !> @history
      !> | Date | Author | Description |
      !> |:-----|:-------|:------------|
      !> | 2026-04-06 | SvB | Replaced the shared terminal-label error path with a contained helper. |
      !> | 2026-06-08 | SvB | Updated the helper for the portable `-f`/`-c` interface. |
      !> @endhistory"
set_error_mode_from_arguments,subroutine,src/driver/getdirqq.f90,GETDIRQQ,395,406,379,379,True,src/driver/command_line.f90,command_line,Command-line parsing and rundata-file selection.,0,,0,,"!> @brief Scans command arguments for the retained `-error` flag.
      !>
      !> Every argument from 1 through the host-associated count `na` is read.
      !> An exact case-sensitive token `-error` sets `SGLOBAL:error_mode` true;
      !> other tokens leave it unchanged. [[get_dir_and_catch]] clears the flag
      !> before selection and calls this helper after its option-specific work.
      !>
      !> No current source reads `error_mode`, so this mutation is retained for
      !> compatibility but has no observable runtime effect.
      !>
      !> @history
      !> | Date | Author | Description |
      !> |:-----|:-------|:------------|
      !> | 2026-05-08 | SB | Added the `-error` option to command-line setup. |
      !> | 2026-06-08 | SvB | Reworked detection to scan the standard Fortran argument list. |
      !> @endhistory"
get_current_dir,subroutine,src/driver/getdirqq.f90,GETDIRQQ,422,435,410,410,False,src/driver/command_line.f90,command_line,Command-line parsing and rundata-file selection.,0,,0,,"!> @brief Returns the launch working directory through Fortran stdlib.
   !>
   !> `stdlib_system:get_cwd` returns an allocatable string. When that string is
   !> allocated, its value is assigned to the caller's fixed-length buffer;
   !> otherwise the routine returns `.` as a portable current-directory fallback.
   !> The routine does not change the process working directory.
   !>
   !> @history
   !> | Date | Author | Description |
   !> |:-----|:-------|:------------|
   !> | 2026-06-08 | SvB | Replaced Intel drive-directory inquiry with Fortran stdlib. |
   !> @endhistory"
handle_command_line_error,subroutine,src/driver/getdirqq.f90,GETDIRQQ,449,458,437,437,False,src/driver/command_line.f90,command_line,Command-line parsing and rundata-file selection.,0,,0,,"!> @brief Reports failure of final rundata-file validation and stops.
   !>
   !> The supplied message is prefixed with `ERROR:`, followed by the same `-f`
   !> and `-c` usage lines emitted by the contained startup-error helper. The
   !> process then terminates with `STOP 1`. The current caller uses this routine
   !> only after `INQUIRE` reports that the selected rundata file does not exist.
   !>
   !> @history
   !> | Date | Author | Description |
   !> |:-----|:-------|:------------|
   !> | 2026-04-01 | SvB | Added the portable command-line failure path. |
   !> @endhistory"
comdlger,subroutine,src/driver/getdirqq.f90,GETDIRQQ,489,537,461,461,False,src/driver/command_line.f90,command_line,Command-line parsing and rundata-file selection.,0,,0,,"!> @brief Reports Intel QuickWin common-file-dialog failures.
   !>
   !> This private routine is compiled only when `SHETRAN_HAVE_QUICKWIN` is
   !> defined. It obtains `COMMDLGEXTENDEDERROR()` after `GETOPENFILENAME`,
   !> returns that value in `iret`, and maps known Windows common-dialog errors
   !> to explanatory text.
   !>
   !> | Error family | Handled constants |
   !> |:-------------|:------------------|
   !> | Resource lookup | `CDERR_FINDRESFAILURE`, `CDERR_LOCKRESFAILURE`, `CDERR_LOADRESFAILURE` |
   !> | Initialization and structure | `CDERR_INITIALIZATION`, `CDERR_LOADSTRFAILURE`, `CDERR_STRUCTSIZE` |
   !> | Memory | `CDERR_MEMALLOCFAILURE`, `CDERR_MEMLOCKFAILURE` |
   !> | Instance, hook, and template | `CDERR_NOHINSTANCE`, `CDERR_NOHOOK`, `CDERR_NOTEMPLATE` |
   !> | Filename dialog | `FNERR_BUFFERTOOSMALL`, `FNERR_INVALIDFILENAME`, `FNERR_SUBCLASSFAILURE` |
   !> | Other nonzero result | `Unknown error number` |
   !>
   !> A zero result returns silently; this is also the normal extended-error
   !> value when the user cancels the dialog, which the caller handles through
   !> its separate logical return. A nonzero result prints the fixed failure
   !> heading and mapped message, then executes an unnumbered `STOP`.
   !>
   !> @history
   !> | Date | Author | Description |
   !> |:-----|:-------|:------------|
   !> | Legacy | - | Added Windows common-dialog extended-error reporting. |
   !> | 2020-03-05 | SvB | Formatted and cleaned the error mapping. |
   !> | 2026-06-08 | SvB | Restricted the dialog helper to conditional QuickWin builds. |
   !> @endhistory"
extra_output,subroutine,src/driver/rest.f90,rest,114,171,77,77,False,src/driver/run_summary.f90,run_summary,"End-of-run error counts, completion record and balance totals.",1,src/Shetran.f90,0,,"!> Writes end-of-run error counts and spatially averaged water-balance summaries.
!>
!> `extra_output` is called once after the simulation loop completes. It
!> prints the `FLERRC`/`SYERRC`/`CMERRC` flow, sediment, and contaminant error
!> counters (indices 0-100, offset by 1000/2000/3000 respectively for the
!> printed error number), the normal-completion line to standard output, and
!> catchment-averaged cumulative-flux and end-of-run storage totals to the
!> `.pri` output, using [[al_d]]'s `BALANC` accumulator and `CAREA`:
!>
!> | `BALANC` index | Quantity |
!> |:---------------|:---------|
!> | 7 | Cumulative precipitation |
!> | 8 | Cumulative canopy evaporation |
!> | 9 | Cumulative soil/surface evaporation |
!> | 10 | Cumulative transpiration |
!> | 11 | Cumulative aquifer flow |
!> | 12 | Cumulative discharge |
!> | 13 | Canopy storage |
!> | 14 | Snow storage |
!> | 15 | Subsurface storage |
!> | 16 | Surface storage |
!> | 17 | Channel storage |
!>
!> Each total is printed as `BALANC(i) * 1000 / CAREA` (mm), converting the
!> volume accumulator (m^3) to a depth over the catchment plan area (m^2).
!>
!> @note
!> As documented on [[al_d]], no current routine assigns `FLERRC`, `SYERRC`,
!> or `CMERRC`; the error-count section of this output is therefore always
!> zero in the current build.
!> @endnote
!>
!> @history
!> | Date | Author | Version | Description |
!> |:-----|:-------|:--------|:------------|
!> | 2005-01-25 | SB | - | Added the spatially averaged cumulative-flux and storage summary output. |
!> @endhistory"
BALWAT,subroutine,src/driver/rest.f90,rest,239,321,173,173,False,src/driver/water_balance.f90,water_balance,Catchment water-balance accumulation and reporting schedule.,1,src/driver/run_sim.f90,0,,"!> Updates the cumulative water-balance error [[al_c]]`:WBERR` for each column or link.
!>
!> The routine computes the change in stored surface/subsurface water since
!> the previous call and compares it with the net supplied depth over the
!> last timestep (precipitation, evaporation, subsurface exchange, well flow,
!> overland flow, and lateral subsurface advection). The residual is
!> accumulated in `WBERR` as a diagnostic depth in metres.
!>
!> The stored depth used by the balance is
!>
!> \[
!> S_{iel} =
!> \begin{cases}
!> ARXL_{iel}/CWIDTH_{iel}, & \text{channel links (}ICMREF(iel,1)=3\text{)},\\
!> HRF_{iel}-ZGRUND_{iel}, & \text{otherwise},
!> \end{cases}
!> + \sum_{k=NLYRBT(iel,1)}^{LL} \Delta z_{k,iel}\,\theta_{k,iel},
!> \]
!>
!> where \(\theta\) is `VSTHE` and `HRF` is read through [[ocmod2:gethrf]].
!> The storage change is \(\Delta S = S_{iel}-S^{old}_{iel}\), where
!> \(S^{old}\) is the previous call's `STORW_balwat`. On the first call
!> (`FIRST_balwat`) `WBERR` is initialised to zero and `STORW_balwat` is
!> primed with \(S\), but no residual is added because no previous storage
!> state is available.
!>
!> On subsequent calls the supplied rate depth before timestep conversion is
!>
!> \[
!> I_{iel} =
!> PNETTO_{iel} - EEVAP_{iel} + QVSBF_{iel} - QVSWEL_{iel}
!> - \sum_k ERUZ_{iel,k}
!> + \frac{Q_{adv}}{AREA_{iel}},
!> \]
!>
!> with channel-bank exchange \(Q_{adv} = -QBKF_{iel,1}-QBKF_{iel,2}\) for
!> channel links, and zero otherwise, before the paired face-direction terms
!> are added for \(j=1,2\):
!>
!> \[
!> Q_{adv} \leftarrow Q_{adv}
!> - QOC_{iel,j} + QOC_{iel,j+2}
!> + \sum_k \left(QVSH_{j,k,iel}+QVSH_{j+2,k,iel}\right).
!> \]
!>
!> The timestep input depth is `DEPTHI = I * DTUZ`, and the diagnostic update
!> is
!>
!> \[
!> WBERR_{iel} \leftarrow WBERR_{iel} + \Delta S - DEPTHI .
!> \]
!>
!> @note
!> This routine has no dummy arguments. It reads and updates shared grid,
!> geometry, flow, and water-level state from `SGLOBAL`, `AL_C`, `AL_D`, and
!> `AL_G`, and calls [[ocmod2:gethrf]] for the current surface water level.
!> @endnote
!>
!> @history
!> | Date | Author | Version | Description |
!> |:-----|:-------|:--------|:------------|
!> | 1994-10-03 | RAH | 3.4.1 | Standard header, explicit declarations, extra comments, and first-pass storage initialisation. |
!> | 1995-02-20 | GP | 4.0 | Updated for the VSS module and revised subsurface flow variables. |
!> | 1997-02-17 | RAH | 4.1 | Swapped array subscripts for `QVSH`, `DELTAZ`, and `VSTHE`; renamed local counters. |
!> | 2026-04-05 | SvB | 4.6.1 | Replaced the `ALINIT` call with a direct `WBERR` array-slice assignment and replaced the `GOTO 400` skip on the first call with the `IF (.NOT. FIRST_balwat)` block. |
!> @endhistory"
READ_DATED_RECORD,subroutine,src/driver/rest.f90,rest,363,440,323,323,False,src/meteorology/met_input.f90,met_input,Reads combined and separate meteorological forcing records.,0,,0,,"!> Reads one dated meteorological record: its timestamp and `NVALUES` values.
   !>
   !> The record text is read into the module buffer `MET_RECORD`, whose capacity
   !> is proportional to the number of values actually expected rather than to a
   !> fixed worst case. The buffer starts at `LENGTH_LINEVERYLONG` characters and
   !> is resized once the first data line has been read successfully, to
   !>
   !> \[
   !> capacity = \max(NVALUES \cdot LENGTH\_TEXT\_R8P,\; len\_trim(record)) +
   !>            RECORD\_HEADROOM .
   !> \]
   !>
   !> Because all dated files (`PRD`, `EPD`, `TAH`, `TAL`) share the buffer, a
   !> later call needing more room grows it again; the capacity therefore
   !> converges to the widest record in use and no per-record allocation occurs.
   !>
   !> A record whose text reaches into the last `RECORD_HEADROOM` characters may
   !> have been truncated. The buffer is then grown (doubled, capped at
   !> `LENGTH_LINEVERYLONG`), the record is re-read after a `BACKSPACE`, and the
   !> run stops with a diagnostic if even `LENGTH_LINEVERYLONG` characters are
   !> not enough.
   !>
   !> The timestamp is parsed once per record into `DATEHOUR` using
   !> [[utilsmod:hour_from_date]]; the seconds field is consumed but not used.
   !> `DATEHOUR` and `VALUES` are left unchanged when the read fails, so an
   !> end-of-file caller keeps whatever fallback it has already set.
   !>
   !> `IOS` follows the usual convention (`<0` end of file, `>0` error) and
   !> `IOSTAGE` reports which step failed, so callers can keep their own
   !> file-specific messages. Only the record read reports end of file: a record
   !> that exists but carries fewer than `NVALUES` values is reported as the
   !> error `IOS_SHORT_RECORD` instead, because it is a data problem rather than
   !> the end of the series.
   !>
   !> @history
   !> | Date | Author | Version | Description |
   !> |:-----|:-------|:--------|:------------|
   !> | 2026-08-22 | SvB | - | Initial version, replacing the fixed 100000-character record buffer in [[metin]]. |
   !> | 2026-09-05 | SvB | - | Added STAT= and ERRMSG= reporting for all (de)allocations. |
   !> @endhistory"
RESIZE_MET_RECORD,subroutine,src/driver/rest.f90,rest,453,472,442,442,False,src/meteorology/met_input.f90,met_input,Reads combined and separate meteorological forcing records.,0,,0,,"!> Reallocates the dated meteorological record buffer `MET_RECORD` to `CAPACITY` characters.
   !>
   !> The buffer contents are not preserved; callers resize it only between
   !> records or immediately before re-reading a record.
   !>
   !> @history
   !> | Date | Author | Version | Description |
   !> |:-----|:-------|:--------|:------------|
   !> | 2026-08-22 | SvB | - | Initial version. |
   !> | 2026-09-05 | SvB | - | Added STAT= and ERRMSG= reporting for all (de)allocations. |
   !> @endhistory"
METIN,subroutine,src/driver/rest.f90,rest,566,1020,474,474,False,src/meteorology/met_input.f90,met_input,Reads combined and separate meteorological forcing records.,0,,0,,"!> Reads or interpolates meteorological forcing required by ET, interception, and snowmelt.
   !>
   !> `METIN` advances precipitation, potential evaporation, radiation, wind,
   !> temperature, vapour pressure deficit, and (via [[utilsmod:terpo1]]) the
   !> current time-varying canopy-storage-capacity, plant/land-cover leaf-area,
   !> and vegetation-height values in [[etmod]] needed for the current
   !> simulation time. In date-aware mode, [[tmstep]] first checks and positions
   !> the dated forcing files; `METIN` then consumes the selected records and
   !> converts their ISO-8601-like date fields to SHETRAN hours using
   !> [[utilsmod:hour_from_date]].
   !>
   !> | Mode | Files and records | Code path |
   !> |:-----|:-------------------|:----------|
   !> | `BMETAL=.FALSE.` | Full meteorological data in `MED`, updated every `DTMET` hours. If `NM=NRAIN`, rainfall and meteorological data share the same station distribution and are read together; optional measured PE follows on the next `MED` record. If `NM/=NRAIN`, meteorological and rainfall data are read from separate `MED` record groups. | Reads `RN`, `U`, `TA`, `DEL`, `VPD`, optional `OBSPE`, and `PINP`. |
   !> | `BMETAL=.TRUE.` | Separate precipitation (`PRD`) and potential-evaporation (`EPD`) files, updated every `DTMET2` and `DTMET3` hours respectively. Optional date-aware files carry an ISO-8601-like first column when `BMETDATES=.TRUE.`, with optional companion max/min-temperature files (`TAH`/`TAL`) when `ISTA` is enabled. | `PINP` is read from `PRD`; potential evaporation `PEIN`/`OBSPE` is read from `EPD`. |
   !>
   !> The principal variables and units are:
   !>
   !> | Variable | Meaning | Input units | Internal use |
   !> |:---------|:--------|:------------|:-------------|
   !> | `ISITE` | Station identifier. | - | Read but not used for interpolation here. |
   !> | `METIME` | Validity time of the current meteorological data. | h | Advanced by `DTMET`, `DTMET2`, or `DTMET3`. |
   !> | `DTMET` | Full meteorological-data interval. | h | `MED` update interval. |
   !> | `DTMET2` | Precipitation-data interval. | h | `PRD` update interval. |
   !> | `DTMET3` | Potential-evaporation-data interval. | h | `EPD` update interval. |
   !> | `PINP` | Precipitation. | mm/hr in `MED`; interval depth over `DTMET2` in `PRD` | Stored as a rate in mm/hr for timestep accumulation in [[tmstep]]. |
   !> | `OBSPE` | Measured potential evaporation/evapotranspiration. | mm/hr in `MED`; interval depth over `DTMET3` in `EPD` | Converted to mm/s for ET calculations. |
   !> | `RN` | Net radiation. | W/m^2 | Used by ET. |
   !> | `U` | Wind speed. | m/s | Used by ET. |
   !> | `TA` | Air temperature. | C | Used by ET and snowmelt; from max/min temperature average when `ISTA` is enabled. |
   !> | `DEL` | Slope of saturation vapour pressure versus temperature. | mb/C | Used by ET. |
   !> | `VPD` | Vapour pressure deficit. | mb | Used by ET. |
   !> | `PA` | Atmospheric pressure. | mb | Read from `MED` into the local `PA` but not otherwise used. |
   !> | `IDATA` | Data-quality indicator. | - | Read from `MED` but not used. |
   !>
   !> For separate `PRD`/`EPD` files the input is an interval amount; the code
   !> converts it to a rate before later timestep averaging:
   !>
   !> \[
   !> PINP_i = \frac{PRD_i}{DTMET2},\qquad
   !> PEIN_i = \frac{EPD_i}{DTMET3}.
   !> \]
   !>
   !> [[tmstep]] later accumulates `PINP` over the model timestep and converts
   !> the average precipitation to `precip_m_per_s` with
   !> `PTOT / UZNEXT / 3.6E6`. For separate `EPD` input, `METIN` accumulates
   !> potential evaporation over the current model timestep,
   !>
   !> \[
   !> PETOT_i = \sum_m \Delta t_m\,PEIN_{i,m},
   !> \]
   !>
   !> then stores the ET-module value as
   !>
   !> \[
   !> OBSPE_i = \frac{PETOT_i}{UZNEXT\,3600},
   !> \]
   !>
   !> in mm/s. When max/min temperature forcing is available, the air
   !> temperature used at the end of the timestep is the simple average
   !> \(TA_i=(TAHIGH_i+TALOW_i)/2\). If an input file ends, the first
   !> occurrence is reported to the `.pri` output and remaining precipitation
   !> or PE values are set to zero, while missing optional max/min
   !> temperatures default to 10 C; a malformed record is a fatal
   !> `ERROR STOP` rather than end-of-file. The legacy comment notes that
   !> precipitation is averaged over the computational timestep elsewhere;
   !> that averaging is performed by [[tmstep]].
   !>
   !> Finally, `METIN` updates any time-varying vegetation parameters flagged
   !> in [[etmod]] (`MODECS`, `MODEPL`, `MODECL`, `MODEVH`) by calling
   !> [[utilsmod:terpo1]] at the current `TIMEUZ` (see [[al_d]]) for canopy-storage
   !> capacity (`CSTCAP`), plant leaf area (`PLAI`), land-cover leaf area
   !> (`CLAI`), and vegetation height (`VHT`), for every vegetation type `1:NV`.
   !>
   !> @note
   !> For dated `PRD`/`EPD`/`TAH`/`TAL` files the parsed dates are used for
   !> start-file checks and initial positioning in [[tmstep]]. Within this
   !> routine the active record windows are still advanced by `DTMET2` and
   !> `DTMET3`. The declared locals `PER`, `TAHIGHT`, and `TALOWT` are never
   !> referenced in the current body.
   !> @endnote
   !>
   !> @history
   !> | Date | Author | Version | Description |
   !> |:-----|:-------|:--------|:------------|
   !> | 1994-10-01 | RAH | 3.4.1 | Added legacy double-precision typing. |
   !> | 1996-12-28 | RAH | 4.1 | Initialised `PELAST`; moved data from `SPEC.ET`; removed redundant interpolation argument. |
   !> | 2026-03-19 | SB | 4.6.1 | Added optional date-aware meteorological input handling (`BMETDATES`, `TAH`/`TAL`). |
   !> | 2026-04-06 | SvB | 4.6.1 | Replaced `GOTO`-driven control flow with named `DO`/`CYCLE`/`EXIT` loop constructs. |
   !> | 2026-05-10 | SvB | - | Replaced interactive ""press enter to continue"" prompts after fatal read errors with `ERROR STOP`. |
   !> | 2026-08-22 | SvB | - | Moved dated record reading into [[rest:read_dated_record]], replacing the fixed 100000-character line buffer. |
   !> @endhistory"
TMSTEP,subroutine,src/driver/rest.f90,rest,1079,1388,1022,1022,False,src/driver/timestep_control.f90,timestep_control,Chooses the next coupled timestep from forcing and error feedback.,1,src/driver/run_sim.f90,0,,"!> Computes the next simulation timestep and reads any required meteorological data.
!>
!> `TMSTEP` is called once per model step. The candidate timestep is limited
!> by soft-start growth, snowmelt conditions, forcing-data record boundaries,
!> the configured maximum timestep, and runtime reductions triggered by
!> selected flow errors; it then advances the meteorological data ([[metin]])
!> needed for the chosen step. This routine is the main point where
!> meteorological file timing and hydrological stability controls meet before
!> the next model step is taken.
!>
!> The candidate timestep is first reduced by these controls:
!>
!> | Control | Code expression | Effect |
!> |:--------|:-----------------|:-------|
!> | Growth from previous step | `UZNEXT*(1+PALFA)` | Prevents abrupt timestep expansion. |
!> | Soft start | `TMAX*0.05*1.03**NSTEP` for the first 102 steps when `BSOFT` is true | Starts the run with smaller steps; disabled for hot starts. |
!> | Snowmelt | `0.5` h when snow is present and any met station has `TA>0` | Limits melt-period steps. |
!> | Runtime errors | `UZNEXT/10` or `UZNEXT/100`, lower-bounded by `0.0003` h | Retries after selected flow errors (`flag_runtime_reduction_errors`/`flag_runtime_reduction_e1060`, cleared after use). |
!>
!> For date-aware forcing (`BMETDATES`) the first call checks that `PRD`,
!> `EPD`, and optional `TAH`/`TAL` records do not start after the simulation
!> start date. It also skips older records until the first record whose date
!> is within about `0.01` h of `TIH` or later, then backspaces so [[metin]]
!> can read that record.
!>
!> Precipitation is accumulated over the candidate timestep by splitting at
!> meteorological record boundaries:
!>
!> \[
!> PTOT_i = \sum_m \Delta t_m\,PINP_{i,m}.
!> \]
!>
!> If any accumulated station total would exceed `PMAX`, the timestep is
!> reduced to the crossing time; if the resulting `UZNEXT` still falls below
!> \(5\times10^{-5}\) h the run stops fatally (`ERROR` code 1025) since this
!> normally indicates a data problem. The final element precipitation rate is
!> then
!>
!> \[
!> precip\_m\_per\_s(e) =
!> \frac{PTOT_{NRAINC(e)}}{UZNEXT\,3.6\times10^6}.
!> \]
!>
!> Finally `METIN(2)` reads or interpolates PE and time-varying
!> vegetation/canopy parameters needed for the timestep.
!>
!> @history
!> | Date | Author | Version | Description |
!> |:-----|:-------|:--------|:------------|
!> | 1993-07 | GP | 3.4 | Reworked `UZNEXT` algorithm and added soft-start controls. |
!> | 1994-10-03 | RAH | 3.4.1 | Added legacy double-precision typing. |
!> | 1996-07-17 | GP | 4.0 | Limited timestep during snowmelt. |
!> | 1998-10-20 | RAH | 4.2 | Reworked control flow and initialisation. |
!> | 2020-07-07 | SB | - | Added timestep reduction after selected runtime errors. |
!> | 2026-03-19 | SB | 4.6.1 | Added date-aware checks for meteorological forcing files. |
!> | 2026-04-06 | SvB | 4.6.1 | Replaced `GOTO`-driven control flow with named `DO`/`CYCLE`/`EXIT` loop constructs. |
!> @endhistory"
SIMULATION,subroutine,src/driver/run_sim.f90,run_sim,191,413,117,117,False,src/driver/simulation_driver.f90,simulation_driver,Model initialisation and the coupled timestep loop.,1,src/Shetran.f90,0,,"!> Runs the SHETRAN simulation from the configured start time to end time.
!>
!> `SIMULATION` is the top-level time-stepping routine called after the
!> model has been configured (see [[shetran]]). It initializes framework and
!> output state, enters the main time loop, asks [[rest:tmstep]] for the next
!> time step, calls the process modules in the required order, writes daily
!> and event-driven output, and exits when `UZNOW` reaches `TTH - TIH`.
!>
!> The routine has no dummy arguments. It operates through module variables
!> imported from `SGLOBAL`, `AL_C`, `AL_D`, `FRmod`, `ETmod`, `VSmod`,
!> `OCmod`, `SYmod`, `CMmod`, `rest`, the visualisation interfaces, and
!> supporting parameter modules.
!>
!> Main loop sequence:
!>
!> | Step | Action |
!> |:-----|:-------|
!> | Select timestep | `TMSTEP` sets `UZNEXT`; `NSTEP` increments and `OCNEXT=UZNEXT`. |
!> | Land hydrology | `ETSIM` runs first, then `VSSIM`; only after both does `UZNOW` advance. |
!> | Link forcing | Channel/link `EPOT`, `PNETTO`, `ESWA`, `EEVAP`, and well additions are updated. |
!> | Surface routing | `OCSIM` advances overland/channel hydraulics, then `OCNOW=UZNOW`. |
!> | Sediment and contaminants | `FRSORT` refreshes ordering; `SYMAIN` runs when sediment is active; `INCM` runs only on the first active contaminant step, with `CMSIM` on later active steps. |
!> | Output | Water balance, monthly balance, optional sediment balance, result output, hot-start output, visualisation, progress, and `FROUTPUT('main ')` are written. |
!>
!> Sediment yield uses a per-element surface-water-elevation buffer, `hrf`,
!> which is allocated (to `total_no_elements`) only when `BEXSY` is true,
!> since it is otherwise unused.
!>
!> Progress is reported once per simulated day (`icounter3` tracks the next
!> reporting time in hours) as a single self-overwriting line, using
!> `ACHAR(13)` (carriage return) with `ADVANCE='NO'` and an explicit `FLUSH`,
!> and includes the elapsed and estimated remaining wall-clock time from
!> `cpu_time`.
!>
!> Hot-start output fields:
!>
!> | Field | Meaning |
!> |:------|:--------|
!> | `time` | Current time `UZNOW`, next step `UZNEXT`, and active top-cell number. |
!> | `cstore` | Canopy storage for land/bank elements. |
!> | `HRF` | Surface-water elevation from `getHRF`. |
!> | `QSA` | Overland face flow from `QSAZZ`. |
!> | `QOC` | Overland/channel face flow. |
!> | `DQ0ST`, `DQIST`, `DQIST2` | Stored flow derivatives. |
!> | `SD`, `TS` | Snowpack depth and snow temperature. |
!> | `NSMC`, `SMELT`, `TMELT` | Snowmelt routing slug count, water amount, and release time. |
!> | `VSPSI` | Variably saturated pressure-head profile. |
!>
!> @note Component ordering is hydrologically significant: ET and VSS are
!> run before the model time is advanced; overland/channel flow is run after
!> rainfall, evaporation, and well transfers are updated; sediment and
!> contaminant calls are gated by their configured start times.
!> @endnote
!>
!> @note The locals `ptub` and `elapsed_time` are declared but not
!> referenced in the current routine body.
!> @endnote
!>
!> @history
!> | Date | Author | Version | Description |
!> |:-----|:-------|:--------|:------------|
!> | 1999-01-28 | SB | - | Incorporated sediment output into the `AIOSTO` result-type selection. |
!> | 2006-03-08 | SB | - | Made mass-balance output (`FRMB`) a daily call. |
!> | 2007-05-02 | SB | - | Added an additional `FROUTPUT('main ')` call. |
!> | 2008-12 | JE | 4.3.5F90 | Extracted the timestep loop from the legacy `shetrn.f` main program into this Fortran 90 computational core. |
!> | 2026-03-19 | SB | 4.6.1 | Added human-readable simulation start/end dates and contaminant allocation setup/cleanup calls. |
!> | 2026-04-03 | SvB | 4.6.1 | Restructured the routine to use `OUTPUT_UNIT` for all console output instead of the non-standard `carriagecontrol='fortran'` unit-6 open. |
!> | 2026-04-23 | SB | 4.6.1 | Added elapsed/remaining wall-clock progress reporting via `cpu_time`. |
!> | 2026-05-03 | SvB | 4.6.1 | Changed `hrf` to an allocatable array, allocated only when sediment yield is active. |
!> | 2026-09-05 | SvB | - | Added STAT= and ERRMSG= reporting for all (de)allocations. |
!> | 2026-09-06 | SvB | - | Checked the `OUTPUT_UNIT` open through [[mod_error:errstat_fileopen]]. |
!> | 2026-09-07 | SvB | - | Status-checked the hotstart state-dump `WRITE` through [[mod_error:errstat_write]]. |
!> @endhistory
!>"
INITIALISE_ETMOD,subroutine,src/evapotranspiration/ETmod.f90,ETmod,178,259,145,145,False,src/evapotranspiration/et_process.f90,et_process,"Penman-Monteith evaporation, interception and transpiration.",1,src/frame/FRmod.f90,0,,"!> @brief Allocates and zero-initialises the run-sized ET state.
!>
!> [[frmod:frinit]] calls this routine after [[frmod:infr]] has established active
!> vegetation (`NV`), meteorological (`NM`), and rainfall (`NRAIN`) counts and
!> before [[frmod:inet]] reads the ET data. All 24 allocatables are initialized to
!> double-precision zero after allocation.
!>
!> | Arrays | Allocated shape | Role |
!> |:-------|:----------------|:-----|
!> | `RA`, `RC`, `RTOP`, `CSTCAP`, `CK`, `CB` | `NV` | Per-vegetation physical controls. |
!> | `CSTCA1`, `PLAI1`, `CLAI1`, `VHT1` | `NV` | Per-vegetation reference values. |
!> | `DEL` | `MAX(NV,NM,NRAIN)` | Forcing slope sized for the largest active legacy index domain. |
!> | `PSI4`, `UZALFA` | `LLEE` | Current vertical-column workspace. |
!> | `PS1`, `FET`, `RCF` | `NV x NUZTAB` | Soil-tension lookup tables. |
!> | `REL*`, `TIM*` | `NV x NVBP` | Time-varying vegetation ratios and breakpoint times. |
!>
!> The larger `DEL` extent is intentional current behaviour: [[rest:metin]]
!> writes it by meteorological-site index, while the three active counts can
!> differ. `NVEE` remains the common compile-time capacity for vegetation,
!> meteorological, and rainfall categories.
!>
!> @warning
!> Allocation is unconditional and has no `STAT=` branch. Call exactly once
!> per process after valid positive run dimensions have been established.
!> @endwarning
!>
!> @history
!> | Date | Author | Version | Description |
!> |:-----|:-------|:--------|:------------|
!> | 2026-03-19 | SB | 4.6 | Added the allocator while converting ET arrays to run-sized storage. |
!> | 2026-05-03 | SvB | - | Expanded `DEL` to `MAX(NV,NM,NRAIN)` to avoid undersizing the meteorological domain. |
!> | 2026-09-05 | SvB | - | Added STAT= and ERRMSG= reporting for all (de)allocations. |
!> @endhistory"
ET,subroutine,src/evapotranspiration/ETmod.f90,ETmod,381,655,261,261,False,src/evapotranspiration/et_process.f90,et_process,"Penman-Monteith evaporation, interception and transpiration.",0,,0,,"!> @brief Computes interception and evapotranspiration for one land element.
!>
!> `IEL` selects meteorological site `MS=NMC(IEL)` and vegetation type
!> `N=NVC(IEL)`. The routine updates shared scalar ET state and the current
!> element's canopy store, root extraction, and cell sinks; [[etin]] converts
!> the millimetre-based results into the model's metre/second arrays.
!>
!> Potential evaporation comes either from measured `OBSPE(MS)` or from the
!> Penman numerator. With `BAR(N)` true, aerodynamic resistance is updated as
!>
!> \[
!> RA_N =
!> \begin{cases}
!> RTOP_N/U_{MS}, & U_{MS}>0,\\
!> 10^{10}, & U_{MS}\leq0.
!> \end{cases}
!> \]
!>
!> The current code then defines
!>
!> \[
!> BOTTOM=LAMDA(DEL_{MS}+GAMMA),
!> \]
!>
!> and either sets `PE=OBSPE(MS)` and `TOP=PE*BOTTOM`, or calculates
!>
!> \[
!> TOP=\max\left(0,
!> RN_{MS}DEL_{MS}+\frac{RHO\,CP\,VPD_{MS}}{RA_N}\right),
!> \qquad PE=TOP/BOTTOM.
!> \]
!>
!> `PE` and actual ET are in mm/s inside this routine. `EINT`, `DRAIN`, and
!> `CSTORE` are timestep depths in mm. Before canopy storage limitation,
!>
!> \[
!> PNET_0=1000P_r(1-CPLAI)DTUZ,\qquad
!> EINT_0=PE\,CPLAI\,DTUZ,
!> \]
!>
!> \[
!> Q=CPLAI(1000P_r-PE).
!> \]
!>
!> | Canopy-store state | Current branch |
!> |:-------------------|:---------------|
!> | `CSTOLD>CSTCAP` and `Q>0` | Integrates exponential drainage while adding net canopy supply. |
!> | `CSTOLD>CSTCAP` and `Q<=0` | Draws down the store; drainage continues only while it remains above capacity. |
!> | `CSTOLD<=CSTCAP` | Scales interception evaporation by wet-canopy fraction `F1`, then drains any excess above capacity. |
!>
!> The exponential drainage relation uses `CK` and `CB`; each branch recovers
!> drainage by canopy mass balance. Final throughfall is
!> `PNET=(PNET_0+DRAIN)/DTUZ`.
!>
!> Actual ET is evaluated for each rooted cell, counting downward from the
!> surface. The manual's modes have these current implementations:
!>
!> | `MODE(N)` | Actual-ET calculation |
!> |:----------|:----------------------|
!> | 1 | Uses constant `RC(N)` in the Penman--Monteith expression; a nonnegative `PSI4` sets `AE=PE`. |
!> | 2 | Linearly interpolates `RC(N)` from the `PS1`/`RCF` table and applies Penman--Monteith. |
!> | 3 | Linearly interpolates `FE=AE/PE` from `PS1`/`FET`, then sets `AE=PE*FE`. |
!>
!> Modes 1 and 2 use
!>
!> \[
!> AE=\frac{TOP}
!> {LAMDA\left(DEL_{MS}+GAMMA(1+RC_N/RA_N)\right)}.
!> \]
!>
!> Values below/above the tension-table range use its first/last row; a
!> nonnegative pressure head uses the last `RCF` value in mode 2 and `FE=1` in
!> mode 3. Interior values are linearly interpolated between adjacent `PS1`
!> rows. Any mode other than 2 or 3 follows the mode-1 branch; notably
!> [[frmod:inet]] also treats legacy `MODE=4` as a constant-`RC` case even
!> though the manual documents only modes 1--3.
!>
!> Root extraction is applied only when no surface water is present:
!>
!> \[
!> E_k=AE\,CPLAI(1-F_1)\frac{RDF_{N,k}}{1+UZALFA_k}.
!> \]
!>
!> The routine accumulates `ERZ` in mm/s, converts each `E_k` to m/s in
!> `ERUZ(IEL,II)`, and writes volumetric sink
!> `S(II)=ERUZ(IEL,II)/DELTAZ(II,IEL)`. Top-cell soil evaporation is
!> `ESOIL=0.5*AE*(1-CPLAI)`. For bank elements the loop is extended to the
!> exposed channel-bed cell. A root range deeper than `top_cell_no` is clipped
!> and warning 4999 is emitted only on the first occurrence.
!>
!> @warning
!> Fatal error 4998 checks `RA<=0` only while calculating unmeasured potential
!> evaporation. Measured `PE` combined with mode 1 or 2 can still divide by an
!> invalid `RA`. The zero-capacity repair also runs only after evaluating
!> `CT1/CSTCAP`, and the logarithmic canopy branches assume valid nonzero
!> `CB` and positive logarithm arguments.
!> @endwarning
!>
!> @warning
!> Mode 3 with `NF=1` and `PSI4==PS1(N,1)<0` enters an empty interpolation
!> loop and can use an undefined `FE`; the manual says the sole row should
!> cover every negative tension. Equal adjacent `PS1` rows are likewise not
!> guarded. An ordinary element with `NRD(N)=0` skips the complete cell loop,
!> leaving `ESOIL` and per-cell extraction state unchanged. Other assumed
!> nonzero denominators include `DTUZ`, `DELTAZ`, and `1+UZALFA`.
!> @endwarning
!>
!> @history
!> | Date | Author | Version | Description |
!> |:-----|:-------|:--------|:------------|
!> | 1992-09-08 | JE | 3.4 | Corrected repeated assignment of root-extraction state. |
!> | 1992-12-11 | GP | 3.4 | Moved dry-soil evaporation and the final top-cell sink update to [[etin]]. |
!> | 1995-07-13 | GP | 4.0 | Removed the former mode-4 calculation and adopted current subsurface-layer state. |
!> | 1997-05-15 | RAH | 4.1 | Swapped `DELTAZ` indices and explicitly typed the routine. |
!> | 1998-10-21 to 1998-11-03 | RAH | 4.2 | Reworked control flow, resistance state, outputs, and root-cell handling. |
!> | 2007-09-04 | SB | - | Revised zero/small-capacity canopy-storage handling and evaporation mass balance. |
!> | 2015-05-27 | SB | - | Limited top-cell soil evaporation to half the short-grass estimate. |
!> | 2026-04-06 | SvB | - | Replaced the remaining table-search GOTOs with structured loops. |
!> | 2026-04-14 | SvB | - | Restored forcing-site indexing and added resistance error 4998. |
!> @endhistory"
ETCHK2,subroutine,src/evapotranspiration/ETmod.f90,ETmod,691,707,657,657,False,src/evapotranspiration/et_process.f90,et_process,"Penman-Monteith evaporation, interception and transpiration.",0,,0,,"!> @brief Retained private checker for the vegetation channel-root fraction.
!>
!> This routine passes `RDL(1:NV)` to [[mod_load_filedata:alchk]] with exact
!> relation `EQ`, object zero, tolerance zero, and error action 2. `LDUM1` is
!> overwritten with the per-vegetation failure mask and the saved `NERR`
!> counter is incremented. Any nonzero final count then raises fatal error
!> 1000 on `PRI`.
!>
!> | Entry requirement | Current reason |
!> |:------------------|:---------------|
!> | `NV>=1` | Defines the explicit shapes and checked range. |
!> | `PRI` open for formatted output | Receives `ALCHK` and fatal diagnostics. |
!> | `LDUM1` extent at least `NV` | Used as the complete failure-mask workspace. |
!>
!> @warning
!> No current code calls `ETCHK2`, and it is private. Moreover, its equality
!> test rejects every nonzero `RDL`, whereas manual `ET8` defines positive
!> `RDL` as the proportion of bank-element roots taking water from the channel.
!> The active [[frmod:inet]] path reads `RDL` without invoking this checker.
!> @endwarning
!>
!> @note
!> `NERR` is initialized by a `DATA` statement and therefore has implicit
!> saved state; it is not reset at routine entry. `FATAL` is a retained unused
!> local parameter. These details are documented without changing the legacy
!> interface or behaviour.
!> @endnote
!>
!> @history
!> | Date | Author | Version | Description |
!> |:-----|:-------|:--------|:------------|
!> | 1998-11-03 | RAH | 4.2 | Added the ET checker from the overland/channel checking pattern. |
!> | 2026-05-03 | SvB | - | Made the zero-valued fixed-index argument `IUNDEF` an explicitly initialized parameter. |
!> @endhistory"
ETIN,subroutine,src/evapotranspiration/ETmod.f90,ETmod,777,863,709,709,False,src/evapotranspiration/et_process.f90,et_process,"Penman-Monteith evaporation, interception and transpiration.",0,,0,,"!> @brief Coordinates snow/ET processing and exports fluxes for one element.
!>
!> `ETIN` forms current canopy area
!> `CPLAI=MIN(CLAI(N),1)*PLAI(N)`, where `N=NVC(IEL)`. With snowmelt enabled,
!> the first [[smmod:smin]] call decides whether freezing/snowpack processing
!> has already supplied the ET state or sets `NSMT` to request [[et]]. If
!> `NSMT` is nonzero, `ET` runs and a second `SMIN` call may melt an existing
!> snowpack. Without snowmelt, `ET` always runs.
!>
!> The routine subtracts interception evaporation from the potential rate and
!> exports the legacy millimetre quantities as water-flow rates:
!>
!> | Output | Current assignment | Units |
!> |:-------|:-------------------|:------|
!> | `PNETTO(IEL)` | `PNET/1000` | m/s |
!> | `EPOT(IEL)` | `(PE-EINT/DTUZ)/1000` | m/s |
!> | `EINTA(IEL)` | `EINT/(1000*DTUZ)` | m/s |
!> | `DRAINA(IEL)` | `DRAIN/(1000*DTUZ)` | m/s |
!> | `ERZA(IEL)` | `ERZ/1000` | m/s |
!> | `ESOILA(IEL)` | `ESOIL/1000` | m/s |
!>
!> If `NVSWLT(IEL)` identifies an irrigation well, its `QVSWEL` rate is
!> multiplied by `cellarea(WEL)/cellarea(IEL)` and added to `PNETTO`.
!>
!> When `HRUZ` indicates surface water at timestep start, the trial depth is
!>
!> \[
!> h'=HRF(IEL)-ZGRUND(IEL)+(PNETTO-EPOT)DTUZ.
!> \]
!>
!> If `h'` remains nonnegative, all available potential evaporation is assigned
!> to `ESWA`. If it is negative, `EDUM=-h'/DTUZ` is the unsatisfied part:
!> `ESWA=EPOT-EDUM`, and `EDUM` becomes soil evaporation unless top-cell
!> `PSI4<-150` m. In that branch `HRUZ` and the shared scalar `PNET` are set to
!> zero. With no initial surface water, `ESWA` is zero and [[et]] has already
!> calculated `ESOILA`.
!>
!> Finally `EEVAP=ESWA+ESOILA`, and soil evaporation is added to the current
!> top-cell sink as `ESOILA/DELTAZ`. Root-extraction contributions written by
!> [[et]] are already present in `S`.
!>
!> @warning
!> The unit conversions and area/thickness scaling assume positive `DTUZ`,
!> `cellarea(IEL)`, and top-cell `DELTAZ`. A nonzero `NVSWLT(IEL)` is also
!> assumed to be a valid index for both `QVSWEL` and `cellarea`; this routine
!> performs no bounds or denominator checks.
!> @endwarning
!>
!> @warning
!> If the first [[smmod:smin]] call leaves `NSMT=0`, [[et]] is skipped and
!> `ETIN` exports the scalars left by `SMET`. Current `SMET` does not assign
!> `DRAIN`, and it can leave `PNET` unchanged when there is neither snowpack nor
!> precipitation to trigger `SM`; `DRAINA` and sometimes `PNETTO` can therefore
!> inherit a previous element's value. `SMET` also zeroes `S(1:NRD)` although
!> `ET` writes root sinks at the surface-indexed cells
!> `top_cell_no-NRD+1:top_cell_no`. This cross-module state behaviour is not
!> repaired here.
!> @endwarning
!>
!> @history
!> | Date | Author | Version | Description |
!> |:-----|:-------|:--------|:------------|
!> | 1992-12-11 | GP | 3.4 | Moved dry-soil and surface-water evaporation partitioning into this wrapper. |
!> | 1994-10-01 | RAH | 3.4.1 | Added explicit legacy double-precision typing. |
!> | 1995-01-18 | GP | 4.0 | Adopted `NVSWLT`, `QVSWEL`, and `DELTAZ` for irrigation and cell scaling. |
!> | 1997-05-16 | RAH | 4.1 | Swapped `DELTAZ` indices, removed redundant outputs, and bounded `CPLAI`. |
!> | 2026-04-06 to 2026-04-07 | SvB | - | Structured snow/ET flow and made conversions double precision. |
!> @endhistory"
ETSIM,subroutine,src/evapotranspiration/ETmod.f90,ETmod,918,962,865,865,False,src/evapotranspiration/et_process.f90,et_process,"Penman-Monteith evaporation, interception and transpiration.",1,src/driver/run_sim.f90,0,,"!> @brief Advances evapotranspiration and interception for every land element.
!>
!> This is the public timestep driver called by `run_sim:SIMULATION` after
!> [[rest:tmstep]] has selected `UZNEXT` and updated meteorological forcing.
!> It converts the upper-zone step from hours to seconds and advances the ET
!> clock:
!>
!> \[
!> DTUZ=3600\,UZNEXT,\qquad TIMEUZ\leftarrow TIMEUZ+UZNEXT.
!> \]
!>
!> The loop covers land elements `NGDBGN:total_no_elements`; channel-link
!> elements precede `NGDBGN` and are handled separately by the simulation
!> driver. For an explicit bank element (`ICMREF(IEL,1)` equal to 1 or 2),
!> the associated link `IL=ICMREF(IEL,4)` supplies root access to channel-bed
!> water. The dimensionless weighting is
!>
!> \[
!> ALFA=\frac{0.5\,CWIDTH(IL)}{BWIDTH}.
!> \]
!>
!> With `ICE=NHBED(IL,ITYPE)+2`, cells `1:ICE-2` receive `ALFA`, cell
!> `ICE-1` receives `ALFA*FHBED(IL,ITYPE)`, and `ICE:top_cell_no` is reset to
!> zero. For ordinary land elements `ICE=1`, so the complete active
!> `UZALFA` range is zero.
!>
!> The routine then sets current surface-water depth
!> `HRUZ=GETHRF(IEL)-ZGRUND(IEL)`, copies the active VSS pressure-head range
!>
!> \[
!> PSI4(k)=VSPSI(k,IEL),\qquad
!> k=NLYRBT(IEL,1),\ldots,top\_cell\_no,
!> \]
!>
!> and invokes [[etin]] for the element. `UZALFA`, `PSI4`, and other scalar
!> ET work values are therefore scratch state for the element most recently
!> prepared, not independent per-element arrays.
!>
!> @warning
!> The driver assumes [[initialise_etmod]] has run and that `BWIDTH` is
!> nonzero. It also trusts the `ICMREF`/`NHBED` link mapping and
!> `NLYRBT(IEL,1):top_cell_no` bounds; no local allocation, bounds, or geometry
!> validation precedes the slice assignments and `DCOPY`.
!> @endwarning
!>
!> @history
!> | Date | Author | Version | Description |
!> |:-----|:-------|:--------|:------------|
!> | 1994-08-08 to 1995-10-03 | GP | 4.0 | Created and completed the ET timestep controller. |
!> | 1997-05-16 | RAH | 4.1 | Swapped `VSPSI` indices and explicitly typed the routine. |
!> | 1998-11-03 | RAH | 4.2 | Removed redundant soil output and replaced loops with `ALINIT`/`DCOPY`. |
!> | 2026-04-05 | SvB | - | Replaced `ALINIT` with slices while retaining pressure-profile `DCOPY`. |
!> @endhistory"
FRDIM,subroutine,src/frame/FRmod.f90,FRmod,258,533,170,170,False,src/frame/frame_geometry.f90,frame_geometry,"Builds element, link and bank indexing, areas and face lengths.",0,,0,,"!> @brief Calculates element dimensions, face lengths, and total catchment area.
!>
!> `FRDIM` derives grid-cell dimensions from half-grid spacing, assigns areas
!> for channel links, banks, and land elements, computes face lengths `DHF`,
!> and accumulates `CAREA`. These geometry terms are used throughout water,
!> sediment, and contaminant calculations.
!>
!> Inputs are the active model dimensions and grid/link geometry from the legacy
!> shared frame state: `total_no_elements`, `NX`, `NY`, `NXM1`, `NYM1`,
!> `ICMREF`, `CWIDTH`, `DXIN`, `DYIN`, and `LINKNS`. Outputs are `CAREA`,
!> `cellarea`, `DHF`, `DXQQ`,
!> `DYQQ`, and the fixed bank-element width `BWIDTH`.
!>
!> The routine first converts half-grid spacings to full cell dimensions:
!>
!> \[
!> DX_1=DXIN_1,\qquad DX_{NX}=DXIN_{NX-1},\qquad
!> DX_i=\frac{DXIN_{i-1}+DXIN_i}{2},
!> \]
!>
!> with the same construction for `DY`. The bank width is currently fixed as
!> `BWIDTH = 10 m`.
!>
!> Initial element dimensions are assigned from element type `ICMREF(IEL,1)`.
!> Grid elements use the full grid dimensions,
!>
!> | `ICMREF(:,1)` | Element type | Initial dimensions |
!> |:--------------|:-------------|:-------------------|
!> | 0 | Land/grid element | `DXQQ=DX(IX)`, `DYQQ=DY(IY)`. |
!> | 1 or 2 | Bank element | Width is `BWIDTH`; along-bank length follows the associated link orientation. |
!> | 3 | Channel link | Width is `CWIDTH(link)`; length `CLENTH(link)` follows the link orientation. |
!>
!> \[
!> DXQQ=DX(IX),\qquad DYQQ=DY(IY).
!> \]
!>
!> Bank elements use `BWIDTH` across the bank and the grid spacing along the
!> associated link: north-south links use `DXQQ=BWIDTH`, `DYQQ=DY(IY)`;
!> east-west links use `DXQQ=DX(IX)`, `DYQQ=BWIDTH`. Channel links use channel
!> width across the channel and grid spacing along the link:
!>
!> \[
!> \begin{array}{ll}
!> DXQQ=CWIDTH,\ DYQQ=DY,\ CLENTH=DY, & \text{north-south link},\\
!> DXQQ=DX,\ DYQQ=CWIDTH,\ CLENTH=DX, & \text{east-west link}.
!> \end{array}
!> \]
!>
!> The dimensions of grid and bank elements are then reduced to remove overlap
!> with adjacent channels and banks. For a grid face adjacent to a channel or
!> bank, the removed width is
!>
!> \[
!> \Delta = 0.5\,CWIDTH + \begin{cases}
!> BWIDTH, & \text{adjacent element is a bank},\\
!> 0, & \text{adjacent element is a channel link}.
!> \end{cases}
!> \]
!>
!> Bank-bank corner overlaps are also removed by subtracting
!> `BWIDTH + 0.5*CWIDTH` from the along-bank dimension of the paired bank
!> elements. The final element area and total catchment area are then
!>
!> \[
!> cellarea_i = DXQQ_i\,DYQQ_i,\qquad CAREA=\sum_i cellarea_i.
!> \]
!>
!> `CATEST` is the uncorrected sum of basic grid-square areas,
!> \(\sum DX(IX)DY(IY)\), used only for optional printed diagnostics comparing
!> the basic catchment area with the element-area sum after channel and bank
!> corrections.
!>
!> Finally, `DHF(IEL,face)` stores the distance from the element computational
!> node to each face. West and south distances are calculated from the neighbour
!> element type and local overlap corrections; east and north distances are the
!> remaining parts of the corrected element dimensions:
!>
!> \[
!> DHF_{east}=DXQQ-DHF_{west},\qquad
!> DHF_{north}=DYQQ-DHF_{south}.
!> \]
!>
!> @history
!> | Date | Author | Version | Description |
!> |:-----|:-------|:--------|:------------|
!> | 1994-10-03 | RAH | 3.4.1 | Standardised declarations and inherited frame typing. |
!> | 1997-02-23 | RAH | 4.1 | Made typing explicit. |
!> @endhistory"
FRIND,subroutine,src/frame/FRmod.f90,FRmod,621,1228,535,535,False,src/frame/frame_geometry.f90,frame_geometry,"Builds element, link and bank indexing, areas and face lengths.",0,,0,,"!> @brief Builds element, bank, link, grid, and neighbour index arrays.
!>
!> The routine converts grid/link/bank code maps into compact SHETRAN element
!> numbering, including the index arrays needed by contaminant migration. Inputs
!> are the grid dimensions and code maps `NX`, `NY`, `INGRID`, `LCODEX`,
!> `LCODEY`, plus the bank/OC flags `BEXBK` and `BEXOC`. It sets
!> `total_no_elements`, `NGDBGN`, and `total_no_links`, and fills `ICMREF`,
!> `ICMRF2`, `ICMBK`, `ICMXY`,
!> `NBFACE`, `NGRID`, and `LINKNS`, defining the topology later used by OC,
!> VSS, sediment, and contaminant routines.
!>
!> Element numbers are assigned in a fixed order. Channel links are created
!> first from the link-code grids: `LCODEY >= 4` creates east-west links
!> (`LINKNS=.FALSE.`), then `LCODEX >= 4` creates north-south links
!> (`LINKNS=.TRUE.`). Each link has `ICMREF(:,1)=3`, stores its grid location in
!> `ICMREF(:,2:3)`, and stores its own link number in `ICMREF(:,4)`.
!> `total_no_links` is the last link index.
!>
!> | Element group | Creation order | Key indices |
!> |:--------------|:---------------|:------------|
!> | East-west channel links | First, from `LCODEY >= 4` | `ICMREF(:,1)=3`, `LINKNS=.FALSE.` |
!> | North-south channel links | Second, from `LCODEX >= 4` | `ICMREF(:,1)=3`, `LINKNS=.TRUE.` |
!> | Banks | Third, only when `BEXBK` and links exist | `ICMREF(:,1)=1,2`, `ICMREF(:,4)=link`, `ICMBK(link,side)=element` |
!> | Grid elements | Last, for `INGRID >= 0` | `ICMREF(:,1)=0`, `ICMXY(i,j)=element` |
!>
!> If the bank component is active, two bank elements are then created for each
!> link. Bank element type is `1` or `2`, `ICMREF(:,4)` points back to the
!> associated link, and `ICMBK(link,bank)` maps from a link and bank side to the
!> bank element number. Grid elements are added last for every non-negative
!> `INGRID` cell; `ICMXY(i,j)` maps a grid coordinate back to the grid-element
!> number. Consequently
!>
!> \[
!> NGDBGN = total\_no\_links + 1,
!> \]
!>
!> so active land/bank/grid elements begin immediately after the channel links.
!>
!> `ICMREF` columns 5:8 hold the neighbours across faces 1:4
!> (east, north, west, south). For grid elements the neighbour is either the
!> adjacent grid cell, an intervening bank element when banks are enabled, or
!> the channel link itself when OC links exist without banks. In the latter case
!> `ICMREF(:,4)=9999` marks that the grid element is adjacent to a channel
!> system rather than an ordinary soil-only element.
!>
!> | `ICMREF` columns | Meaning |
!> |:-----------------|:--------|
!> | 1 | Element type: 0 grid, 1/2 bank side, 3 channel link. |
!> | 2:3 | Grid coordinate used to locate the element. |
!> | 4 | Associated link for banks/links; `9999` for grid cells adjacent directly to OC links when banks are disabled. |
!> | 5:8 | Neighbour across faces 1:4. Negative values point into `ICMRF2`. |
!> | 9:12 | Reciprocal face number in the neighbour, or the boundary face itself. |
!>
!> Channel-link faces either point to their adjacent banks/grid cells or to
!> other channel links at link nodes. A single connected link is stored directly
!> in `ICMREF(:,5:8)`. If a node has multiple connected links, `FRIND` creates an
!> auxiliary `ICMRF2` entry, stores the connected link numbers in
!> `ICMRF2(idx,1:3)`, and stores `-idx` in the relevant `ICMREF` face column.
!> This negative pointer is used later by routing and contaminant routines to
!> expand multi-link junctions.
!>
!> Bank-element face neighbours are assigned according to the associated link
!> orientation and bank side: one face connects to the channel link, one or more
!> faces may connect to neighbouring bank elements around junctions, and the
!> outer face connects to the adjacent grid cell where present.
!>
!> After all forward neighbours are assigned, `FRIND` checks that each neighbour
!> points back to the current element. For ordinary neighbours it records the
!> reciprocal face in `ICMREF(:,9:12)`. For multi-link nodes it records the
!> reciprocal faces in `ICMRF2(:,4:6)`. Boundary faces keep their own face index
!> in `ICMREF(:,9:12)` and the first boundary face for non-link elements is
!> stored in `NBFACE`.
!>
!> | Neighbour value | Interpretation |
!> |:----------------|:---------------|
!> | `> 0` | Direct neighbouring element number. |
!> | `= 0` | External boundary face. |
!> | `< 0` | Multi-link node reference: use `ICMRF2(-value,1:3)` for links and `ICMRF2(-value,4:6)` for reciprocal faces. |
!>
!> @history
!> | Date | Author | Version | Description |
!> |:-----|:-------|:--------|:------------|
!> | 1994-10-03 | RAH | 3.4.1 | Standardised declarations. |
!> | 1997-02-23 | RAH | 4.1 | Made typing explicit and clarified the header. |
!> | 1998-07-13 | RAH | 4.2 | Removed the dependency on `SPEC.OC`. |
!> @endhistory"
FRINIT,subroutine,src/frame/FRmod.f90,FRmod,1272,1409,1230,1230,False,src/frame/frame_setup.f90,frame_setup,Opens the rundata-controlled files and drives whole-model initialisation.,1,src/driver/run_sim.f90,0,,"!> @brief Runs the main frame initialisation sequence.
!>
!> `FRINIT` calls the common frame reader, component-specific input routines,
!> geometry/index setup, VSS initialisation, bank/sediment/contaminant setup,
!> hot-start reading, allocation routines, and output header preparation before
!> the first timestep is executed.
!>
!> The initialisation uses shared model dimensions and flags including
!> `top_cell_no`, `total_no_elements`, `NGDBGN`, `total_no_links`, `ICMREF`,
!> `UZNEXT`, `CSTORE`, `BEXBK`, `BEXET`,
!> `BEXOC`, `BEXSM`, `DTAO`, `BHOTRD`, `BINFRP`, and `BSTORE`. It updates
!> meteorological/rainfall category arrays `NMC` and `NRAINC`, consumes the
!> component input/output units already opened by [[fropen]] (`BFB`, `BHB`,
!> `BKD`, `CMB`, `CMD`, `CMP`, `CMT`,
!> `EPD`, `ETD`, `FRD`, `HOT`, `LFB`, `LGB`, `LHB`, `MED`, `OCD`, `OFB`, `OHB`,
!> `PPD`, `PRD`, `FID_logfile`, `RES`, `SMD`, `SPR`, `SYD`, `TIM`, `VED`, `VSD`, `VSI`,
!> `WLD`), and initialises run state such as `BHOTTI`, `HOTIME`, `OCNOW`,
!> `TIMEUZ`, `UZNEXT`, `UZNOW`, `MSM`, and `ALLOUT`.
!>
!> | Stage | Main calls/actions |
!> |:------|:-------------------|
!> | Frame input and allocation | [[infr]], `INITIALISE_AL_C3`, `INITIALISE_ETMOD`. |
!> | Optional component input | [[inet]]/[[dinet]], [[insm]], [[ocmod:ocini]]/[[dinoc]]. |
!> | Geometry and subsurface | [[frdim]], [[inbk]] when banks are active, then [[vsmod:vsin]]. |
!> | Link forcing setup | Copy meteorological/rainfall station codes from the first adjacent non-link element to each channel link. |
!> | Reservoir tables | [[zqmod:readzqtable]] when `ISZQ` is true. |
!> | Hot-start | Scan `HOT` until `HOTIME >= BHOTTI`, restore water-flow arrays through `SETHRF`/`SETQSA`, and write restart output via [[frresp]]. |
!>
!> @note
!> Input units are rewound rather than closed after reading. This preserves the
!> legacy automatic-differentiation workflow noted by the in-line comments.
!> @endnote
!>
!> @history
!> | Date | Author | Version | Description |
!> |:-----|:-------|:--------|:------------|
!> | 1994-10-05 | RAH | 3.4.1 | Added restart checks and passed simulation time to result output. |
!> | 1996-07-24 | GP | 4.0 | Replaced the separate UZ/SZ/EX initialisation path with VSS. |
!> | 1997-1998 | RAH | 4.1-4.2 | Removed redundant legacy state and standardised restart/output setup. |
!> | 2007-03-01 | SB | 4g-pc | Changed the `AIOSTO` `DATA` statement initialisation. |
!> | 2026-03 | SB | 4.6 | Added allocation-based ET/vegetation setup and ZQ-table initialisation. |
!> @endhistory"
FRLTL,subroutine,src/frame/FRmod.f90,FRmod,1445,1496,1411,1411,False,src/frame/frame_geometry.f90,frame_geometry,"Builds element, link and bank indexing, areas and face lengths.",0,,0,,"!> @brief Reads a gridded numeric-code map used for output class definitions.
!>
!> `NNX` and `NNY` are the grid dimensions to read, while `NXE` and `NYE` are the
!> declared dimensions of output array `IARR`. `INF` is the input file unit,
!> `IOF` is the output/echo file unit, and `BPCNTL` controls whether the read
!> code map is printed. The numeric codes read from `INF` are returned in
!> `IARR`.
!>
!> The file section starts with an 80-character title, then reads `NNY` grid
!> rows. Rows must be supplied from top to bottom: the first row label must be
!> `NNY`, then `NNY-1`, and so on to 1. Each map character is interpreted as:
!>
!> | Character | Stored value |
!> |:----------|:-------------|
!> | `1`-`9` | Corresponding integer code. |
!> | Any other character | 0. |
!>
!> @warning
!> A row-label mismatch writes `INCORRECT COORDINATE` when echoing is enabled
!> and then executes `STOP`.
!> @endwarning
!>
!> @warning
!> The local character buffer has 200 entries although the current grid capacity
!> `NXEE` is 1000, and no guard enforces `NNX<=200`. Larger calls would index
!> beyond `A1LINE`; there is no call to `FRLTL` elsewhere in the current source.
!> @endwarning
!>
!> @history
!> | Date | Author | Version | Description |
!> |:-----|:-------|:--------|:------------|
!> | 1994-10-02 | RAH | 3.4.1 | Replaced the two-byte integer map with default integers. |
!> | 1997-02-23 | RAH | 4.1 | Made typing explicit. |
!> @endhistory"
FRMB,subroutine,src/frame/FRmod.f90,FRmod,1636,1775,1498,1498,False,src/frame/mass_balance_report.f90,mass_balance_report,Periodic mass-balance reporting.,1,src/driver/run_sim.f90,0,,"!> @brief Calculates and writes monthly water-balance accumulators.
!>
!> `FRMB` accumulates precipitation, evapotranspiration, discharge, storage,
!> subsurface, snow, and balance terms in cubic metres, resets monthly totals
!> when required, and triggers result output through [[frresp]].
!>
!> All accumulated quantities are in cubic metres. The routine uses the
!> following limited index ranges:
!>
!> | Quantity | Limited range used |
!> |:---------|:-------------------|
!> | Link-indexed arrays | `link = 1:total_no_links` |
!> | `DELTAZ(cell,e)` and `VSTHE(cell,e)` | `cell = NLYRBT(e,1):top_cell_no` |
!> | Rainfall-station lookup | `IPSTN=NRAINC(e)` is retained but no longer used in the precipitation sum. |
!> | `QVSV(cell,e)` | `cell == NLYRBT(e,1)` |
!>
!> Entry conditions are `1 <= top_cell_no <= LLEE`,
!> `1 <= total_no_elements <= NELEE`, and
!> `0 <= total_no_links <= NLFEE`; for each element `e`,
!> `2 <= NLYRBT(e,1) <= LLEE` and `1 <= NRAINC(e) <= NVEE`.
!>
!> Inputs include monthly-balance controls `MBFACE`, `MBFLAG`, `MBLINK`, model
!> dimensions `top_cell_no`, `total_no_elements`, `total_no_links`,
!> geometry/storage arrays `cellarea`, `CLENTH`,
!> `DELTAZ`, `ZGRUND`, `ARXL`, `CSTORE`, `HRF`, `SD`, `VSTHE`, flow terms `QOC`,
!> `QBKB`, `QBKF`, `QVSV`, rainfall and ET terms `precip_m_per_s`, `EINTA`,
!> `EEVAP`, and time controls `TIH` and `DTUZ`. It updates `MBDAY`, `MBMON`,
!> `MBYEAR`, and `BALANC(1:19)` (the declared twentieth entry is untouched).
!> `IPSTN=NRAINC(IEL)` is still set
!> for the legacy rainfall-station pathway but is not used in the current
!> precipitation accumulation.
!>
!> `BALANC` stores both short-period and cumulative water-balance terms:
!>
!> | Index | Meaning |
!> |:------|:--------|
!> | 1:6 | Current reporting-period precipitation, canopy evaporation, soil/surface-water evaporation, transpiration, regional aquifer flux through the model base, and outlet discharge. |
!> | 7:12 | Cumulative totals of the same six flow terms. |
!> | 13 | Canopy storage. |
!> | 14 | Snowpack water-equivalent storage. |
!> | 15 | Subsurface water storage. |
!> | 16 | Surface-water storage on land elements. |
!> | 17 | Channel water storage. |
!> | 18 | Current reporting-period aquifer-channel exchange through channel bed and sides. |
!> | 19 | Cumulative aquifer-channel exchange. |
!>
!> On each timestep, rates are converted to volumes with
!>
!> \[
!> A_t(e)=cellarea_e\,DTUZ.
!> \]
!>
!> The timestep contributions are
!>
!> \[
!> P_m = \sum_e precip_e A_t(e),\qquad
!> E_{can,m} = \sum_e EINTA_e A_t(e),
!> \]
!>
!> \[
!> E_{soil,m} = \sum_e EEVAP_e A_t(e),\qquad
!> T_m = \sum_e ERZA_e A_t(e),
!> \]
!>
!> \[
!> Q_{base,m} = \sum_e QVSV_{NLYRBT(e,1)-1,e} A_t(e).
!> \]
!>
!> Outlet discharge is taken from the configured monthly-balance link and face:
!>
!> \[
!> Q_{out,m} =
!> \begin{cases}
!> |QOC(MBLINK,MBFACE)|\,DTUZ, & MBLINK \ne 0,\\
!> 0, & MBLINK = 0.
!> \end{cases}
!> \]
!>
!> Aquifer-channel exchange is accumulated over all links from bank-bed and
!> bank-face flows:
!>
!> \[
!> Q_{bank,m} =
!> \sum_l \left(QBKB_{l,1}+QBKB_{l,2}+QBKF_{l,1}+QBKF_{l,2}\right)DTUZ.
!> \]
!>
!> These timestep values are added to both `BALANC(1:6)` and `BALANC(7:12)`,
!> while `Q_bank,m` is added to `BALANC(18)` and `BALANC(19)`.
!>
!> Storage terms are recomputed only when output is due (`UZNOW >= TIMB`).
!> Canopy and snow storages convert millimetres over element area to cubic
!> metres with `MPMM = 1D-3`:
!>
!> \[
!> BALANC_{13}=\sum_e CSTORE_e\,cellarea_e\,10^{-3},
!> \]
!>
!> \[
!> BALANC_{14}=\sum_e SD_e\,RHOSAR_e\,cellarea_e\,10^{-3}.
!> \]
!>
!> Subsurface, land-surface, and channel storages are
!>
!> \[
!> BALANC_{15}=\sum_e\sum_{k=NLYRBT(e,1)}^{top}
!> VSTHE_{k,e}\,DELTAZ_{k,e}\,cellarea_e,
!> \]
!>
!> \[
!> BALANC_{16}=\sum_e (HRF_e-ZGRUND_e)cellarea_e,\qquad
!> BALANC_{17}=\sum_l ARXL_l\,CLENTH_l.
!> \]
!>
!> In the storage sums, `e` runs from `total_no_links+1` through
!> `total_no_elements`; channel links contribute separately through `BALANC(17)`.
!>
!> The routine writes these values through [[frresp]] using output-data selector
!> 50. It then advances the next reporting date by one day when `MBFLAG=1`, or
!> to the first day of the next month otherwise, including Gregorian leap-year
!> handling for February. After output, the short-period flow terms
!> `BALANC(1:6)` and `BALANC(18)` are reset to zero; cumulative totals are
!> retained.
!>
!> | Condition after accumulation | Action |
!> |:-----------------------------|:-------|
!> | `UZNOW < TIMB` | Return after updating flow accumulators only. |
!> | `UZNOW >= TIMB`, `MBFLAG=1` | Recompute storages, output, advance `MBDAY` by one calendar day. |
!> | `UZNOW >= TIMB`, `MBFLAG/=1` | Recompute storages, output, advance to day 1 of the next month. |
!>
!> The output selector string passed to [[frresp]] is blank except for position
!> 50, which requests the monthly-balance output block.
!>
!> @history
!> | Date | Author | Version | Description |
!> |:-----|:-------|:--------|:------------|
!> | Legacy | - | - | Implemented daily/monthly catchment water-balance accumulation and calendar advancement. |
!> | 2026-04-05 | SvB | 4.6.1 | Replaced legacy array-initialisation calls with explicit slices. |
!> @endhistory"
FROPEN,subroutine,src/frame/FRmod.f90,FRmod,1838,2136,1777,1777,False,src/frame/frame_setup.f90,frame_setup,Opens the rundata-controlled files and drives whole-model initialisation.,1,src/Shetran.f90,0,,"!> @brief Opens the run-data controlled input and output files.
!>
!> `FROPEN` prints the SHETRAN banner, opens the frame/run files, reads file
!> names and unit assignments, and prepares legacy output streams used by
!> initialisation and runtime reporting.
!>
!> The routine opens the rundata file `FILNAM` on unit 2 and a run log named
!> `info_<catchment>_SHETRAN_log.txt` on unit 61. It then reads label/name pairs
!> from the rundata file. Blank names and `0` mark optional files as unused;
!> otherwise most names are prefixed with `DIRQQ` and opened on their numeric
!> unit.
!>
!> | Units or entry | Behaviour |
!> |:---------------|:----------|
!> | 10:47 | Ordinary input/output files; missing unit 45 or 46 disables station output, missing unit 47 disables extra discharge output. |
!> | 48 | Stored as `visualisation_plan_filename`; not opened here. |
!> | 49 | Stored as `visualisation_check_filename`; not opened here. |
!> | 50 | Stored as `hdf5filename`; not opened here. |
!> | 51 | A blank name or `0` disables ZQ only; EOF here disables ZQ and every later optional group. A nonblank name is opened exactly as read. |
!> | 52 | Optional extra phreatic-surface-level output configuration, prefixed with `DIRQQ`. |
!> | 53 | Optional nitrate configuration file, prefixed with `DIRQQ`. |
!> | 54:60 | Additional optional nitrate files, prefixed with `DIRQQ`. |
!>
!> Special side effects:
!>
!> | Condition | Side effect |
!> |:----------|:------------|
!> | Routine entry | `ISTA`, `ISEXTRADIS`, `ISZQ`, `ISEXTRAPSL`, and `ISMN` are initially assumed true. |
!> | Unit 22 opened | `BTIME=.TRUE.`, writes an initial message to `TIM`, then rewinds it. |
!> | Unit 27 opened | `RESFIL` stores the resolved filename. |
!> | Required early file list ends before unit 14 | Stops with `ABNORMAL END`. |
!>
!> The contained `read_rundata_record` helper consumes one complete physical
!> record, so an empty record is distinct from EOF. `unit_context` labels read
!> diagnostics; `stop_eof_error` and `stop_rundata_open_error` report the
!> terminal messages and stop through [[mod_error:ERR_STOP]]. Every other file
!> `OPEN` is checked through [[mod_error:errstat_fileopen]], which reports the
!> `IOSTAT`/`IOMSG` and terminates. FORD lists these contained routines in the
!> source page rather than emitting separate procedure pages.
!>
!> @warning
!> Optional ZQ unit 51 is opened using the filename exactly as read, unlike most
!> other optional file entries that are prefixed with `DIRQQ`.
!> @endwarning
!>
!> @history
!> | Date | Author | Version | Description |
!> |:-----|:-------|:--------|:------------|
!> | 1994-10-03 | RAH | 3.4.1 | Included the catchment name in run-file diagnostics. |
!> | 1997-02-23 | RAH | 4.0 | Standardised file status, time-series setup, and unit assignments. |
!> | 2013-12-16 | SB | - | Missing unit 45 or 46 disables station output (`ISTA`). |
!> | 2015-04-22 | SB | - | Missing unit 47 disables extra discharge output (`ISEXTRADIS`). |
!> | 2020-07-08 | SB | 4.5 | Added the optional ZQ table file on unit 51. |
!> | 2024-03-12 | SB | - | Added the optional extra phreatic-surface-level output configuration on unit 52, and moved the run log to unit 53. |
!> | 2025-09-25 | SB | 4.5.3 | Added the optional nitrate configuration files on units 53--60. |
!> | 2026-04 | SvB | 4.6.1 | Replaced platform-specific path handling with `join_path`. |
!> | 2026-05-11 | SB | - | Added error checking on the initial rundata-file `OPEN`, stopping instead of proceeding silently on failure. |
!> | 2026-07-11 | SvB | 4.6.1 | Distinguished blank records, EOF, and genuine rundata read errors. |
!> | 2026-09-06 | SvB | - | Routed every non-rundata file `OPEN` through [[mod_error:errstat_fileopen]] (reporting `IOSTAT`/`IOMSG`) and removed the local `stop_open_error` helper. |
!> | 2026-09-06 | SvB | - | Checked every `CLOSE` of the rundata unit through [[mod_error:errstat_fileclose]], which recovers the filename from the unit. |
!> @endhistory"
read_rundata_record,subroutine,src/frame/FRmod.f90,FRmod,2062,2086,2051,2051,True,src/frame/frame_setup.f90,frame_setup,Opens the rundata-controlled files and drives whole-model initialisation.,0,,0,,"!> @brief Reads one complete physical record from the rundata file on unit 2.
!>
!> A blank record is a successful read and is returned as blanks in `line`.
!> End of file sets `at_eof`; every other input error reports the catchment and
!> supplied record `context` on `ERROR_UNIT`, then terminates with `ERROR STOP`.
!>
!> @history
!> | Date | Author | Description |
!> |:-----|:-------|:------------|
!> | 2026-07-11 | SvB | Distinguished genuine read failures from normal end of file using whole-record input. |
!> @endhistory"
unit_context,function,src/frame/FRmod.f90,FRmod,2095,2101,2088,2088,True,src/frame/frame_setup.f90,frame_setup,Opens the rundata-controlled files and drives whole-model initialisation.,0,,0,,"!> @brief Formats the rundata unit number and record kind for an input diagnostic.
!>
!> @history
!> | Date | Author | Description |
!> |:-----|:-------|:------------|
!> | 2026-07-11 | SvB | Added contextual diagnostics for whole-record rundata input. |
!> @endhistory"
stop_eof_error,subroutine,src/frame/FRmod.f90,FRmod,2111,2115,2103,2103,True,src/frame/frame_setup.f90,frame_setup,Opens the rundata-controlled files and drives whole-model initialisation.,0,,0,,"! Internal helpers to cleanly exit without jumping to bottom labels
!> @brief Reports an unexpected early end of the rundata file and stops the run.
!>
!> @history
!> | Date | Author | Description |
!> |:-----|:-------|:------------|
!> | 2026-04-06 | SvB | Replaced the legacy branch to a shared terminal label. |
!> @endhistory"
stop_rundata_open_error,subroutine,src/frame/FRmod.f90,FRmod,2128,2134,2117,2117,True,src/frame/frame_setup.f90,frame_setup,Opens the rundata-controlled files and drives whole-model initialisation.,0,,0,,"!> @brief Reports failure to open the rundata file and stops the run.
!>
!> Takes the pathname that was actually opened, so that the message names the
!> file the user can go and look at.
!>
!> @history
!> | Date | Author | Description |
!> |:-----|:-------|:------------|
!> | 2026-08-31 | SvB | Split from `stop_rundata_error`, which reported the catchment name instead of the path. |
!> | 2026-09-06 | SvB | Added IOMSG output |
!> @endhistory"
FROUTPUT,subroutine,src/frame/FRmod.f90,FRmod,2210,3057,2138,2138,False,src/frame/frame_output.f90,frame_output,"Scheduled text and CSV output, plus the final-state file.",2,src/Shetran.f90;src/driver/run_sim.f90,0,,"!> @brief Manages additional text time-series output.
!>
!> The routine handles start, timestep, and final-state phases for CSV-style discharge,
!> extra discharge stations, water-table depth, sediment, fine sediment, and
!> contaminant outlet series. It keeps running totals between calls and formats
!> time using `DATE_FROM_HOUR`.
!>
!> `SIMPOS` selects the phase:
!>
!> | `SIMPOS` value | Behaviour |
!> |:---------------|:----------|
!> | `start` | Read optional extra-output control files, open CSV/text outputs, find the outlet link/face, initialise averaging counters. |
!> | starts with `main` | Accumulate current timestep values, write regular output when a `TOUTPUT` interval boundary is crossed, write every-timestep discharge through [[write_dis2]], and write daily mass-balance/optional water-table rows. |
!> | any other value | Write end-of-simulation phreatic-surface and pressure-head output to `VSE` for use as VSI-style initial conditions. |
!>
!> | Contained helper group | Routines |
!> |:-----------------------|:---------|
!> | Start/setup | `initialise_output`, `initialise_extra_discharge_points`, `allocate_extra_discharge`, `initialise_extra_water_table_output`, `find_mass_balance_outlet`, `write_discharge_header`, `initialise_sediment_output`, `initialise_contaminant_output` |
!> | Timestep sampling/averaging | `write_main_output`, `sample_current_values`, `accumulate_interval`, `write_completed_regular_outputs`, `restart_accumulators` |
!> | Formatting/final state | `write_regular_outputs`, `timestamp_from_output_hour`, `write_periodic_mass_balance`, `write_final_state` |
!> | I/O checks | `write_checked`, `stop_on_io_error`, `fatal_on_io_error` |
!>
!> FORD exposes those contained routines on the source page rather than as
!> separate procedure pages; each still has an adjacent source header below.
!>
!> Opened or written outputs are:
!>
!> | Output | Unit/source | Contents |
!> |:-------|:------------|:---------|
!> | `DIS2` | rundata unit 44 | Every-model-timestep outlet discharge with absolute date/time. |
!> | `MAS` | rundata unit 43 | Daily spatially averaged cumulative balance and storage terms in mm over `CAREA`. |
!> | `DIS` | rundata unit 41 | Regular `TOUTPUT`-interval outlet discharge, with optional extra channels. |
!> | `output_<catchment>_water_table_depth.csv` | local unit 683 when `ISEXTRAPSL` | Selected element water-table depth below ground; negative means surface-water depth. |
!> | `output_<catchment>_sediment_all.csv` and `_sediment_fine.csv` | local units 681/682 when `BEXSY` | Outlet sediment discharge for all fractions and fraction 1. |
!> | `output_<catchment>_contaminant.csv` | local unit 684 when `BEXCM` | Outlet relative concentration for contaminant 1. |
!>
!> @warning
!> Two existing write-error messages call `DIS2` unit 41 and `DIS` unit 44.
!> The actual `AL_D` parameter assignments, and therefore the files written,
!> are `DIS=41` and `DIS2=44` as shown above.
!> @endwarning
!>
!> Extra discharge points are read from `DISEXTRA` as `(element, face)` pairs and
!> silently filtered when the element number exceeds `total_no_links`. Extra
!> water-table output elements are read from `PSLEXTRA` and filtered when the
!> element number exceeds `total_no_elements`.
!>
!> @warning
!> Optional-point validation checks only those upper element/link bounds. Zero
!> or negative identifiers, discharge faces outside 1:4, and negative requested
!> counts are not rejected here and can fail during allocation or later indexing.
!> @endwarning
!>
!> When result-file output has not provided `MBLINK`/`MBFACE`, the `start` phase
!> scans channel links and selects the last external OC boundary with boundary
!> type 7, i.e. a weir boundary. If no outlet is found, outlet discharge,
!> sediment, and contaminant series use zero values.
!>
!> Regular discharge, sediment, and contaminant records are accumulated in
!> normalised output time `UZNOW/TOUTPUT`. The value written for `outputhour =
!> next_hour-1` is the mean over the preceding `TOUTPUT` interval and is dated at
!> the interval start. If one model step crosses more than one output interval,
!> intermediate intervals are filled with the current timestep value.
!>
!> @history
!> | Date | Author | Version | Description |
!> |:-----|:-------|:--------|:------------|
!> | 2005-2024 | SB | 4.x | Added every-step and regular discharge, mass-balance, virtual-station, water-table, sediment, and contaminant text output. |
!> | 2026-05-03 | SvB | 4.6.1 | Split the monolithic phase logic into contained helpers. |
!> | 2026-09-06 | SvB | - | Checked every output-file `OPEN` through [[mod_error:errstat_fileopen]], reporting `IOSTAT`/`IOMSG`. |
!> | 2026-09-07 | SvB | - | Status-checked the remaining bare header/state `WRITE`s via `write_checked` / `stop_on_io_error`. |
!> @endhistory"
initialise_output,subroutine,src/frame/FRmod.f90,FRmod,2281,2339,2269,2269,True,src/frame/frame_output.f90,frame_output,"Scheduled text and CSV output, plus the final-state file.",0,,0,,"!> @brief Opens and primes the regular and optional runtime output streams.
!>
!> The routine reads optional station lists, writes the `DIS2`, `MAS`, and `DIS`
!> headings, locates the outlet weir, and starts the normalised `TOUTPUT`
!> interval counters. Hot starts seed the previous interval from `BHOTTI`.
!>
!> @history
!> | Date | Author | Description |
!> |:-----|:-------|:------------|
!> | 2020-04-22 | SB | Added the `DIS2` every-timestep discharge heading line. |
!> | 2026-05-03 | SvB | Extracted the start phase from the monolithic `FROUTPUT` implementation. |
!> @endhistory"
initialise_extra_discharge_points,subroutine,src/frame/FRmod.f90,FRmod,2357,2381,2341,2341,True,src/frame/frame_output.f90,frame_output,"Scheduled text and CSV output, plus the final-state file.",0,,0,,"!> @brief Reads and compacts the optional virtual-discharge station list.
!>
!> Each retained record supplies a channel-link number and face. Requests whose
!> link exceeds `total_no_links` are silently discarded; malformed input raises
!> fatal frame error 1068.
!>
!> @warning
!> Non-positive link numbers and face numbers outside 1:4 are retained without
!> validation and will later be used as `QOC` indices.
!> @endwarning
!>
!> @history
!> | Date | Author | Description |
!> |:-----|:-------|:------------|
!> | 2026-05-03 | SvB | Extracted optional discharge-point setup from `FROUTPUT`. |
!> @endhistory"
allocate_extra_discharge,subroutine,src/frame/FRmod.f90,FRmod,2394,2431,2383,2383,True,src/frame/frame_output.f90,frame_output,"Scheduled text and CSV output, plus the final-state file.",0,,0,,"!> @brief Reallocates and zeroes persistent arrays for `n` virtual discharge stations.
!>
!> This includes retained link/face identifiers, current samples, and
!> interval-integrated discharge. Existing allocations are discarded.
!>
!> @history
!> | Date | Author | Description |
!> |:-----|:-------|:------------|
!> | 2026-05-03 | SvB | Centralised virtual-station allocation during the output refactor. |
!> | 2026-09-05 | SvB | - | Added STAT= and ERRMSG= reporting for all (de)allocations. |
!> @endhistory"
initialise_extra_water_table_output,subroutine,src/frame/FRmod.f90,FRmod,2451,2502,2433,2433,True,src/frame/frame_output.f90,frame_output,"Scheduled text and CSV output, plus the final-state file.",0,,0,,"!> @brief Reads selected water-table elements and opens their CSV output.
!>
!> Element numbers above `total_no_elements` are silently discarded. Valid
!> entries become columns containing `ZGRUND-ZVSPSL` in metres below ground;
!> a negative result denotes ponded surface water. Input/open failures use frame
!> error 1069.
!>
!> @warning
!> Non-positive element numbers are retained without validation and will later
!> be used to index `ZGRUND` and `ZVSPSL`.
!> @endwarning
!>
!> @history
!> | Date | Author | Description |
!> |:-----|:-------|:------------|
!> | 2026-05-03 | SvB | Extracted optional water-table setup from `FROUTPUT`. |
!> | 2026-09-05 | SvB | - | Added STAT= and ERRMSG= reporting for all (de)allocations. |
!> @endhistory"
find_mass_balance_outlet,subroutine,src/frame/FRmod.f90,FRmod,2515,2531,2504,2504,True,src/frame/frame_output.f90,frame_output,"Scheduled text and CSV output, plus the final-state file.",0,,0,,"!> @brief Selects the outlet link and face used by text and mass-balance output.
!>
!> The search resets `MBLINK` and `MBFACE`, scans every external channel face,
!> and retains the last boundary whose OC boundary-condition type is 7 (weir).
!> Both values remain zero when no such outlet exists.
!>
!> @history
!> | Date | Author | Description |
!> |:-----|:-------|:------------|
!> | 2026-05-03 | SvB | Extracted outlet discovery from `FROUTPUT`. |
!> @endhistory"
write_discharge_header,subroutine,src/frame/FRmod.f90,FRmod,2543,2557,2533,2533,True,src/frame/frame_output.f90,frame_output,"Scheduled text and CSV output, plus the final-state file.",0,,0,,"!> @brief Writes the regular-discharge CSV column heading.
!>
!> The first discharge column identifies `MBLINK`; when virtual stations are
!> enabled, one `Channel-<link>` column is appended for every retained point.
!>
!> @history
!> | Date | Author | Description |
!> |:-----|:-------|:------------|
!> | 2026-05-03 | SvB | Extracted discharge-header formatting from `FROUTPUT`. |
!> @endhistory"
initialise_sediment_output,subroutine,src/frame/FRmod.f90,FRmod,2570,2596,2559,2559,True,src/frame/frame_output.f90,frame_output,"Scheduled text and CSV output, plus the final-state file.",0,,0,,"!> @brief Opens and labels the total- and fine-sediment outlet CSV files.
!>
!> Output is enabled only when the sediment component is active. Total sediment
!> combines all fractions; fine sediment is fraction 1. Both fluxes are reported
!> in kg/s as interval means dated at the interval start.
!>
!> @history
!> | Date | Author | Description |
!> |:-----|:-------|:------------|
!> | 2026-05-03 | SvB | Extracted sediment-output setup from `FROUTPUT`. |
!> @endhistory"
initialise_contaminant_output,subroutine,src/frame/FRmod.f90,FRmod,2608,2620,2598,2598,True,src/frame/frame_output.f90,frame_output,"Scheduled text and CSV output, plus the final-state file.",0,,0,,"!> @brief Opens and labels the contaminant-one outlet CSV file.
!>
!> The series contains the interval mean of `CCCC(MBLINK,top_cell_no,1)`,
!> described by the file as relative concentration.
!>
!> @history
!> | Date | Author | Description |
!> |:-----|:-------|:------------|
!> | 2026-05-03 | SvB | Extracted contaminant-output setup from `FROUTPUT`. |
!> @endhistory"
write_main_output,subroutine,src/frame/FRmod.f90,FRmod,2634,2667,2622,2622,True,src/frame/frame_output.f90,frame_output,"Scheduled text and CSV output, plus the final-state file.",0,,0,,"!> @brief Processes all additional output for one model timestep.
!>
!> Current outlet values are sampled, integrated over normalised output time,
!> emitted at every crossed regular boundary, and retained for the unfinished
!> interval. The routine also writes every-step discharge and scheduled
!> mass-balance/water-table rows before advancing `uzold`.
!>
!> @history
!> | Date | Author | Description |
!> |:-----|:-------|:------------|
!> | 2026-05-03 | SvB | Extracted the timestep phase from `FROUTPUT`. |
!> @endhistory"
sample_current_values,subroutine,src/frame/FRmod.f90,FRmod,2681,2718,2669,2669,True,src/frame/frame_output.f90,frame_output,"Scheduled text and CSV output, plus the final-state file.",0,,0,,"!> @brief Samples outlet discharge, sediment flux, and contaminant concentration.
!>
!> When no outlet was found, all returned values are zero. Otherwise total
!> sediment is the sum of all `QSED` fractions multiplied by `RHOSED`, fine
!> sediment is fraction 1, and contaminant output is the top-cell concentration
!> of contaminant 1. Optional station discharges are also refreshed.
!>
!> @history
!> | Date | Author | Description |
!> |:-----|:-------|:------------|
!> | 2026-05-03 | SvB | Extracted outlet sampling from `FROUTPUT`. |
!> @endhistory"
accumulate_interval,subroutine,src/frame/FRmod.f90,FRmod,2731,2752,2720,2720,True,src/frame/frame_output.f90,frame_output,"Scheduled text and CSV output, plus the final-state file.",0,,0,,"!> @brief Integrates current samples over part of a regular output interval.
!>
!> `dt` is measured in units of `TOUTPUT`, so the accumulated values become
!> interval means when a complete unit interval is written. Sediment,
!> contaminant, and virtual-station totals are updated only when enabled.
!>
!> @history
!> | Date | Author | Description |
!> |:-----|:-------|:------------|
!> | 2026-05-03 | SvB | Extracted interval accumulation from `FROUTPUT`. |
!> @endhistory"
write_completed_regular_outputs,subroutine,src/frame/FRmod.f90,FRmod,2765,2791,2754,2754,True,src/frame/frame_output.f90,frame_output,"Scheduled text and CSV output, plus the final-state file.",0,,0,,"!> @brief Writes a completed regular interval and fills any crossed intervals.
!>
!> The accumulated interval is timestamped at `next_hour-1`. If one model
!> timestep spans further boundaries, those intermediate rows use the current
!> sample directly, matching the legacy averaging behaviour.
!>
!> @history
!> | Date | Author | Description |
!> |:-----|:-------|:------------|
!> | 2026-05-03 | SvB | Extracted boundary-crossing output from `FROUTPUT`. |
!> @endhistory"
restart_accumulators,subroutine,src/frame/FRmod.f90,FRmod,2803,2825,2793,2793,True,src/frame/frame_output.f90,frame_output,"Scheduled text and CSV output, plus the final-state file.",0,,0,,"!> @brief Seeds interval accumulators with the portion after an output boundary.
!>
!> Each enabled total is replaced by its current sample multiplied by `dt`,
!> where `dt` is the remaining fraction of the current `TOUTPUT` interval.
!>
!> @history
!> | Date | Author | Description |
!> |:-----|:-------|:------------|
!> | 2026-05-03 | SvB | Extracted post-boundary state handling from `FROUTPUT`. |
!> @endhistory"
write_regular_outputs,subroutine,src/frame/FRmod.f90,FRmod,2840,2899,2827,2827,True,src/frame/frame_output.f90,frame_output,"Scheduled text and CSV output, plus the final-state file.",0,,0,,"!> @brief Writes one timestamped row to each enabled regular-output stream.
!>
!> `output_hour` is an interval index and is converted to elapsed hours using
!> `TOUTPUT`. Outlet discharge is supplied already non-negative; optional
!> station discharges are made absolute. Sediment and contaminant rows are
!> written only when their components are active.
!>
!> @history
!> | Date | Author | Description |
!> |:-----|:-------|:------------|
!> | 2026-05-03 | SvB | Centralised regular CSV row formatting during the output refactor. |
!> | 2026-09-05 | SvB | - | Added STAT= and ERRMSG= reporting for all (de)allocations. |
!> @endhistory"
timestamp_from_output_hour,function,src/frame/FRmod.f90,FRmod,2911,2920,2901,2901,True,src/frame/frame_output.f90,frame_output,"Scheduled text and CSV output, plus the final-state file.",0,,0,,"!> @brief Converts a regular-output interval index to an absolute timestamp.
!>
!> The timestamp represents `TIH + output_hour*TOUTPUT` and is formatted
!> `yyyy-mm-dd HH:MM:SS`.
!>
!> @history
!> | Date | Author | Description |
!> |:-----|:-------|:------------|
!> | 2026-05-03 | SvB | Centralised output timestamp generation. |
!> @endhistory"
write_periodic_mass_balance,subroutine,src/frame/FRmod.f90,FRmod,2934,2957,2922,2922,True,src/frame/frame_output.f90,frame_output,"Scheduled text and CSV output, plus the final-state file.",0,,0,,"!> @brief Writes scheduled catchment-average balance and water-table rows.
!>
!> Once `UZNOW` exceeds `icounter2`, cumulative balance/storage entries
!> `BALANC(7:17)` are converted from cubic metres to millimetres over `CAREA`
!> and written to `MAS`. The threshold then advances by 24 h. Selected
!> water-table depths are written on the same schedule.
!>
!> @history
!> | Date | Author | Description |
!> |:-----|:-------|:------------|
!> | 2026-05-03 | SvB | Extracted periodic mass-balance output from `FROUTPUT`. |
!> @endhistory"
write_final_state,subroutine,src/frame/FRmod.f90,FRmod,2970,3000,2959,2959,True,src/frame/frame_output.f90,frame_output,"Scheduled text and CSV output, plus the final-state file.",0,,0,,"!> @brief Writes the final phreatic surface and pressure heads for VSI reuse.
!>
!> With banks active, output begins at element 1; otherwise channel links are
!> omitted and output begins at `total_no_links+1`. Each included element writes
!> `VSPSI` from its bottom active layer through `top_cell_no`.
!>
!> @history
!> | Date | Author | Description |
!> |:-----|:-------|:------------|
!> | 2026-05-03 | SvB | Extracted end-of-simulation state output from `FROUTPUT`. |
!> @endhistory"
write_checked,subroutine,src/frame/FRmod.f90,FRmod,3009,3016,3002,3002,True,src/frame/frame_output.f90,frame_output,"Scheduled text and CSV output, plus the final-state file.",0,,0,,"!> @brief Writes one text record and applies the standard fatal output check.
!>
!> @history
!> | Date | Author | Description |
!> |:-----|:-------|:------------|
!> | 2026-05-03 | SvB | Centralised checked heading writes during the output refactor. |
!> @endhistory"
stop_on_io_error,subroutine,src/frame/FRmod.f90,FRmod,3028,3037,3018,3018,True,src/frame/frame_output.f90,frame_output,"Scheduled text and CSV output, plus the final-state file.",0,,0,,"!> @brief Converts a nonzero output status into a console diagnostic and `ERROR STOP`.
!>
!> The supplied message is followed by a reminder to close software that may
!> have locked the output file. A zero status returns without side effects.
!>
!> @history
!> | Date | Author | Description |
!> |:-----|:-------|:------------|
!> | 2026-05-03 | SvB | Centralised fatal text-output handling. |
!> @endhistory"
fatal_on_io_error,subroutine,src/frame/FRmod.f90,FRmod,3049,3055,3039,3039,True,src/frame/frame_output.f90,frame_output,"Scheduled text and CSV output, plus the final-state file.",0,,0,,"!> @brief Routes a nonzero input/output status through the shared frame error service.
!>
!> On failure, `error_code` and `message` are passed to
!> `ERROR(ERRLVL_fatal,...)`; a zero status returns normally.
!>
!> @history
!> | Date | Author | Description |
!> |:-----|:-------|:------------|
!> | 2026-05-03 | SvB | Centralised numbered fatal I/O checks during the output refactor. |
!> @endhistory"
write_dis,subroutine,src/frame/FRmod.f90,FRmod,3070,3080,3059,3059,False,src/frame/frame_output.f90,frame_output,"Scheduled text and CSV output, plus the final-state file.",0,,0,,"!> @brief Writes one discharge value using the configured mass-balance face sign convention.
!>
!> Faces 1 and 2 preserve the sign of `qoo`; faces 3 and 4 reverse it before
!> writing to the regular discharge unit `DIS`.
!>
!> @history
!> | Date | Author | Version | Description |
!> |:-----|:-------|:--------|:------------|
!> | Legacy | - | - | Added regular discharge output using the OC face sign convention. |
!> | 2026-04-04 | SvB | 4.6.1 | Standardised Fortran formatting without changing the sign rule. |
!> @endhistory"
write_dis2,subroutine,src/frame/FRmod.f90,FRmod,3094,3111,3082,3082,False,src/frame/frame_output.f90,frame_output,"Scheduled text and CSV output, plus the final-state file.",0,,0,,"!> @brief Writes one timestamped discharge record using the configured face sign convention.
!>
!> Faces 1 and 2 preserve the sign of `qoo`; faces 3 and 4 reverse it. The
!> timestamp is `TIH + TME` converted with [[utilsmod:date_from_hour]], and the
!> row is written to `DIS2` as date/time, simulation hour, and discharge.
!>
!> @history
!> | Date | Author | Version | Description |
!> |:-----|:-------|:--------|:------------|
!> | 2006-03 | SB | 4.x | Added outlet discharge at every model timestep. |
!> | 2026-07-08 | SB | 4.6.1 | Made numeric text formatting explicit and checked output writes. |
!> @endhistory"
res_write_check,subroutine,src/frame/FRmod.f90,FRmod,3125,3130,3113,3113,False,src/frame/legacy_result_files.f90,legacy_result_files,Legacy unformatted result-set metadata and writers.,0,,0,,"!> @brief Fatal check for an unformatted restart/result-file `WRITE` in `FRRESC` / `FRRESP`.
!>
!> The restart and per-set result files hold heterogeneous array records that
!> cannot pass through a single typed wrapper, so each `WRITE` carries its own
!> `IOSTAT=`/`IOMSG=` and calls this routine, which forwards a non-zero status to
!> [[mod_error:errstat_write]] together with the resolved result-file stem.
!>
!> @history
!> | Date | Author | Description |
!> |:-----|:-------|:------------|
!> | 2026-09-07 | SvB | Initial version, wiring the `RES` / `IORES` writes to `errstat_write`. |
!> @endhistory"
FRRESC,subroutine,src/frame/FRmod.f90,FRmod,3168,3396,3132,3132,False,src/frame/legacy_result_files.f90,legacy_result_files,Legacy unformatted result-set metadata and writers.,0,,0,,"!> @brief Writes result-file control headers and opens unformatted result datasets.
!>
!> `FRRESC` serialises output class definitions and common model metadata to the
!> legacy results file, then opens the unformatted result files used by
!> [[frresp]] for selected output sets and data classes.
!>
!> The header contains the SHETRAN version, result filename stem, model
!> dimensions, component file units, output set/class definitions, element/grid
!> topology, VSS connectivity, soil and vegetation tables, bed/channel geometry,
!> boundary and component-enable flags, and VSS soil-property tables. The write
!> order intentionally does not always follow the old COMMON-block ordering
!> because some arrays must be read back in a specific order. `IORES` is filled
!> with the unformatted result-file units opened for the selected output data.
!>
!> | Header section | Main contents |
!> |:---------------|:--------------|
!> | Version/dimensions/topology | `SHEVER`, `NX`, `NY`, `NGDBGN`, element count, `ICMREF`, `ICMXY`, file units. |
!> | Vertical/element geometry | layer counts, cell depths, bank/link maps, faces, bed cells, vegetation/soil/well category maps. |
!> | Physical geometry | element area, channel length/width, `DHF`, `DXQQ`, `DYQQ`, bank fractions, ground and VSS node elevations. |
!> | Run/output controls | component flags, time-step controls, output classes, output data ids, output elements, link-code maps, output timing. |
!> | Soil hydraulic tables | VSS table count and `VSPPSI`, `VSPTHE`, `VSPKR`, `VSPETA`, `VSPDTH`, `VSPDKR`, `VSPDET`. |
!>
!> After the header is written, `RES` is closed so the result header can be
!> inspected before the simulation finishes. Each selected output set then opens
!> one unformatted data file on unit `50+set`, named by appending the two-digit
!> set number to the resolved `RESFIL` stem.
!>
!> @history
!> | Date | Author | Version | Description |
!> |:-----|:-------|:--------|:------------|
!> | 1994-10-03 | RAH | 3.4.1 | Made typing explicit. |
!> | 1997-1998 | RAH | 4.0-4.2 | Updated VSS metadata, array ordering, output classes, and unformatted result-file setup. |
!> | 2026-09-06 | SvB | - | Checked the unformatted result-file `OPEN` through [[mod_error:errstat_fileopen]]. |
!> | 2026-09-06 | SvB | - | Checked the result-file `CLOSE` through [[mod_error:errstat_fileclose]]. |
!> | 2026-09-07 | SvB | - | Checked every unformatted header `WRITE` through `res_write_check` / [[mod_error:errstat_write]]. |
!> @endhistory"
FRRESP,subroutine,src/frame/FRmod.f90,FRmod,3456,3699,3398,3398,False,src/frame/legacy_result_files.f90,legacy_result_files,Legacy unformatted result-set metadata and writers.,1,src/driver/run_sim.f90,0,,"!> @brief Writes selected results to legacy result files.
!>
!> Output is controlled by user-defined output sets, output classes, and output
!> times. The routine assembles the requested water-flow and component data into
!> output buffers and writes only the records due on the current call.
!>
!> On each call, data are written only for data types marked with `1` in
!> `AIOSTO`, allowing different SHETRAN components to call `FRRESP`
!> selectively. Entry conditions require `NELEE >= 1`, `1 <= NSET <= NSETEE`,
!> each `IODATA(set)` within the `AIOSTO` range, `IOELEM(set)` either a valid
!> element or a valid output class selector, class lists `ICLNUM`/`ICLIST`
!> within element bounds, contaminant-oriented data types `21:38` and `44`
!> using `1 <= IOCORS(set) <= NCON`, and each `IORES(set)` connected for
!> unformatted output.
!>
!> | Output-id range | Data group | Notes |
!> |:----------------|:-----------|:------|
!> | 1:8 | ET, surface input, storage, and head rates | Fluxes in m/s are converted to mm/hour with `3600000`; canopy storage is written as stored. |
!> | 9, 13, 14, 19, 20 | Column or face arrays | Written immediately as `(RESNOW, array)` records and bypass the scalar `BUFFER`. |
!> | 10:12, 15, 17, 18 | Snow, phreatic/surface depth, channel exchange, springs | Undefined or non-applicable cases use `999.999`. |
!> | 21:31, 44 | Sediment and erosion | `IOCORS=0` means all sediment fractions; positive `IOCORS` selects one fraction. |
!> | 32:38 | Contaminant concentrations | `IOCORS` selects contaminant number; ids 32 and 33 write full vertical profiles. |
!> | 39:43, 45:49 | Wells and placeholders | 39, 40, and 45:49 are undefined; 41/42 write well abstraction, 43 water-balance error. |
!> | 50 | Water-balance summary | `BALANC(j)*1000/CAREA`, so volumes are reported as catchment-depth millimetres. |
!>
!> The selector string `AIOSTO` is a per-call mask: output id `IDATA` is ignored
!> unless `AIOSTO(IDATA:IDATA) == '1'`. When `NOW=.FALSE.`, the routine also
!> enforces `IOTIME`/`IOEND`; when `NOW=.TRUE.`, those timing checks are bypassed.
!>
!> Sediment fraction bounds are selected by two statement functions:
!>
!> \[
!> SFSED1(c)=\max(1,c),\qquad SFSED2(c)=\max(NSED(1-c),c).
!> \]
!>
!> Therefore `IOCORS=0` expands to fractions `1:NSED`, while `IOCORS>0` selects
!> exactly that sediment fraction.
!>
!> Cumulative erosion output id 44 uses elapsed time since `PREVTM` to update
!> `GNUCUM` in mm:
!>
!> \[
!> GNUCUM \leftarrow GNUCUM + GNU(RESNOW-PREVTM)3600\,1000.
!> \]
!>
!> @warning
!> Module state `PREVTM` and `GNUCUM` is not initialised before this update.
!> Unless a caller or processor supplies known startup values, the first
!> cumulative-erosion calculation for output id 44 is undefined.
!> @endwarning
!>
!> @history
!> | Date | Author | Version | Description |
!> |:-----|:-------|:--------|:------------|
!> | 1997-1998 | RAH | 4.1-4.2 | Updated VSS, sediment, contaminant, well, and water-balance result selectors. |
!> | 2026-04-05 | SvB | 4.6.1 | Replaced removed legacy initialisers while retaining result-file layout. |
!> | 2026-09-07 | SvB | - | Checked every unformatted result `WRITE` through `res_write_check` / [[mod_error:errstat_write]]. |
!> @endhistory"
FRSORT,subroutine,src/frame/FRmod.f90,FRmod,3729,3926,3701,3701,False,src/frame/frame_geometry.f90,frame_geometry,"Builds element, link and bank indexing, areas and face lengths.",1,src/driver/run_sim.f90,0,,"! 14/3/95
   !
   !^^^^^^^^^^^^^^^^^^^^^^^^^^^^^^^^^^^^^^^^^^^^^^^^^^^^^^^^^^^^^^^^^^^^^^^
!> @brief Sorts active elements for component execution and output ordering.
!>
!> Elements are sorted by descending surface-water elevation, with dry elements
!> sorted by phreatic-surface elevation. For channel links, a dry-link ghost
!> phreatic level is first set to the maximum adjacent non-link phreatic level on
!> the two faces normal to the link direction.
!>
!> | Element state | Temporary list | Stored key |
!> |:--------------|:---------------|:-----------|
!> | Ponded, `GETHRF(IEL)-ZGRUND(IEL) > 1.0E-8` | Column 1 of `ELEV`/`ISTEMP` | `GETHRF(IEL)` |
!> | Dry or non-ponded | Column 2 of `ELEV`/`ISTEMP` | `ZVSPSL(IEL)` |
!> | Dry channel link | Column 2 after ghost update | `MAX(ZVSPSL(adjacent face A), ZVSPSL(adjacent face B))` |
!>
!> Each list is sorted from high to low. When the two lists are merged back into
!> `ISORT`, the implemented comparison uses `ZVSPSL` for the next column-1
!> element and the stored `ELEV(:,2)` key for the next column-2 element; this is
!> the code behaviour, not a fresh comparison against the stored surface-water
!> key.
!>
!> @history
!> | Date | Author | Version | Description |
!> |:-----|:-------|:--------|:------------|
!> | 1995-03-14 | - | 3.x | Documented the combined surface-water and phreatic-level ordering. |
!> | 2026-05-03 | SvB | 4.6.1 | Explicitly initialised temporary sorting state for GFortran. |
!> @endhistory"
INBK,subroutine,src/frame/FRmod.f90,FRmod,3970,4193,3928,3928,False,src/overland_channel/bank_setup.f90,bank_setup,Reads the optional explicit-bank element data and bankfull geometry.,0,,0,,"!> @brief Reads and initialises bank water-level/depth data.
!>
!> `INBK` reads bank-component input data and sets bank water-surface elevations
!> and related bank state used by OC, VSS, sediment, and contaminant routines.
!> The routine loops over 13 bank data records. The `INTYPE` input methods are:
!>
!> | `INTYPE` | Meaning |
!> |:---------|:--------|
!> | 1 | Copy from an adjacent grid element if possible, otherwise from the first adjacent bank element found on the second pass. Ground level is set from adjacent bank-full elevation. |
!> | 2 | Set all bank elements from one supplied default value. For ground level, the value is an offset from `ZBFULL`. |
!> | 3 | Unsupported; the routine raises fatal error 1061. |
!> | 4 | Read explicit `(bank element, value)` pairs. The read `NVALUE` is ignored and replaced by `2*total_no_links`. |
!>
!> | `IDATA` | Target | Type and transform |
!> |:--------|:-------|:-------------------|
!> | 1 | `ZGRUND` | Real. `INTYPE=1` sets `ZBFULL(link)`; `INTYPE=2` stores `ZBFULL(link)+DFAULT`; `INTYPE=4` stores the explicit elevation. |
!> | 2 | `NMC` | Integer meteorological category. |
!> | 3 | `NRAINC` | Integer rainfall category. |
!> | 4 | `NVC` | Integer vegetation category. |
!> | 5 | None | Integer value is read into workspace for `INTYPE=2/4` but is not applied. |
!> | 6 | `STRXX` | Real east-west Strickler/roughness value. |
!> | 7 | `STRYY` | Real north-south Strickler/roughness value. |
!> | 8 | None | Integer value is read into workspace for `INTYPE=2/4` but is not applied. |
!> | 9 | None | Integer value is read into workspace for `INTYPE=2/4` but is not applied. |
!> | 10 | `SD` | Initial bank-element snow depth (mm snow). |
!> | 11 | `RHOSAR` | Initial bank-element snow specific gravity (dimensionless). |
!> | 12 | `ZVSPSL` | Real. `INTYPE=1` copies adjacent phreatic elevation plus `ZGRUND(IEL)-ZGRUND(JEL)`; `INTYPE=2/4` interprets input as depth below bank ground and sets `ZGRUND-DUMMY`. |
!> | 13 | `HRF` | Real. `INTYPE=1` copies adjacent water-surface elevation plus `ZGRUND(IEL)-ZGRUND(JEL)`; `INTYPE=2/4` interprets input as water depth above bank ground and sets `ZGRUND+DUMMY`. |
!>
!> Bank widths are not set here. `INTEGR` selects integer input for records 2,
!> 3, 4, 5, 8, and 9; all other records are read as real values. The routine
!> uses bank input unit `BKD`, element references `ICMREF`, and bank-full
!> elevations `ZBFULL`, with `IDUM` and `DUMMY` as workspace.
!>
!> @history
!> | Date | Author | Version | Description |
!> |:-----|:-------|:--------|:------------|
!> | 1994-10-01 | RAH | 3.4.1 | Standardised inherited typing. |
!> | 1994-08 | GP | 4.0 | Moved VSS soil-layer state out of bank input. |
!> | 1998-07 | RAH | 4.2 | Removed unsupported class-based bank input. |
!> | 2009-01 | JE | - | Restructured loops for automatic differentiation. |
!> @endhistory"
INCM,subroutine,src/frame/FRmod.f90,FRmod,4352,4885,4195,4195,False,src/contaminant/cm_input.f90,cm_input,Reads the contaminant data file.,1,src/driver/run_sim.f90,0,,"!> @brief Initialises the contaminant component and contaminant interface arrays.
!>
!> The routine reads contaminant data via [[cmmod:cmrd]], checks tabulated
!> spatially variable concentrations, builds column/link geometry terms, sets
!> contaminant storage coefficients, interpolates initial column concentrations,
!> and initialises plant uptake data when enabled.
!>
!> | Phase | Main state prepared |
!> |:------|:--------------------|
!> | Input and checking | `CMRD` reads CM/CMP data; [[muerr2]] checks spatial concentration tables. |
!> | Sediment interface | If `ISSDON` is false, neutral three-fraction sediment state is generated for contaminant coupling. |
!> | Scaling and coefficients | Contaminant scaling constants, decay coefficients, and soil `KDDSOL` values are set. |
!> | Column/link geometry | Column bottoms, lateral overlaps, bank/link bed layers, and stream-bed storage areas are derived. |
!> | Old-state initialisation | Link, column, surface-flow, vertical-flow, moisture, and concentration old-state arrays are copied from the current hydraulic state. |
!> | Optional spatial concentration | `ALINTP` maps depth-concentration tables onto active column cells. |
!>
!> `INCM` sets contaminant scaling constants before any solve-time coefficients
!> are assembled:
!>
!> \[
!> Z2 = 50,\qquad D0 = 10^{-3},\qquad OODO=1/D0,
!> \]
!>
!> \[
!> Z2SQ=Z2^2,\qquad Z2OD=Z2/D0,\qquad Z2SQOD=Z2^2/D0.
!> \]
!>
!> The finite-difference weighting is initialised as fully implicit through
!> `SGMA=1`, `SGSQ=SGMA**2`, and `OMSGMA=1-SGMA`. Contaminant decay is scaled
!> for the solver as
!>
!> \[
!> GCPLA_c = GGLMSO_c\,Z2SQOD.
!> \]
!>
!> For each soil type and contaminant, the soil reference distribution
!> coefficient is reconstructed from sediment particle fractions and
!> particle-size distribution coefficients:
!>
!> \[
!> KDDSOL_{s,c} = \sum_j SOSDFN_{s,j}\,KDDLS_{j,c}.
!> \]
!>
!> If the sediment component is inactive, `INCM` creates a neutral sediment
!> interface: three sediment fractions, no loose/deposited sediment mass, first
!> fraction equal to one, zero sediment fluxes, and bed soil/porosity inferred
!> from the bank soil at the exposed channel bed. This gives the contaminant
!> component consistent sediment arrays without running sediment transport.
!>
!> Column geometry is prepared from VSS layering. `NCOLMB` is set to each
!> column's bottom active layer, `ZCOLMB` stores the corresponding node
!> elevation, and the scaled cell thickness workspace is
!>
!> \[
!> KSPDUM_{e,k}=DELTAZ_{k,e}/Z2.
!> \]
!>
!> Lateral overlap arrays `NOL`, `NOLBT`, `NOLCE`, `NOLCEA`, and `JOLFN` are
!> built from `JVSACN`, `JVSDEL`, and `DELTAZ`. Where an overlap spans two
!> cells, `JOLFN` stores the fractional contribution on the legacy integer scale
!> 32500, for example
!>
!> \[
!> JOLFN =
!> \left\lfloor
!> 32500\,\frac{DELTAZ_k}{DELTAZ_k+DELTAZ_{k+1}}
!> \right\rfloor .
!> \]
!>
!> For each channel link, the routine derives the bed-deep cell numbers and
!> fractional coverage (`NCEBD`, `FNCEBD`) on both adjacent banks from the
!> specified deep-bed thickness `DBDI/Z2` and reconciles the two bank overlap
!> systems so all bank soil below the channel is accounted for. It then sets the
!> bed-surface and bed-deep storage coefficients:
!>
!> \[
!> ACPBSG_l = DBS\,CWIDTH_l/Z2^2,
!> \]
!>
!> \[
!> ACPBI_l =
!> \frac{1}{2}\left(\sum \Delta z^\*_{bank}\right)CWIDTH_l/Z2
!> - ACPBSG_l,
!> \]
!>
!> where the summed scaled bank thickness excludes the parts outside the
!> bed-surface/deep-bed region.
!>
!> Link initial concentrations are set to the incoming concentration `CCAPIN`
!> in the deep-bed, bed-surface, and stream-water cells. Initial stream-bed
!> moisture is the thickness-weighted average over the two adjacent bank regions
!> participating in the bed layers, capped by bed porosity:
!>
!> \[
!> THBED_l =
!> \min\left(PBSED_l,\frac{\sum_k VSTHE_k w_k}{\sum_k w_k}\right).
!> \]
!>
!> Initial bed particle fractions combine loose sediment and parent bed
!> material:
!>
!> \[
!> FBBEDO_{l,j} =
!> \frac{DLS_l\,CWIDTH_l\,FBETA_{l,j}
!>       +(ACPBI_l-ACPBSG_l)Z2^2\,SOSDFN_{NSOBED_l,j}}
!>      {DLS_l\,CWIDTH_l +(ACPBI_l-ACPBSG_l)Z2^2}.
!> \]
!>
!> @note
!> If `NSOBED(l)` is zero during this calculation, the current code sets it to
!> soil type 1 before using `SOSDFN`. The in-line comment identifies this as a
!> temporary fix for cases where sediment and solute components run together.
!> @endnote
!>
!> For soil and bank columns, old-state flow and concentration arrays are
!> initialised from current water-flow state. Surface input and bottom flux use
!>
!> \[
!> QIO_e=-PNETTO_e\,cellarea_e,\qquad
!> QQRFO_e=QVSV_{NCOLMB(e),e}\,cellarea_e,
!> \]
!>
!> and surface-water depth is stored as `DSWO = HRF - ZGRUND`. Bank columns use
!> an L-shaped correction factor
!>
!> \[
!> \rho = \frac{cellarea_{bank}/CLENTH_l}
!>             {cellarea_{bank}/CLENTH_l + 0.5\,CWIDTH_l},
!> \]
!>
!> to blend bank and associated-link water contents and vertical velocities
!> where the contaminant column represents both bank soil and channel-underflow
!> geometry.
!>
!> Surface-flow old-state values are converted to the contaminant component's
!> inward-positive convention as
!>
!> \[
!> QQQSWO_{e,1:2}=-QOC_{e,1:2},\qquad
!> QQQSWO_{e,3:4}= QOC_{e,3:4}.
!> \]
!>
!> If `CMRD` marked an initial concentration as spatially variable, `INCM`
!> calls `ALINTP` to interpolate the category-specific concentration/depth table
!> onto every active column cell and copies the result into both current and old
!> mobile/dead-space concentration arrays (`CCCC`, `SSSS`, `CCCCO`, `SSSSO`).
!> Finally, plant uptake data are initialised through [[inpl]] when `ISPLT` is
!> enabled.
!>
!> @history
!> | Date | Author | Version | Description |
!> |:-----|:-------|:--------|:------------|
!> | 1994-10-03 | RAH | 3.4.1 | Standardised declarations. |
!> | 1996-1998 | GP/RAH | 4.0-4.2 | Reworked VSS coupling, overlap geometry, sediment interfaces, and explicit typing. |
!> | 2026-03 | SB | 4.6 | Updated contaminant allocation and active-cell interpolation. |
!> | 2026-09-05 | SvB | - | Added STAT= and ERRMSG= reporting for all (de)allocations. |
!> @endhistory"
INET,subroutine,src/frame/FRmod.f90,FRmod,4969,5259,4887,4887,False,src/evapotranspiration/et_input.f90,et_input,Reads the evapotranspiration input data.,0,,0,,"!> @brief Reads evapotranspiration input and initialises ET state.
!>
!> `INET` reads meteorological/vegetation mode flags, canopy and aerodynamic
!> parameters, time-varying canopy/ground-cover/leaf-area/height tables, and
!> root density functions used by [[etmod]].
!>
!> It assumes meteorological-site codes and vegetation codes have already been
!> read by the global initialisation routines. Variable names follow the IH SHE
!> Report 8 convention used by the legacy manual and code.
!>
!> | Phase | Main action |
!> |:------|:------------|
!> | Reset state | Clear vegetation defaults, reset `precip_m_per_s`, reset `TIMEUZ`, and clear `CSTORE` only when not reading a hot start. |
!> | ET control records | Read print flags, `BMETAL`, optional `BMETDATES`, input timesteps, and measured-potential-evaporation flags. |
!> | Vegetation loop | Read ET8 parameters, optional time-varying parameter tables, optional `PS1`/`RCF`/`FET` tables, and root-density values. |
!> | Time-series priming | Read and discard the first row from `PRD`/`EPD` when `BMETAL` is true, otherwise from `MED`; also check `TAH`/`TAL` when station temperature output is active. |
!>
!> Shared inputs are:
!>
!> | Group | Variables |
!> |:------|:----------|
!> | ET and meteorological file units | `EPD`, `ETD`, `MED`, `PRD`, `FID_logfile` |
!> | Run dimensions | `total_no_elements`, `NGDBGN`, `NM`, `NRAIN`, `NV` |
!> | Restart control | `BHOTRD` |
!> | Local aerodynamic-array extent | `NVEE` |
!>
!> Initialised shared state is:
!>
!> | Group | Variables |
!> |:------|:----------|
!> | ET timing | `DTMET`, `DTMET2`, `DTMET3`, `TIMEUZ` |
!> | Vegetation/root state | `NRD`, `CLAI`, `RDL`, `PLAI`, `VHT`, `RDF` |
!> | Rainfall and canopy storage | `precip_m_per_s`, `CSTORE` |
!> | ET mode/control flags | `MEASPE`, `MODE`, `NF`, `BMETP`, `BINETP`, `BMETAL`, `BMETDATES`, `BAR` |
!> | Time-varying parameter controls | `MODECS`, `MODEPL`, `MODECL`, `MODEVH`, `NCTCST`, `NCTPLA`, `NCTCLA`, `NCTVHT` |
!> | Canopy/aerodynamic/resistance tables | `CB`, `CK`, `CSTCAP`, `CSTCA1`, `RA`, `RC`, `RTOP`, `PLAI1`, `CLAI1`, `VHT1` |
!> | Soil-moisture-tension tables | `PS1`, `RCF`, `FET` |
!> | Time-varying ratio/time tables | `RELCST`/`TIMCST`, `RELPLA`/`TIMPLA`, `RELCLA`/`TIMCLA`, `RELVHT`/`TIMVHT` |
!>
!> Key ET variables and units are:
!>
!> | Variable | Meaning | Units |
!> |:---------|:--------|:------|
!> | `RA` | Aerodynamic resistance. | s/m |
!> | `RC` | Stomatal/canopy resistance. | s/m |
!> | `CSTCAP` | Canopy storage capacity. | mm |
!> | `CSTORE` | Canopy storage. | mm |
!> | `CK` | Canopy drainage parameter. | mm/s |
!> | `CB` | Canopy drainage parameter. | 1/mm |
!> | `ZO` | Zero-plane displacement. | m |
!> | `ZD` | Roughness height. | m |
!> | `ZU` | Height of anemometer. | m |
!> | `PS1` | Average soil-moisture tension. | m |
!> | `RCF` | Canopy resistance corresponding to `PS1`. | s/m |
!> | `FET` | Actual/potential evapotranspiration ratio `EA/EP`. | nondimensional |
!> | `RDF` | Root distribution function. | nondimensional |
!> | `PLAI` | Ground-cover index. | nondimensional |
!> | `CLAI` | Canopy leaf-area index. | nondimensional |
!> | `VHT` | Canopy height. | m |
!> | `MEASPE` | `0` if potential evaporation is not measured; `1` if measured. | flag |
!> | `BMETDATES` | `TRUE` when PRD/EPD/temperature time-series records include a leading date column. | flag |
!> | `DTMET` | Timestep for full meteorological-data input. | hr |
!> | `DTMET2` | Timestep for precipitation-data input. | hr |
!> | `DTMET3` | Timestep for potential-evaporation-data input. | hr |
!>
!> The `PS1`/`RCF`/`FET` table is read when `MODE` is neither 1 nor 4. For
!> `MODE=1` and `MODE=4`, the table is skipped and the constant `RC` value is
!> reported. When `BAR` is true, the top aerodynamic resistance term is computed
!> as
!>
!> \[
!> RTOP = \frac{\log^2((ZU-ZD)/ZO)}{0.41^2}.
!> \]
!>
!> @history
!> | Date | Author | Version | Description |
!> |:-----|:-------|:--------|:------------|
!> | Legacy | GP | 3.4 | Removed direct meteorological priming from ET input. |
!> | 1994-1998 | RAH | 3.4.1-4.2 | Standardised typing and revised resistance/time-varying tables. |
!> | 2007-04-30 | SB | - | Added `DTMET2`/`DTMET3` to convert breakpoint meteorological data to regularly spaced data. |
!> | 2026-03 | SB | 4.6 | Added date-aware meteorological input and allocatable ET tables. |
!> @endhistory"
INFR,subroutine,src/frame/FRmod.f90,FRmod,5318,5663,5261,5261,False,src/frame/frame_setup.f90,frame_setup,Opens the rundata-controlled files and drives whole-model initialisation.,0,,0,,"!> @brief Reads global frame data shared by multiple components.
!>
!> This includes model size, simulation dates, grid spacing, output controls,
!> component execution flags, meteorological/vegetation/soil codes, ground
!> levels, link maps, printing controls, and the optional regular-output interval.
!>
!> | Stage | Main records/actions |
!> |:------|:---------------------|
!> | Run identity and dimensions | Print version/banner, read catchment title, `NX`, `NY`, simulation start/end, and sediment/contaminant start dates. |
!> | Grid and output timing | Read `DXIN`, `DYIN`, `DTAO`, `IAOUT`, `BINFRP`, `BFRTS1`, `BFRTS2`, `BSTORE`, and `PSTART`. |
!> | Timestep controls | Read `PMAX`, `PALFA`, `QMAX`, `TMAX`, and `BSOFT`; cap `TMAX` at 2 h and set `PREST=1+PALFA`. |
!> | Optional printed arrays | Read `BPPNET`, `BPEPOT`, `BPQOC`, `BPDEP`, `BPQF`, `BPQH`, `BPQSZ`, `BPHSZ`, `BPBAL`, and `BPSD` only when `IAOUT=2`. |
!> | Component flags and hot start | Read optional-component flags `BEXSM`, `BEXBK`, `BEXSY`, `BEXCM`, then hot-start controls. |
!> | Codes and geometry | Read station/type counts, discard obsolete river-lining record, read default codes, grid mask, OC link-code layouts, and call [[frind]]. |
!> | Distributed arrays | Read `ZGRUND`; read or default `NMC`, `NRAINC`, and `NVC`; read optional `TOUTPUT`. |
!>
!> Common data read and initialised include:
!>
!> | Data group | Variables |
!> |:-----------|:----------|
!> | Input and echo units | `FRD` and `FID_logfile`, already opened by [[fropen]] |
!> | Job title | run title text |
!> | Model size | `NX`, `NY` |
!> | Simulation start time | `ISYEAR`, `ISMTH`, `ISDAY`, `ISHOUR`, `ISMIN` |
!> | Simulation end time | `IEYEAR`, `IEMTH`, `IEDAY`, `IEHOUR`, `IEMIN` |
!> | Sediment and contaminant start times | `JSYEAR`...`JSMIN`, `JCYEAR`...`JCMIN`; converted to `TSH`/`TCH` only when the component is enabled. |
!> | Node spacing | `DXIN` in x direction, `DYIN` in y direction |
!> | Printing/output control | `DTAO`, `IAOUT`, `BINFRP`, `BFRTS1`, `BFRTS2`, `BSTORE`, `PSTART`, `TOUTPUT` |
!> | Printed-result selection | `BPPNET`, `BPEPOT`, `BPQOC`, `BPDEP`, `BPQF`, `BPQH`, `BPQSZ`, `BPHSZ`, `BPBAL`, `BPSD` |
!> | Component execution control | `BEXSM`, `BEXBK`, `BEXSY`, `BEXCM`; `BEXET`, `BEXUZ`, `BEXOC`, `BEXSZ`, and `BEXEX` are forced true. |
!> | Counts | `NM`, `NRAIN`, `NV`, `NS`; local `NLYRCT` is read and echoed only |
!> | Default met/rain/vegetation codes | `IDMC`, `IDRA`, `IDVE`; `IDLYR` is read but not used here. |
!> | Elevations and geometry | `ZGRUND`, `INGRID`, `LCODEX`, `LCODEY`, `ICMREF` |
!> | Distributed codes | `NMC`, `NRAINC`, `NVC` |
!>
!> The main grid mask is read by row label from top to bottom (`K=NY...1`).
!> Input value `1` is converted to internal catchment value `0`; every other
!> value is converted to `-1`. The row label is checked and a mismatch stops the
!> run immediately.
!>
!> @note
!> The obsolete river-lining record `FR30/FR31` is still consumed from the input
!> stream, but its values are not stored or converted by the active code.
!> @endnote
!>
!> @note
!> `TOUTPUT` is optional. If record `FR52/FR53` is absent or unreadable, the
!> routine uses a 24 h averaging interval.
!> @endnote
!>
!> @history
!> | Date | Author | Version | Description |
!> |:-----|:-------|:--------|:------------|
!> | 1989-1998 | GP/RAH | 2.0-4.2 | Developed common frame input, component flags, grid codes, and output controls. |
!> | 2015-02-13 | SB | - | Added the optional `TOUTPUT` interval for regular text output. |
!> | 2026-03 | SB | 4.6 | Added current hard-coded array-capacity reporting to the print file. |
!> @endhistory"
INPL,subroutine,src/frame/FRmod.f90,FRmod,5695,5762,5665,5665,False,src/contaminant/cm_plant.f90,cm_plant,Two-compartment plant uptake path.,0,,0,,"!> @brief Initialises contaminant plant-uptake arrays.
!>
!> `INPL` initialises the SHETRAN-UK plant contaminant migration component
!> (MPL). The current implementation maps vegetation classes to plant uptake
!> compartments and root fractions, including legacy hard-coded plant parameters.
!>
!> | Plant type | `PMASS` | `PF2MAX` | `PKMAX(:,1)` |
!> |:-----------|--------:|---------:|-------------:|
!> | 1 | 2 | 2 | \(1.5\times10^{-8}\) |
!> | 2 | 3 | 6 | \(3.0\times10^{-8}\) |
!> | 3 | 20 | 10 | \(3.0\times10^{-8}\) |
!>
!> Each non-link element is assigned a primary plant type from `NVC`. The
!> primary plant fraction is `PFONE(:,1)=PLAI(NVC)`. If that fraction is less
!> than 0.99, the routine creates a second plant compartment with fraction
!> `1-PFONE(:,1)`; the second plant type is assumed to have been set elsewhere
!> in legacy block data. Root fractions are copied from `RDF` into `PDZF3` from
!> the top contaminant cell downward, and the old plant compartment-B mass is
!> initialised as
!>
!> \[
!> GMCBBO = \frac{CLAI}{PF2MAX}\,DELONE .
!> \]
!>
!> @history
!>
!> | Date | Author | Version | Description |
!> |:-----|:-------|:--------|:------------|
!> | 1993-03-18 | JE | 3.4 | Implemented the MPL plant contaminant migration component initialisation. |
!> @endhistory"
INSM,subroutine,src/frame/FRmod.f90,FRmod,5799,5903,5764,5764,False,src/snow/snow_input.f90,snow_input,Reads the snowmelt data file.,0,,0,,"!> @brief Reads snowmelt component input and initialises snowpack state.
!>
!> Key snowmelt variables and units are:
!>
!> | Variable | Meaning | Units |
!> |:---------|:--------|:------|
!> | `UNIFSD` | Snow depth when a uniform initial snow depth is supplied. | mm snow |
!> | `SD` | Snow depth. | mm snow |
!> | `DDF` | Degree-day factor. | mm/s/C |
!> | `RHOS` | Specific gravity of snow. | - |
!> | `TSIN` | Initial snow temperature. | C |
!> | `TS` | Snow temperature. | C |
!> | `NSMC` | Number of meltwater slugs being routed through the snowpack. | - |
!> | `MSM` | Snowmelt method flag: `1` degree-day, `2` energy budget. | - |
!> | `ZOS`, `ZDS`, `ZUS` | Snow aerodynamic roughness, zero-plane displacement, and anemometer height for energy-budget snowmelt. | m |
!> | `IMET` | Meteorological station element numbers for energy-budget windspeed correction. | element |
!>
!> | Branch | Input and initialisation |
!> |:-------|:-------------------------|
!> | `MSM=1` | Degree-day method; `TSIN` is forced to zero and energy-budget aerodynamic/location records are skipped. |
!> | `MSM/=1` | Energy-budget method; reads `ZOS`, `ZDS`, `ZUS`, and `IMET(1:NM)`. |
!> | `NSD=0` | Uniform initial snowpack; sets all `RHOSAR` to default `RHOS`, reads one `UNIFSD`, then sets all `SD` to that depth. |
!> | `NSD/=0` | Spatial snowpack; reads distributed `SD` and `RHOSAR` arrays with `AREADR`. |
!>
!> After either snowpack branch, `NSMC` is reset to zero, `TS` is set to the
!> effective `TSIN`, and snowfall `SF` is set to zero for every non-link element.
!>
!> @history
!> | Date | Author | Version | Description |
!> |:-----|:-------|:--------|:------------|
!> | 1981-03 | JCB | - | Created snowmelt component (SM). |
!> | 1989-09 | GP | 2.1 | SHE88 implementation on Newcastle AMDAHL. |
!> | 1990-06 | GP | 2.2 | Variable snowpack, low-temp correction, shallow pack, SHETRAN amendments. |
!> | 1992-11 | SPA | 3.x | Removed incorrect snowpack temperature control, further low-temp correction. |
!> @endhistory"
DINET,subroutine,src/frame/FRmod.f90,FRmod,5919,5933,5905,5905,False,src/frame/frame_setup.f90,frame_setup,Opens the rundata-controlled files and drives whole-model initialisation.,0,,0,,"!> @brief Supplies ET defaults when the evapotranspiration component is disabled.
!>
!> The routine only writes an `ENTER DINET` message and sets `BMETAL=.TRUE.`.
!> The commented assignments to rainfall, evaporation, interception, root-zone
!> evaporation, drainage, and soil evaporation are inactive. In the current frame
!> initialisation, ET is forced active by [[infr]], so this dummy path is retained
!> mainly for legacy component structure.
!>
!> @history
!> | Date | Author | Version | Description |
!> |:-----|:-------|:--------|:------------|
!> | 1989-1991 | GP | 0.1-0.2 | Added and reduced the legacy dummy-component initialisation set. |
!> | 2026-04 | SvB | 4.6.1 | Retained the inactive compatibility hook during control-flow cleanup. |
!> @endhistory"
DINOC,subroutine,src/frame/FRmod.f90,FRmod,5949,5955,5935,5935,False,src/frame/frame_setup.f90,frame_setup,Opens the rundata-controlled files and drives whole-model initialisation.,0,,0,,"!> @brief Supplies overland/channel defaults when that component is disabled.
!>
!> This routine belongs to the legacy SHETRAN-UK dummy component set (DUM),
!> which contains dummy versions of OC, ET, UZ, SZ, and EXSZOC routines. These
!> minimal dummy components are not currently used. `DINOC` only writes an
!> `ENTER DINOC` message and returns.
!>
!> @history
!>
!> | Date | Author | Version | Description |
!> |:-----|:-------|:--------|:------------|
!> | 1989-06 | GP | 0.1 | Added dummy components for use with V-catchment tests. |
!> | 1991-12 | GP | 0.2 | Reduced to minimal versions, not currently used. |
!> @endhistory"
DOCIN,subroutine,src/frame/FRmod.f90,FRmod,5967,5971,5957,5957,False,src/frame/frame_setup.f90,frame_setup,Opens the rundata-controlled files and drives whole-model initialisation.,0,,0,,"!> @brief Retains the no-op overland/channel input hook required by the legacy component structure.
!>
!> `DOCIN` performs no work and has no side effects.
!>
!> @history
!> | Date | Author | Version | Description |
!> |:-----|:-------|:--------|:------------|
!> | 1989-1991 | GP | 0.1-0.2 | Added the legacy dummy OC component hooks. |
!> | 2026-04-13 | SvB | 4.6.1 | Marked the no-op input hook pure. |
!> @endhistory"
MUERR2,subroutine,src/frame/FRmod.f90,FRmod,5997,6084,5973,5973,False,src/contaminant/cm_input.f90,cm_input,Reads the contaminant data file.,0,,0,,"!> @brief Checks spatially variable contaminant concentration tables.
!>
!> `MUERR2` verifies that category counts, table lengths, water-depth breakpoints,
!> and concentration values are valid before the contaminant initialisation uses
!> them to interpolate grid and bank concentrations.
!>
!> Checks are applied only for contaminants whose `ISCNSV` flag is true:
!>
!> | Data checked | Condition |
!> |:-------------|:----------|
!> | `NCATTY(J,I)` for non-link elements `J=total_no_links+1:total_no_elements` | Category type must be greater than zero. |
!> | `TABLE_WATER_DEPTH(NELMTY,1,I)` | First depth breakpoint must equal zero. |
!> | `TABLE_WATER_DEPTH(NELMTY,NTBL,I)`, `NTBL>=2` | Depth breakpoints must strictly increase. |
!> | `TABLE_CONCENTRATION(NELMTY,NTBL,I)` | Concentrations must be non-negative. |
!>
!> Errors are accumulated through `ALCHKI`/`ALCHK` into `NERR`; any positive
!> count triggers fatal error 2107 at the end of the routine.
!>
!> @history
!> | Date | Author | Version | Description |
!> |:-----|:-------|:--------|:------------|
!> | Legacy | - | 4.2 | Added validation of spatially variable contaminant concentration tables. |
!> | 2026-04-13 | SvB | 4.6.1 | Retained the checker during structured-control-flow conversion. |
!> @endhistory"
mnamm,subroutine,src/nitrate/MNmod.f90,MNmod,199,339,161,161,False,src/nitrate/mn_nitrogen.f90,mn_nitrogen,"Ammonium, nitrification, mineralisation and litter-nitrogen pools.",0,,0,,"!> @brief Updates dissolved ammonium concentration for all active soil cells.
!>
!> `mnamm` iterates the ammonium mass balance with adsorption retardation,
!> mineralisation/immobilisation, nitrification, volatilisation, plant uptake,
!> and external ammonium input. Non-convergence of the cell iteration reports
!> error 3018.
!>
!> The active vertical range is `NBOTCE:NCETOP` when `ISBOTC` is true, otherwise
!> `NCOLMB(element):NCETOP`. Within each soil layer, the iteration solves for
!> `NAMM1` using the nonlinear ammonium retardation factor
!>
!> \[
!> R_\mathrm{amm}=1+
!> \frac{KDDSOL_s\,(NAMM/MNCREF)^{GNN-1}}{\theta}.
!> \]
!>
!> At each iteration the half-step concentration
!> \(NAMM_h=(NAMM+NAMM1)/2\) drives the process terms:
!>
!> | Term | Implemented expression |
!> |:-----|:-----------------------|
!> | Mineralisation | `MINER=GAM` and `IMAMM=0` when `GAM>=0`. |
!> | Immobilisation | `MINER=0`, `IMAMM=min(-GAM, KUAMM*NAMM_h)` when `GAM<0`. |
!> | Nitrification | `NTRF=theta_h*KNIT*ENT*ENPH*NAMM_h`. |
!> | Volatilisation | `VOL=theta_h*KVOL*EMT*NAMM_h`. |
!> | Plant uptake | `PLAMM=min(PLUP*(PPHI*NAMM_h/(NDNIT+NAMM_h)+(1-PPHI)*NAMM_h/(NDSNT+NAMM_h)), VSTHE*KPLAMM*NAMM_h)`. |
!>
!> The new concentration is
!>
!> \[
!> NAMM1 =
!> \frac{\theta_o\,NAMM\,R_o
!>       + DTUZ(-PLAMM+MINER-IMAMM-NTRF-VOL+NAAMM)}
!>      {\theta\,R_1}.
!> \]
!>
!> Up to 20 iterations are allowed per cell. Convergence uses the squared
!> relative change in `NAMM1`; the tolerance is \(10^{-12}\)."
mnco2,subroutine,src/nitrate/MNmod.f90,MNmod,365,430,341,341,False,src/nitrate/mn_organic_matter.f90,mn_organic_matter,"Litter, humus and manure carbon turnover and CO2 production.",0,,0,,"!> @brief Calculates cumulative carbon dioxide production from organic matter turnover.
!>
!> The calculation combines humus, litter, and manure carbon pools with
!> temperature and matric-potential modifiers and suppresses litter/manure
!> decomposition where immobilisation is limiting.
!>
!> For each active land-column cell the routine uses average old/new carbon
!> pools:
!>
!> \[
!> C_h=\frac{CHUM+CHUM1}{2},\quad
!> C_l=\frac{CLIT+CLIT1}{2},\quad
!> C_m=\frac{CMAN+CMAN1}{2}.
!> \]
!>
!> If `ISIMTF` is true, litter and manure decomposition rates are temporarily
!> set to zero. Otherwise the stored `KLIT` and `KMAN` rates are used. Carbon
!> dioxide production is then
!>
!> \[
!> CDORT = (1-FE)(1-FH)K_{lit}EMT\,EMPH\,C_l
!>       + (1-FE)KHUM\,EMT\,EMPH\,C_h
!>       + (1-FE)K_{man}EMT\,EMPH\,C_m .
!> \]"
MNISINITIALISED,function,src/nitrate/MNmod.f90,MNmod,433,435,432,432,False,src/nitrate/mn_driver.f90,mn_driver,"Allocation, initialisation and the per-timestep nitrate sequence.",1,src/contaminant/CMmod.f90,0,,!> @brief Reports whether the mineral-nitrogen component has completed setup.
MNALLOCATE,subroutine,src/nitrate/MNmod.f90,MNmod,444,599,437,437,False,src/nitrate/mn_driver.f90,mn_driver,"Allocation, initialisation and the per-timestep nitrate sequence.",0,,0,,"!> @brief Allocates persistent mineral-nitrogen state and timestep workspace.
!>
!> @history
!>
!> | Date | Author | Version | Description |
!> |:-----|:-------|:--------|:------------|
!> | 2026-09-05 | SvB | - | Added STAT= and ERRMSG= reporting for all (de)allocations. |"
MNINITIALISE,subroutine,src/nitrate/MNmod.f90,MNmod,613,732,601,601,False,src/nitrate/mn_driver.f90,mn_driver,"Allocation, initialisation and the per-timestep nitrate sequence.",1,src/contaminant/CMmod.f90,0,,"!> @brief Performs the explicit one-time setup for the mineral-nitrogen component.
!>
!> `CMSIM` calls this routine instead of advancing MN on its first call after
!> contaminant setup. This deliberately preserves the legacy one-call delay:
!> initial MN source/sink terms are zero for that contaminant solve, and the
!> first MN process timestep occurs on the following `CMSIM` call.
!>
!> @history
!>
!> | Date | Author | Version | Description |
!> |:-----|:-------|:--------|:------------|
!> | 2026-09-05 | SvB | - | Added STAT= and ERRMSG= reporting for all (de)allocations. |"
MNCONT,subroutine,src/nitrate/MNmod.f90,MNmod,768,850,734,734,False,src/nitrate/mn_driver.f90,mn_driver,"Allocation, initialisation and the per-timestep nitrate sequence.",1,src/contaminant/CMmod.f90,0,,"!> @brief Controls the mineral nitrogen component from the contaminant timestep.
!>
!> `MNCONT` is called by [[cmmod:cmsim]] after [[mninitialise]] has allocated
!> and initialised the mineral-nitrogen component. It computes potential plant
!> nitrogen uptake with [[mnplant]], then calls [[mnmain]] to advance mineral
!> nitrogen state and fill `SSS1` and `SSS2`, which replace the contaminant
!> source/sink arrays used by the CM transport equations.
!>
!> | Phase | Main action |
!> |:------|:------------|
!> | Temporary temperature setup | Set every vegetation air-temperature entry `TA(1:NV)` to 10.0 before plant uptake and the main nitrogen update. |
!> | Plant uptake | Call [[mnplant]] to calculate nitrogen plant uptake demand and related plant output. |
!> | Main MN update | Call [[mnmain]] to initialise/check/read inputs on the first pass and then update ammonium/nitrate source-sink terms. |
!>
!> The dissolved nitrate concentration fields are supplied through the CM arrays
!> `cccc` and `ssss`; ammonium, litter, humus, manure, and process-rate pools are
!> held internally by `MNmod`. Rates and pools are evaluated over land columns
!> from `NLF+1:NEL`; channel links are not treated as nitrogen soil columns.
!>
!> @note `MNCONT` overwrites the incoming `TA` values with 10 deg C before
!> [[mnplant]] and [[mnmain]] are called.
!> @endnote
!>
!> @warning The legacy source comments note that [[mnplant]] has limited input
!> checking. The main nitrogen update path performs more extensive validation in
!> [[mnerr0]], [[mnerr1]], [[mnerr2]], [[mnerr3]], and [[mnerr4]].
!> @endwarning
!>
!> @warning [[cmmod:cmsim]] passes `ICMREF(1:NEL,5)` to the explicit-shape
!> `ICMREF(NEL,4,2:2)` dummy. The MN checks then index four faces, relying on
!> contiguous storage from columns 5--8 beyond the declared one-column actual
!> section. This retained coupling is compiler-sensitive and is not changed
!> here.
!> @endwarning"
mnedth,subroutine,src/nitrate/MNmod.f90,MNmod,884,945,852,852,False,src/nitrate/mn_environment.f90,mn_environment,Soil temperature and the temperature/moisture reduction factors.,0,,0,,"!> @brief Calculates the water-content reduction factor for denitrification.
!>
!> The manual defines the spatial denitrification parameters `KD1` and `KD2`
!> through the `MN25`-`MN28` category/depth tables. This routine supplies the
!> separate moisture response multiplier used with those parameters. For each
!> active land-column cell it forms the relative saturation
!>
!> \[
!> S_r = \frac{\theta}{\phi}
!> \]
!>
!> from `VSTHE` (`\theta`, volumetric water content) and `VSPOR` (`\phi`, soil
!> porosity), then applies the legacy segmented relationship
!>
!> \[
!> E_\theta =
!> \begin{cases}
!> 1, & S_r > 1,\\
!> -7 + 8S_r, & 0.9 < S_r \le 1,\\
!> -1.6 + 2S_r, & 0.8 < S_r \le 0.9,\\
!> 0, & S_r \le 0.8.
!> \end{cases}
!> \]
!>
!> Thus denitrification is switched off at or below 80 percent saturation,
!> increases linearly to 0.2 between 80 and 90 percent saturation, increases
!> linearly to 1.0 between 90 percent saturation and saturation, and remains
!> capped at 1.0 above saturation.
!>
!> The active vertical range follows the module convention: `NBOTCE:NCETOP` when
!> `ISBOTC` is true, otherwise `NCOLMB(element):NCETOP`, with lower bounds also
!> clipped to the current soil-layer base in the layer loop."
mnemph,subroutine,src/nitrate/MNmod.f90,MNmod,973,1019,947,947,False,src/nitrate/mn_environment.f90,mn_environment,Soil temperature and the temperature/moisture reduction factors.,0,,0,,"!> @brief Calculates the matric-potential reduction factor for mineralisation.
!>
!> The manual supplies the humus, litter, and manure decomposition parameter
!> fields through `MN15`-`MN20`, with optional Q10 temperature controls for
!> mineralisation in `MN35`/`MN35a`. This routine supplies the separate matric-
!> potential multiplier applied to mineralisation. For each active land-column
!> cell it evaluates the pressure head/matric potential `\psi` from `VSPSI`
!> and stores
!>
!> \[
!> E_\psi =
!> \begin{cases}
!> 0.6, & \psi > -0.01,\\
!> 1.05 + 0.225\log_{10}(-\psi), & -0.6 < \psi \le -0.01,\\
!> 1.0, & -3.0 < \psi \le -0.6,\\
!> 1.136 - 0.284\log_{10}(-\psi), & -10000 < \psi \le -3.0,\\
!> 0.0, & \psi \le -10000.
!> \end{cases}
!> \]
!>
!> The response is therefore reduced in very wet cells, reaches its maximum
!> over the intermediate matric-potential range, and declines to zero under
!> very dry conditions.
!>
!> The active vertical range is `NBOTCE:NCETOP` when `ISBOTC` is true, otherwise
!> `NCOLMB(element):NCETOP`."
mnemt,subroutine,src/nitrate/MNmod.f90,MNmod,1048,1104,1021,1021,False,src/nitrate/mn_environment.f90,mn_environment,Soil temperature and the temperature/moisture reduction factors.,0,,0,,"!> @brief Calculates the temperature reduction factor for mineralisation.
!>
!> The manual's `MN35` flag (`ISQ10`) selects whether temperature reduction
!> factors use a Q10 function, and `MN35a` supplies `Q10M` for mineralisation
!> when that option is enabled. If `ISQ10` is true, this routine stores
!>
!> \[
!> E_T = Q10M^{(T - 30) / 10}
!> \]
!>
!> where `T` is the cell temperature in `TEMP`. If `ISQ10` is false, the legacy
!> segmented temperature response is used:
!>
!> \[
!> E_T =
!> \begin{cases}
!> 1.0, & T \ge 30,\\
!> -0.5 + 0.05T, & 20 < T < 30,\\
!> -0.1 + 0.03T, & 10 < T \le 20,\\
!> 0.02T, & 0 < T \le 10,\\
!> 0.0, & T \le 0.
!> \end{cases}
!> \]
!>
!> The Q10 branch is used exactly as written and is not capped at 1.0 for
!> temperatures above 30 degrees C. The active vertical range is `NBOTCE:NCETOP`
!> when `ISBOTC` is true, otherwise `NCOLMB(element):NCETOP`."
mnenph,subroutine,src/nitrate/MNmod.f90,MNmod,1136,1183,1106,1106,False,src/nitrate/mn_environment.f90,mn_environment,Soil temperature and the temperature/moisture reduction factors.,0,,0,,"!> @brief Calculates the matric-potential reduction factor for nitrification.
!>
!> The manual supplies the spatial nitrification parameter field through the
!> `MN21`/`MN22` category and depth tables, with optional Q10 temperature
!> controls in `MN35`/`MN35a`. This routine supplies the separate matric-
!> potential multiplier applied to nitrification. For each active land-column
!> cell it evaluates the pressure head/matric potential `\psi` from `VSPSI`
!> and stores
!>
!> \[
!> E_\psi =
!> \begin{cases}
!> 0.6, & \psi > -0.01,\\
!> 1.05 + 0.225\log_{10}(-\psi), & -0.6 < \psi \le -0.01,\\
!> 1.0, & -3.0 < \psi \le -0.6,\\
!> 1.136 - 0.284\log_{10}(-\psi), & -10000 < \psi \le -3.0,\\
!> 0.0, & \psi \le -10000.
!> \end{cases}
!> \]
!>
!> The active implementation therefore keeps nitrification partly active under
!> very wet conditions, reaches its maximum over the intermediate matric-
!> potential range, and declines to zero under very dry conditions.
!>
!> @history
!>
!> | Date | Author | Description |
!> |:-----|:-------|:------------|
!> | 1996-01-22 | Legacy MN development | Replaced the older wet-condition response with the active values above, including `0.6` in the wettest band. |
!> @endhistory"
mnent,subroutine,src/nitrate/MNmod.f90,MNmod,1212,1268,1185,1185,False,src/nitrate/mn_environment.f90,mn_environment,Soil temperature and the temperature/moisture reduction factors.,0,,0,,"!> @brief Calculates the temperature reduction factor for nitrification.
!>
!> The manual's `MN35` flag (`ISQ10`) selects whether temperature reduction
!> factors use a Q10 function, and `MN35a` supplies `Q10N` for nitrification
!> when that option is enabled. If `ISQ10` is true, this routine stores
!>
!> \[
!> E_T = Q10N^{(T - 30) / 10}
!> \]
!>
!> where `T` is the cell temperature in `TEMP`. If `ISQ10` is false, the legacy
!> segmented temperature response is used:
!>
!> \[
!> E_T =
!> \begin{cases}
!> 1.0, & T \ge 30,\\
!> -0.5 + 0.05T, & 20 < T < 30,\\
!> -0.1 + 0.03T, & 10 < T \le 20,\\
!> -0.05 + 0.025T, & 2 < T \le 10,\\
!> 0.0, & T \le 2.
!> \end{cases}
!> \]
!>
!> The Q10 branch is used exactly as written and is not capped at 1.0 for
!> temperatures above 30 degrees C. The active vertical range is `NBOTCE:NCETOP`
!> when `ISBOTC` is true, otherwise `NCOLMB(element):NCETOP`."
MNERR0,subroutine,src/nitrate/MNmod.f90,MNmod,1283,1417,1270,1270,False,src/nitrate/mn_validation.f90,mn_validation,Consistency checks on nitrate input and state.,0,,0,,"!> @brief Checks fixed MN array dimensions, entity counts, and selected file units.
!>
!> `mnerr0` validates the static bounds needed before MN arrays are used.
!>
!> | Group | Checks |
!> | --- | --- |
!> | Fixed array limits | `LLEE >= NCETOP`; `NCONEE >= NCON`; `NELEE >= NEL`; `NLFEE >= max(1, NLF)`; `NLYREE > 0`; `NSEE >= NS`; `NVEE >= NV`; `NXEE >= NX` and `NXEE <= 9999`; `NMNEEE > 0`; `NMNTEE > 0`. |
!> | Entity counts | `0 <= NLF < NEL`; `min(NCETOP, NS, NV) > 0`; `min(NX, NY) > 0`. |
!> | Contaminant contract | MN is coupled to exactly one contaminant species: `NCON == 1`. |
!> | File units | Only `MND`, `MNFC`, `MNFN`, and `MNPR` are checked here, and all must be non-negative. |
!>
!> Detailed failures use errors `3020`-`3033`; any failure is followed by
!> fatal summary error `3010`."
MNERR1,subroutine,src/nitrate/MNmod.f90,MNmod,1435,1682,1419,1419,False,src/nitrate/mn_validation.f90,mn_validation,Consistency checks on nitrate input and state.,0,,0,,"!> @brief Checks the static contaminant-to-MN interface variables.
!>
!> `mnerr1` validates the spatial indexing and soil-column geometry handed to
!> the mineral-nitrogen component before initialisation.
!>
!> | Group | Checks |
!> | --- | --- |
!> | Grid and bank identities | Active grid entries in `ICMXY`, plus both bank elements for each link when `BEXBK` is true, must account for exactly `NEL-NLF` column elements (`2075`). Every model element must be represented once (`2076`). |
!> | Bank neighbours | If the identity check passed and banks exist, each link must have at least one bank with an active grid neighbour (`2079`). The checked face is `2*bank`, decremented for north-south links, and the neighbour is read from `ICMREF(element,face,2)`. |
!> | Reference values | `D0 > 0` and `Z2 > 0`. |
!> | Soil properties | Soil porosity satisfies `0 < VSPOR(soil) <= 1`. |
!> | Column geometry | Land-column `DXQQ` and `DYQQ` are positive; `1 <= NLYR <= NLYREE`; `NLYRBT` is strictly increasing and the top-layer boundary equals `NCETOP+1`; `NTSOIL` is in `1:NS`; `0 < NCOLMB <= NCETOP`; active `DELTAZ` values are positive; `ZVSNOD(nce+1,iel) > ZVSNOD(nce,iel)`. |
!> | Time | Initial simulation time `TIH >= 0`. |
!>
!> Detailed interface failures use errors `3035`-`3046`; any failure is followed
!> by fatal summary error `3011`."
MNERR2,subroutine,src/nitrate/MNmod.f90,MNmod,1701,2046,1684,1684,False,src/nitrate/mn_validation.f90,mn_validation,Consistency checks on nitrate input and state.,0,,0,,"!> @brief Checks static mineral-nitrogen input read by [[mnred1]].
!>
!> `mnerr2` validates the nitrogen and carbon data file after [[mnred1]] has
!> loaded it. Land-column checks run over elements `NLF+1:NEL`.
!>
!> | Group | Checks |
!> | --- | --- |
!> | Uptake and immobilisation | `KUAMM`, `KPLAMM`, `KUNIT`, and `KPLNIT` are non-negative. |
!> | Carbon cycling scalars | `0 <= FE <= 1`, `0 <= FH <= 1`, and `CNRBIO`, `CNRHUM`, and `CNRLIT` are positive. The initial-carbon litter fraction `CLITFR` must be in `0:1`. |
!> | Temperature and deposition scalars | `Q10M` and `Q10N` are non-negative; ammonium and nitrate dry/wet deposition rates are non-negative; `MNCREF > 0`. |
!> | Initial carbon | If `ISICCD` is true, decay-function inputs require `CTOTTP >= 0` and `DCHLF > 0`. Otherwise `CELEM > 0`, initial-carbon table depths start at zero and increase, and table concentrations are non-negative. |
!> | Initial ammonium | If `ISIAMD` is true, decay-function inputs require `NAMTOP >= 0` and `DAMHLF > 0`. Otherwise `NAELEM > 0`, initial-ammonium table depths start at zero and increase, and table concentrations are non-negative. |
!> | Depth-varying process tables | Category ids for `KHUM`, `KLIT`, `KMAN`, `KNIT`, `KVOL`, `KD1`, and `KD2` are positive. Their depth tables start at zero, subsequent depths increase, and table values are non-negative. |
!> | Ammonium adsorption and active depth | `KDDSOL(soil) >= 0` and `NBOTCE < NCETOP`. |
!>
!> Detailed failures use errors `3048`-`3064`; any failure is followed by fatal
!> summary error `3012`."
MNERR3,subroutine,src/nitrate/MNmod.f90,MNmod,2064,2279,2048,2048,False,src/nitrate/mn_validation.f90,mn_validation,Consistency checks on nitrate input and state.,0,,0,,"!> @brief Checks time-dependent MN inputs and updated state variables.
!>
!> `mnerr3` validates the dynamic CM-MN interface over active land-column cells
!> `NCOLMB(element):NCETOP` for elements `NLF+1:NEL`.
!>
!> | Group | Checks |
!> | --- | --- |
!> | Time | `DTUZ > 0`. On the first call only, `UZNOW >= 0`; the later-call monotonic-time check is present in comments but not active. |
!> | Nitrate concentrations | Dynamic-region concentration `CCCC` and dead-space concentration `SSSS` are non-negative. |
!> | Organic pools | Updated humus carbon, litter carbon, manure carbon, litter nitrogen, and manure nitrogen pools are non-negative. |
!> | Ammonium pool | Updated ammonium concentration `NAMM1` is non-negative. |
!> | Soil water and uptake | Current and previous soil-water contents satisfy `0 < VSTHE <= 1` and `0 < VSTHEO <= 1`; plant uptake `PLUP >= 0`. |
!> | Rainfall input | Net precipitation/effective rainfall `PNETTO >= 0` for land-column elements. |
!>
!> Detailed failures use errors `3065`-`3072`; any failure is followed by fatal
!> summary error `3013`."
MNERR4,subroutine,src/nitrate/MNmod.f90,MNmod,2293,2387,2281,2281,False,src/nitrate/mn_validation.f90,mn_validation,Consistency checks on nitrate input and state.,0,,0,,"!> @brief Checks time-varying fertiliser and organic addition data from [[mnred2]].
!>
!> `mnerr4` validates only the scheduled additions that are active for the
!> current timestep, over land-column elements `NLF+1:NEL`.
!>
!> | Active flag | Checked records | Bounds |
!> | --- | --- | --- |
!> | `ISADDN` | Total inorganic nitrogen `NTOT`, ammonium fraction `NAMFCT`, nitrogen banding depth `NDPTHB`. | `NTOT >= 0`, `0 <= NAMFCT <= 1`, `NDPTHB >= 0`. |
!> | `ISADDC` | Total carbon `CTOT`, carbon banding depth `CDPTHB`, litter fraction `CLTFCT`, manure fraction `CMNFCT`, litter C:N ratio `CNRAL`, manure C:N ratio `CNRAM`. | `CTOT >= 0`, `CDPTHB >= 0`, `CLTFCT >= 0`, `CMNFCT >= 0`, `CLTFCT+CMNFCT <= 1`; when `CTOT > 0`, both C:N ratios must be positive. |
!>
!> Detailed failures use errors `3080`-`3087`; any failure is followed by fatal
!> summary error `3014`."
MNGAM,subroutine,src/nitrate/MNmod.f90,MNmod,2427,2508,2389,2389,False,src/nitrate/mn_nitrogen.f90,mn_nitrogen,"Ammonium, nitrification, mineralisation and litter-nitrogen pools.",0,,0,,"!> @brief Calculates net mineralisation or immobilisation for each active soil cell.
!>
!> Positive `gam` values represent net mineralisation and negative values
!> represent immobilisation demand. If immobilisation previously exceeded
!> available mineral nitrogen, litter and manure decomposition are temporarily
!> suppressed until mineralisation has repaid the stored deficit.
!>
!> The manual supplies `FE`, `FH`, `CNRBIO`, and `CNRHUM` in `MN12`, and the
!> depth-varying humus, litter, and manure decomposition parameters through
!> `MN15`-`MN20`. For a cell, the routine first averages old and new pool
!> values, for example \(\bar{C}_h = (C_h + C_h^1)/2\), and forms the
!> environmental reduction factor
!> over `NBOTCE:NCETOP` when `ISBOTC` is true, otherwise over
!> `NCOLMB(element):NCETOP`.
!>
!> \[
!> E = E_T E_\psi.
!> \]
!>
!> With \(K_l'\) and \(K_m'\) equal to `KLIT` and `KMAN` normally, but set to
!> zero while an earlier immobilisation deficit is being repaid, the raw net
!> mineralisation/immobilisation rate is
!>
!> \[
!> \begin{aligned}
!> \Gamma = E\{&
!> K_l'[\bar{N}_l - \bar{C}_l(1-FE)FH/CNRHUM
!>          - \bar{C}_l FE/CNRBIO]\\
!> &+ KHUM\,\bar{C}_h(1/CNRHUM - FE/CNRBIO)\\
!> &+ K_m'[\bar{N}_m - FE\,\bar{C}_m/CNRBIO]\}.
!> \end{aligned}
!> \]
!>
!> `GAMTMP` stores this raw \(\Gamma\). If `ISIMTF` is set, `IMDIFF` stores the
!> remaining immobilisation deficit. Mineralisation over the timestep first
!> repays that deficit: if \(\Gamma\Delta t \ge IMDIFF\), the exported `GAM`
!> becomes \((\Gamma\Delta t - IMDIFF)/\Delta t\) and the flag is cleared;
!> otherwise `IMDIFF` is reduced by \(\Gamma\Delta t\) and `GAM` is set to zero."
MNINIT,subroutine,src/nitrate/MNmod.f90,MNmod,2530,2731,2510,2510,False,src/nitrate/mn_driver.f90,mn_driver,"Allocation, initialisation and the per-timestep nitrate sequence.",0,,0,,"!> @brief Initialises MN pools, parameters, and source/sink terms.
!>
!> `mninit` prepares the land-column MN state over `NLF+1:NEL` and
!> `NCOLMB(element):NCETOP`. It first clears immobilisation-deficit state
!> (`IMDIFF=0`, `ISIMTF=.false.`), then initialises carbon, ammonium, and
!> depth-varying process parameters.
!>
!> | Quantity | Mode | Implemented calculation |
!> | --- | --- | --- |
!> | Initial organic carbon | `ISICCD` true | Exponential profile \(C=C_{top}\exp(-0.693\,z/D_{1/2})\), using `CTOTTP` and `DCHLF`; `CLIT1=CLITFR*C`, `CHUM1=(1-CLITFR)*C`, `NLIT1=CLIT1/CNRLIT`, and manure pools start at zero. |
!> | Initial organic carbon | `ISICCD` false | Interpolate category/profile table `CELEM`, `CCONC`, `CDPTH` with `ALINTP`; split the interpolated total using `CLITFR`, derive `NLIT1`, and set manure pools to zero. |
!> | Initial ammonium | `ISIAMD` true | Exponential profile \(N_{amm}=NAMTOP\exp(-0.693\,z/DAMHLF)\). |
!> | Initial ammonium | `ISIAMD` false | Interpolate category/profile table `NAELEM`, `NACONC`, `NADPTH` with `ALINTP`. |
!> | Process parameters | Always table-based | Interpolate `KHUM`, `KLIT`, `KMAN`, `KNIT`, `KVOL`, `KD1`, and `KD2` from their category/profile tables with `ALINTP`. |
!>
!> The profile depth `z` starts at half the top-cell thickness and then advances
!> downward using adjacent `ZVSNOD` differences. After interpolation,
!> `ISBOTC` is true only if the configured `NBOTCE` is at or below every land
!> column bottom (`NBOTCE >= NCOLMB(element)` for all land elements), and the CM
!> source/sink arrays `SSS1` and `SSS2` are reset to zero."
MNINT2,subroutine,src/nitrate/MNmod.f90,MNmod,2787,3012,2733,2733,False,src/nitrate/mn_input.f90,mn_input,Reads static nitrate data and the scheduled N and C additions.,0,,0,,"!> @brief Converts time-varying MN inputs into cell-based process rates.
!>
!> `mnint2` carries forward previous pool values, dimensionalises nitrate
!> concentrations, assigns mobile fractions, distributes mineral and organic
!> additions over the specified banding depth, and adds wet/dry deposition to
!> the top active cell.
!>
!> The time-varying inputs come from the manual's external carbon (`MNFC`) and
!> external inorganic nitrogen/fertilizer (`MNFN`) files. Effective rainfall is
!> converted from SHETRAN flow units to millimetres per second as
!> `Pnet_mm = 1000 * PNETTO`, and dimensionless nitrate concentrations are
!> dimensionalised using the `MN14` reference concentration:
!>
!> \[
!> N_d = C\,MNCREF,\qquad N_s = S\,MNCREF.
!> \]
!>
!> The mobile-water nitrate fraction `PPHI` is currently assigned a fixed value
!> of `0.500` in every active cell; the previous call to the `PHI` function is
!> still present only as a comment.
!>
!> For an inorganic nitrogen addition with total `NTOT`, ammonium fraction
!> `NAMFCT`, banding depth `NDPTHB`, cell thickness `\Delta z`, and timestep
!> `\Delta t`, the top-cell-only case (`NDPTHB = 0`) uses
!>
!> \[
!> N_{amm}^{add} = \frac{NTOT\,NAMFCT}{\Delta z_{top}\Delta t},\qquad
!> N_{nit}^{add} = \frac{NTOT(1-NAMFCT)}{\Delta z_{top}\Delta t}.
!> \]
!>
!> When `NDPTHB > 0`, cells fully inside the band use `NDPTHB` in place of
!> `\Delta z_{top}`. The cell cut by the banding depth is multiplied by
!> \(f = d_{overlap}/NDPTHB\) and divided by that cell's own `\Delta z`; cells
!> below the band receive zero addition.
!>
!> Organic carbon additions use the same banding logic with `CTOT`, `CDPTHB`,
!> `CLTFCT`, and `CMNFCT`:
!>
!> \[
!> C_{lit}^{add} = \frac{CTOT\,CLTFCT}{D\Delta t},\quad
!> C_{man}^{add} = \frac{CTOT\,CMNFCT}{D\Delta t},\quad
!> C_{hum}^{add} = \frac{CTOT(1-CLTFCT-CMNFCT)}{D\Delta t},
!> \]
!>
!> where `D` is the top-cell thickness, the banding depth, or the partially
!> overlapped cell thickness with the overlap fraction applied. If no organic
!> carbon is active for an element, `CNRALT` and `CNRAMN` are set to `999.0` and
!> the carbon-addition rates are zeroed. Dry and wet deposition are finally
!> added to the top cell as
!>
!> \[
!> N_{amm}^{dep} = \frac{AMMDDR + AMMWDR\,Pnet_{mm}}{\Delta z_{top}},\qquad
!> N_{nit}^{dep} = \frac{NITDDR + NITWDR\,Pnet_{mm}}{\Delta z_{top}}.
!> \]"
mnlthm,subroutine,src/nitrate/MNmod.f90,MNmod,3050,3172,3014,3014,False,src/nitrate/mn_organic_matter.f90,mn_organic_matter,"Litter, humus and manure carbon turnover and CO2 production.",0,,0,,"!> @brief Updates litter and humus carbon pools.
!>
!> The routine solves the coupled litter-humus carbon balance with a fixed-point
!> iteration using mid-timestep pool estimates. Non-convergence within the
!> iteration limit is reported as warning 3016.
!>
!> The manual supplies the organic-matter efficiency fraction `FE` and
!> humification fraction `FH` in `MN12`, and the humus, litter, and manure
!> decomposition parameters through `MN15`-`MN20`. For each active cell the
!> routine uses \(E = E_T E_\psi\). The active vertical range is
!> `NBOTCE:NCETOP` when `ISBOTC` is true, otherwise
!> `NCOLMB(element):NCETOP`. `CALIT` and `CAHUM` are the cell-based external
!> carbon additions prepared by [[mnint2]].
!>
!> With \(K_l'\) and \(K_m'\) equal to `KLIT` and `KMAN` normally, but set to
!> zero while an immobilisation deficit is being repaid, the fixed-point
!> iteration solves
!>
!> \[
!> C_l^{n+1} = C_l^n + \Delta t\{K_l'E\bar{C}_l(FE-1)
!>             + FE\,E\,KHUM\,\bar{C}_h
!>             + FE\,E\,K_m'\bar{C}_m + C_l^{add}\},
!> \]
!>
!> \[
!> C_h^{n+1} = C_h^n + \Delta t\{(1-FE)FH\,K_l'E\bar{C}_l
!>             - KHUM\,E\,\bar{C}_h + C_h^{add}\}.
!> \]
!>
!> The midpoint values are updated as
!> \(\bar{C}_l=(C_l^n+C_l^{n+1})/2\) and
!> \(\bar{C}_h=(C_h^n+C_h^{n+1})/2\); manure uses
!> \(\bar{C}_m=(C_m^n+C_m^{n+1})/2\). Iteration stops when the squared relative
!> changes in both `CLIT1` and `CHUM1` are below `1D-12`. If convergence is not
!> reached after 20 iterations the routine reports warning `3016` and leaves the
!> last iterate in place."
mnltn,subroutine,src/nitrate/MNmod.f90,MNmod,3209,3318,3174,3174,False,src/nitrate/mn_nitrogen.f90,mn_nitrogen,"Ammonium, nitrification, mineralisation and litter-nitrogen pools.",0,,0,,"!> @brief Updates the litter nitrogen pool.
!>
!> Litter nitrogen is advanced with the same environmental reduction terms used
!> for carbon turnover, including immobilisation-limited suppression of
!> litter/manure decomposition. Non-convergence is reported as warning 3017.
!>
!> The manual supplies the biomass C:N ratio `CNRBIO` and efficiency fraction
!> `FE` in `MN12`; `CNRALT` is the litter C:N ratio from the active external
!> carbon input (`MNFC32`) after [[mnint2]] has converted the addition to a
!> cell-based rate. For each active cell the routine uses \(E = E_T E_\psi\)
!> and midpoint carbon pools from the updated carbon calculation. The active
!> vertical range is `NBOTCE:NCETOP` when `ISBOTC` is true, otherwise
!> `NCOLMB(element):NCETOP`.
!>
!> With \(K_l'\) and \(K_m'\) equal to `KLIT` and `KMAN` normally, but set to
!> zero while an immobilisation deficit is being repaid, the fixed-point
!> iteration solves
!>
!> \[
!> N_l^{n+1} = N_l^n + \Delta t\{-K_l'E\bar{N}_l
!>             + FE\,K_l'E\bar{C}_l/CNRBIO
!>             + FE\,KHUM\,E\bar{C}_h/CNRBIO
!>             + C_l^{add}/CNRALT
!>             + FE\,K_m'E\bar{C}_m/CNRBIO\}.
!> \]
!>
!> The midpoint nitrogen value is updated as
!> \(\bar{N}_l=(N_l^n+N_l^{n+1})/2\). Iteration stops when the squared relative
!> change in `NLIT1` is below `1D-12`. If convergence is not reached after 20
!> iterations the routine reports warning `3017` and leaves the last iterate in
!> place.
!>
!> @note `FH` is passed to this routine but is not used by the active
!> calculation.
!> @endnote"
MNMAIN,subroutine,src/nitrate/MNmod.f90,MNmod,3335,3460,3320,3320,False,src/nitrate/mn_driver.f90,mn_driver,"Allocation, initialisation and the per-timestep nitrate sequence.",0,,0,,"!> @brief Advances the explicitly initialised mineral-nitrogen component.
!>
!> [[mninitialise]] performs all static checks, reads the MND file, initialises
!> process state, and allocates the persistent timestep workspace. `MNMAIN`
!> therefore contains only the timestep update and performs no heap allocation.
!>
!> | Phase | Call order | Purpose |
!> | --- | --- | --- |
!> | Timestep input | [[mnerr3]] -> [[mnred2]] -> [[mnerr4]] -> [[mnint2]] | Check dynamic CM-MN state, read scheduled MNFC/MNFN additions, validate them, and convert concentrations/additions/deposition to cell-based rates. |
!> | Environment | [[mntemp]] -> [[mnemt]] -> [[mnent]] -> [[mnemph]] -> [[mnenph]] -> [[mnedth]] | Update soil temperature and temperature, matric-potential, and saturation response factors. |
!> | Carbon and nitrogen pools | [[mnman]] -> [[mnlthm]] -> [[mnltn]] -> [[mnco2]] -> [[mngam]] -> [[mnamm]] -> [[mnnit]] | Update manure, litter, humus, carbon dioxide production, mineralisation/immobilisation, ammonium, and nitrate source/sink terms. |
!> | Output | [[mnout]] | Write requested detailed MN diagnostics. |
!>
!> Static parameters read by [[mnred1]], including deposition rates, Q10 values,
!> reaction constants, `MNCREF`, and `ISBOTC`, are retained in `MN_CONFIG`."
mnman,subroutine,src/nitrate/MNmod.f90,MNmod,3492,3606,3462,3462,False,src/nitrate/mn_organic_matter.f90,mn_organic_matter,"Litter, humus and manure carbon turnover and CO2 production.",0,,0,,"!> @brief Updates manure carbon and nitrogen pools.
!>
!> Manure pools are integrated with a mid-timestep iteration, using the
!> temperature and matric-potential reduction factors and the scheduled manure
!> addition rate. Non-convergence is reported as warning 3015.
!>
!> The manual supplies manure decomposition categories and depth tables in
!> `MN19`/`MN20`. Time-varying external carbon input supplies the manure carbon
!> fraction (`MNFC41`) and manure C:N ratio (`MNFC42`), which [[mnint2]]
!> converts to `CAMAN` and `CNRAMN`. For each active cell the routine uses
!> \(E = E_T E_\psi\). The active vertical range is `NBOTCE:NCETOP` when
!> `ISBOTC` is true, otherwise `NCOLMB(element):NCETOP`.
!>
!> With \(K_m'\) equal to `KMAN` normally, but set to zero while an
!> immobilisation deficit is being repaid, the fixed-point iteration solves
!>
!> \[
!> C_m^{n+1} = C_m^n + \Delta t(-K_m'E\bar{C}_m + C_m^{add}),
!> \]
!>
!> \[
!> N_m^{n+1} = N_m^n + \Delta t(-K_m'E\bar{N}_m + C_m^{add}/CNRAMN).
!> \]
!>
!> The midpoint values are updated as
!> \(\bar{C}_m=(C_m^n+C_m^{n+1})/2\) and
!> \(\bar{N}_m=(N_m^n+N_m^{n+1})/2\). Iteration stops when the squared relative
!> changes in both `CMAN1` and `NMAN1` are below `1D-12`. If convergence is not
!> reached after 20 iterations the routine reports warning `3015` and leaves the
!> last iterate in place."
mnnit,subroutine,src/nitrate/MNmod.f90,MNmod,3673,3813,3608,3608,False,src/nitrate/mn_nitrogen.f90,mn_nitrogen,"Ammonium, nitrification, mineralisation and litter-nitrogen pools.",0,,0,,"!> @brief Calculates nitrate source/sink terms for dynamic and dead-space water.
!>
!> The nitrate balance combines immobilisation, denitrification, plant uptake,
!> nitrification input from ammonium, fertiliser input, and the mobile/immobile
!> partitioning factor. The resulting rates are converted to the
!> non-dimensional `sss1` and `sss2` source terms used by the contaminant
!> transport solver.
!>
!> The manual supplies nitrate immobilisation and plant uptake constants
!> `KUNIT` and `KPLNIT` in `MN11`, and denitrification parameters `KD1` and
!> `KD2` through `MN25`-`MN28`. For each active cell the routine uses the
!> average water content \(\bar{\theta}=(\theta^n+\theta^{n+1})/2\), average
!> ammonium \(\bar{N}_{amm}\), dynamic nitrate \(N_d\), dead-space nitrate
!> \(N_s\), and mobile fraction \(\phi_m\). The active vertical range is
!> `NBOTCE:NCETOP` when `ISBOTC` is true, otherwise
!> `NCOLMB(element):NCETOP`.
!>
!> If net mineralisation `GAM` is negative, nitrate immobilisation is limited by
!> both the remaining immobilisation demand after ammonium immobilisation and
!> first-order nitrate availability:
!>
!> \[
!> I_d = \min(-GAM-I_{amm}, KUNIT\,N_d),\qquad
!> I_s = \min(-GAM-I_{amm}, KUNIT\,N_s),
!> \]
!>
!> otherwise \(I_d=I_s=0\). Denitrification is
!>
!> \[
!> D_d = \bar{\theta}\min(KD1\,E_T\,E_\theta\,C_{dort}, KD2\,N_d),
!> \qquad
!> D_s = \bar{\theta}\min(KD1\,E_T\,E_\theta\,C_{dort}, KD2\,N_s).
!> \]
!>
!> Plant nitrate uptake is limited by the plant demand share and by first-order
!> uptake:
!>
!> \[
!> P_d = \min\left(PLUP\,\frac{N_d}{N_d+\bar{N}_{amm}},
!>                 \bar{\theta}KPLNIT\,N_d\right),
!> \]
!>
!> with the same expression for \(P_s\) using \(N_s\); the demand-share term is
!> zero when the corresponding nitrate concentration is zero. The dynamic and
!> dead-space nitrate rates are then
!>
!> \[
!> R_d = -P_d + NTRF - D_d - I_d + N_{nit}^{add},\qquad
!> R_s = -P_s + NTRF - D_s - I_s + N_{nit}^{add}.
!> \]
!>
!> They are partitioned and converted to contaminant-source terms as
!>
!> \[
!> SSS1 = -\frac{\phi_m R_d Z2^2}{D0\,MNCREF},\qquad
!> SSS2 = -\frac{(1-\phi_m)R_s Z2^2}{D0\,MNCREF}.
!> \]
!>
!> Diagnostic totals are stored as weighted sums: `DENIT`, `PLNIT`, `SNIT`, and
!> `IMNIT`. If total actual immobilisation remains less than the potential
!> demand \(-GAM\), `ISIMTF` is set and `IMDIFF` stores the remaining deficit
!> over the current timestep.
!>
!> When `ISBOTC` is true, source/sink terms below the real column bottom and
!> above `NBOTCE` are explicitly zeroed after the active range is processed."
MNOUT,subroutine,src/nitrate/MNmod.f90,MNmod,3846,4075,3815,3815,False,src/nitrate/mn_output.f90,mn_output,Nitrate and carbon budget output files.,0,,0,,"!> @brief Accumulates and writes mineral nitrogen and carbon budget outputs.
!>
!> `mnout` keeps saved cumulative arrays and writes area-normalised summaries to
!> `MNOUT1` (carbon) and `MNOUT2` (nitrogen). Active cells follow the module
!> convention: `NBOTCE:NCETOP` when `ISBOTC` is true, otherwise
!> `NCOLMB(element):NCETOP`.
!>
!> | Stage | Accounting |
!> | --- | --- |
!> | First call | Allocate saved cumulative flux arrays, zero them over active soil-layer cells, compute total land area, and write initial carbon and nitrogen stores. |
!> | Every call | Accumulate cell-depth-integrated rates over the current timestep, including ammonium/nitrate additions, organic additions, CO2 production, denitrification, mineralisation, immobilisation, nitrification, plant uptake, source/sink totals, and volatilisation. |
!> | Periodic output | When `UZNOW >= MNSTRT + 24*NPRNT`, recompute current nitrogen and carbon stores from updated pools, increment `NPRNT`, and write current total/addition/loss summaries normalised by total land area. Ammonium storage uses the nonlinear retardation factor \(1 + KDDSOL(NAMM1/MNCREF)^{GNN-1}/VSTHE\). |
!>
!> The routine does not reset cumulative flux arrays after each write; reported
!> additions and losses are cumulative since the initial `MNOUT` call.
!>
!> @warning The printed nitrogen labels describe the current calculations only
!> imperfectly. `TOTADN` contains organic-N additions, ammonium additions, and
!> nitrate immobilisation (`IMNITT`), but omits the accumulated nitrate addition
!> `ADNITT`. `TOTLOS` contains volatilisation, ammonium plant uptake, and
!> nitrification, but omits nitrate plant uptake and denitrification. The stored
!> `TOTN` likewise includes ammonium and organic pools but not dissolved nitrate.
!> These retained accounting expressions are documented, not corrected here.
!> @endwarning
!>
!> @history
!>
!> | Date | Author | Version | Description |
!> |:-----|:-------|:--------|:------------|
!> | 2026-09-05 | SvB | - | Added STAT= and ERRMSG= reporting for all (de)allocations. |
!> | 2026-09-07 | SvB | - | Status-checked the carbon/nitrogen budget `WRITE`s through [[mod_error:errstat_write]]. |"
MNPLANTINITIALISE,subroutine,src/nitrate/MNmod.f90,MNmod,4166,4233,4077,4077,False,src/nitrate/mn_plant.f90,mn_plant,Plant nitrogen uptake.,0,,0,,"!> @brief Calculates potential plant nitrogen uptake by rooted cell.
!>
!> Plant uptake is based on canopy leaf area, canopy-density correction,
!> changing plant biomass, rooting depth, and root density fractions. The
!> routine is adapted from the SHETRAN plant component and preserves its
!> simplified assumptions for mixed vegetation in a grid cell.
!>
!> The manual's plant-uptake file `MNPL` supplies a title (`MNP1`) and, for
!> each vegetation type, a canopy-density function table (`MNP10`/`MNP11`) as
!> pairs of density factor `CDI` and time `CDIT` in days from the simulation
!> start. The routine linearly interpolates this table at `UZNOW/24`; if the
!> current time is beyond the table, the canopy-density factor is set to 1.
!> [[mnplantinitialise]] reads this file, writes the title to `MNOUTPL`, closes
!> both units, and initialises retained plant-mixture and mass state. `MNPLANT`
!> then calculates potential uptake on every call after resetting `PLUP` over
!> `NCOLMB(element):NCETOP`.
!>
!> Important plant-index variables retained from the legacy MPL-based logic are:
!>
!> | Variable | Meaning |
!> |:---------|:--------|
!> | `NPLTEE` | Total number of plant types; normally set to the same value as `NVEE`. |
!> | `NPELEE` | Maximum number of plant types in one element; normally set to 2. |
!> | `NPLANT` | Plant slot number within the current element. |
!> | `JPLTY` | Actual vegetation/plant type represented by `NPLANT`. |
!>
!> For plant type \(p\) in element \(e\), the estimated above-ground plant mass
!> is
!>
!> \[
!> M_{e,p} =
!> \frac{CLAI_p\,DELONE_p\,CDI_p(t)}{CLAIMX_p}
!> PFONE_{e,p}\,DXQQ_e\,DYQQ_e\,RHOPL .
!> \]
!>
!> The potential nitrogen uptake demand is based on the positive mass-change
!> rate \(\dot{M}_{e,p}=(M_{e,p}^{new}-M_{e,p}^{old})/\Delta t\). Negative
!> mass change marks cropping and produces no uptake. For growing plants the
!> nitrogen fraction \(f_N\) is a legacy age function of time since crop
!> emergence:
!>
!> \[
!> f_N =
!> \begin{cases}
!> 0.022, & t_c < 360,\\
!> 0.017, & 360 \le t_c < 720,\\
!> 0.015, & 720 \le t_c < 1080,\\
!> 0.012, & t_c \ge 1080.
!> \end{cases}
!> \]
!>
!> The rooted-cell potential uptake added to `PLUP` is then
!>
!> \[
!> PLUP_{e,c} \mathrel{+}=
!> \frac{\dot{M}_{e,p}\,f_N\,RDF_{p,k}}
!>      {\Delta z_{e,c}\,DXQQ_e\,DYQQ_e},
!> \]
!>
!> where `k = NCETOP - c + 1` indexes the root-density fraction and uptake is
!> applied only from the bottom rooted cell `NCETOP - NRD(JPLTY)` to `NCETOP`.
!> The final nitrate/ammonium availability limits are applied later by
!> [[mnnit]] and [[mnamm]].
!>
!> @note The legacy comments describe this as reasonable for deciduous trees and
!> arable crops, but less suitable for permanent grassland where `CLAI` may be
!> held nearly constant in the ET data. The implementation also keeps several
!> MPL-era simplifications: hard-coded `CLAIMX = 2`, at most two plant types per
!> element, plant type 1 as every second type, a named linear-search
!> interpolation loop, and saved state across calls. `MNOUTPL` receives only the
!> input title before both plant units are closed; no timestep plant values are
!> written.
!> @endnote
!>
!> @warning The current table-read loop stores every vegetation type's `MNP11`
!> values in `CDI(NV,*)` and `CDIT(NV,*)`, rather than row `i`, and does not
!> verify that `NVALUE(i)` is at most the fixed limit `NVALEE=30`. The saved
!> `ISCROP` flags are not initialised before their first possible test. Also,
!> `NRBOT=NCETOP-NRD(JPLTY)` is included in the root loop, giving `NRD+1` cell
!> indices when the complete range is valid. These current behaviours can make
!> multi-vegetation uptake or crop-reset results undefined.
!> @endwarning
!>
!> @history
!> | Date | Author | Description |
!> |:-----|:-------|:------------|
!> | 2026-09-06 | SvB | Checked both plant-file `CLOSE` statements through [[mod_error:errstat_fileclose]], which recovers the filename from the unit. |
!> | 2026-09-07 | SvB | Status-checked the `MNOUTPL` title `WRITE` through [[mod_error:errstat_write]]. |
!> @endhistory"
mnplant,subroutine,src/nitrate/MNmod.f90,MNmod,4235,4323,,4235,False,src/nitrate/mn_plant.f90,mn_plant,Plant nitrogen uptake.,0,,0,,
MNRED1,subroutine,src/nitrate/MNmod.f90,MNmod,4349,4805,4325,4325,False,src/nitrate/mn_input.f90,mn_input,Reads static nitrate data and the scheduled N and C additions.,0,,0,,"!> @brief Reads static mineral nitrogen input data.
!>
!> `mnred1` reads the MND file once during [[mninitialise]], echoes the
!> nitrate title to `MNPR`, and fills the static parameter arrays that are later
!> validated by [[mnerr2]] and interpolated by [[mninit]].
!>
!> | Records | Data read |
!> | --- | --- |
!> | `MN11`-`MN14` | Ammonium/nitrate immobilisation and plant-uptake constants, organic-matter fractions and C:N ratios, dry/wet deposition rates, and `MNCREF`. |
!> | `MN15`-`MN28` | Category assignments and depth/value tables for `KHUM`, `KLIT`, `KMAN`, `KNIT`, `KVOL`, `KD1`, and `KD2`. Each category count must be in `1:NMNEEE` and each table length in `1:MNMTEE`; failures are fatal errors `3090` and `3091`. |
!> | `MN30`-`MN31` | Soil ammonium adsorption factor `KDDSOL(soil)` and power `GNN`. |
!> | `MN35`-`MN35a` | Q10 temperature-response flag `ISQ10`; `Q10M` and `Q10N` are read only when `ISQ10` is true. |
!> | `MN40`-`MN46` | Initial-carbon mode. If `ISICCD` is true, read decay-profile inputs `CTOTTP` and `DCHLF`; otherwise read category/profile tables `CELEM`, `CCONC`, and `CDPTH`. `CLITFR` and `CNRLIT` are always read. |
!> | `MN50`-`MN54` | Initial-ammonium mode. If `ISIAMD` is true, read decay-profile inputs `NAMTOP` and `DAMHLF`; otherwise read category/profile tables `NAELEM`, `NACONC`, and `NADPTH`. |
!> | `MN60` | Bottom cell `NBOTCE`, below which nitrogen transformations are not considered when it is valid for all columns. |
!>
!> Spatial category and profile fields are read with `ALALLI`/`ALALLF`, using the
!> grid, bank, and neighbour maps passed from the frame setup. The routine calls
!> `ALRED2` both before and after reading the MND file.
!>
!> @warning `Q10M` and `Q10N` are not assigned when `ISQ10` is false, although
!> [[mnerr2]] unconditionally reads and checks both values. Their values are
!> therefore undefined on that current-code path.
!> @endwarning"
MNRED2,subroutine,src/nitrate/MNmod.f90,MNmod,4826,4963,4807,4807,False,src/nitrate/mn_input.f90,mn_input,Reads static nitrate data and the scheduled N and C additions.,0,,0,,"!> @brief Reads scheduled nitrogen and carbon additions for the current timestep.
!>
!> `mnred2` maintains saved next-event times for the external inorganic nitrogen
!> (`MNFN`) and external carbon/organic nitrogen (`MNFC`) files. Times read from
!> `MNFN01` and `MNFC01` are converted with [[utilsmod:hour_from_date]] and
!> shifted by the simulation start hour `TIH`.
!>
!> | File | Activation test | Records read when active | Flag |
!> | --- | --- | --- | --- |
!> | `MNFN` | `UZNOW + DTUZ/3600 > INTIMN` | `MNFN11` total nitrogen, `MNFN21` banding depth, `MNFN31` ammonium fraction, then the next `MNFN01` time. | `ISADDN=.true.` |
!> | `MNFC` | `UZNOW + DTUZ/3600 > INTIMC` | `MNFC11` total carbon, `MNFC21` banding depth, `MNFC31` litter fraction, `MNFC32` litter C:N, `MNFC41` manure fraction, `MNFC42` manure C:N, then the next `MNFC01` time. | `ISADDC=.true.` |
!>
!> If a file is not active in the current timestep, only its flag is set false;
!> the previous data arrays are not overwritten. [[mnerr4]] and [[mnint2]] gate
!> their use with `ISADDN` and `ISADDC`.
!>
!> The source assumes at most one nitrogen and one carbon event per timestep. If
!> more are scheduled, only the first active event is read and the next event
!> remains queued for a later call."
MNTEMP,subroutine,src/nitrate/MNmod.f90,MNmod,5021,5137,4965,4965,False,src/nitrate/mn_environment.f90,mn_environment,Soil temperature and the temperature/moisture reduction factors.,0,,0,,"!> @brief Updates soil temperature for the MN environmental response factors.
!>
!> `mntemp` solves a one-dimensional heat-diffusion profile with prescribed
!> surface air temperature and a fixed deep boundary temperature, then maps the
!> solved profile onto each active SHETRAN soil cell.
!>
!> The driving air temperature is `TA`, read from the manual's meteorological
!> input records. The routine uses the first meteorological site's air
!> temperature and sets the ground-surface boundary to
!>
!> \[
!> T_1 = T_{air} + 2.
!> \]
!>
!> The internal temperature profile has `NUM = 11` nodes, initialised to
!> 12 deg C and saved between calls. With thermal diffusivity
!> `DIFF = 2D-5`, timestep `DTUZ`, and model depth scale `Z2`, the diffusion
!> coefficient used in the finite-difference equations is
!>
!> \[
!> k = DIFF\left(\frac{NUM-1}{Z2}\right)^2 .
!> \]
!>
!> For unknown node tendencies \(\omega_i\), where
!> \(T_i^{n+1}=T_i^n+\Delta t\,\omega_i\), the interior tridiagonal rows solve
!>
!> \[
!> -k\Delta t\,\omega_{i-1} + (1+2k\Delta t)\omega_i
!> -k\Delta t\,\omega_{i+1}
!> = k(T_{i-1}^n-2T_i^n+T_{i+1}^n).
!> \]
!>
!> The first unknown node uses the prescribed surface temperature \(T_1\) in
!> the right-hand side. The deepest node uses a one-sided lower boundary:
!>
!> \[
!> -k\Delta t\,\omega_{N-1} + (1+k\Delta t)\omega_N
!> = k(T_{N-1}^n-T_N^n).
!> \]
!>
!> After [[tridag]] solves the tridiagonal system, the routine places the
!> temperature nodes at equal 1 m intervals from 0 to `DEPTHC = 10` m and
!> linearly interpolates the solved profile to each SHETRAN cell-centre depth.
!> Cells deeper than the deepest temperature node are assigned the deepest-node
!> temperature.
!>
!> Cell depths are accumulated from the top cell downward over
!> `NCOLMB(element):NCETOP`; this routine does not use `ISBOTC`/`NBOTCE`.
!> After all columns are mapped, the saved temperature profile `TEMPR` is
!> replaced by the newly solved profile for the next call.
!>
!> @note Although `TA` originates in the meteorological state, the only current
!> caller is [[mncont]], which first sets every `TA(1:NV)` value to 10 deg C.
!> Consequently this routine currently receives 10 deg C and prescribes a
!> 12 deg C surface boundary on every call.
!> @endnote"
OCQDQ,subroutine,src/overland_channel/OCQDQMOD.F90,ocqdqmod,149,359,68,68,False,src/overland_channel/oc_stage_discharge.f90,oc_stage_discharge,Stage-discharge relations and their derivatives.,1,src/overland_channel/OCmod.f90,0,,"!> Calculates overland/channel face flows and flow derivatives.
   !>
   !> The routine loops over every element face (`element_loop`/`face_loop`),
   !> dispatching to the appropriate hydraulic calculation for external
   !> boundary conditions, land-land faces, link-link faces, link-bank faces,
   !> and multi-link junctions. It scatters resulting flows into the global
   !> face-flow arrays and stores derivative terms for the solver. A face
   !> already handled from its lower-numbered neighbour is skipped: for an
   !> ordinary single neighbour, `SINGLE .AND. JEL < ielu` cycles `face_loop`;
   !> for a multi-link branch, `multi_setup_loop` cycles `face_loop` directly
   !> as soon as any active participant element number is below `ielu`, so the
   !> junction is instead processed once, from its lowest-numbered member.
   !>
   !> For a single face between local side `0` and neighbour side `1`, the
   !> called hydraulic helper returns
   !>
   !> \[
   !> Q_j = Q_j(Z_0,Z_1),\qquad
   !> DQ(j,k) = \frac{\partial Q_j}{\partial Z_k},
   !> \quad j,k\in\{0,1\}.
   !> \]
   !>
   !> `OCQDQ` writes these to the global arrays as
   !>
   !> \[
   !> QSA(iel,iface)=Q_0,\quad DQ0ST(iel,iface)=DQ(0,0),
   !> \quad DQIST(iel,iface)=DQ(0,1),
   !> \]
   !>
   !> and, where there is a regular neighbour,
   !>
   !> \[
   !> QSA(jel,jface)=Q_1,\quad DQ0ST(jel,jface)=DQ(1,1),
   !> \quad DQIST(jel,jface)=DQ(1,0).
   !> \]
   !>
   !> For a multi-link junction, [[ocmod2:ocqmln]] returns branch flows
   !> \(Q_j\) and the derivative matrix \(DQIJ(j,k)=\partial Q_j/\partial
   !> Z_k\). The diagonal terms are stored in `DQ0ST`, while off-diagonal
   !> confluence couplings are stored in `DQIST2`. In ordinary sign
   !> conventions the self derivative is usually negative (`DQ0ST < 0`) and
   !> neighbour derivatives are usually positive (`DQIST`/`DQIST2 > 0`), but
   !> dry states, boundary controls, or limiting can alter those values.
   !>
   !> Surface storage: for single- and multi-link participants, a negative
   !> `STRXX(kel)` is treated as a millimetre-scale ponding-depth marker
   !> rather than roughness (see the module-level table); the substituted
   !> value feeds [[ocmod2:ocqbnk]], [[ocmod2:ocqgrd]], [[ocmod2:ocqlnk]], or
   !> [[ocmod2:ocqmln]] in place of [[fstr]]'s directional roughness.
   !>
   !> If either side of a link-link face matches a configured ZQ table
   !> (`ZQTableLink`, `ZQTableFace`), `OCQDQ` sets `ZQTableRef` and dispatches
   !> the face as boundary type `12`, so [[ocmod2:ocqlnk]] obtains discharge
   !> from the ZQ rating table instead of the ordinary link-link equation.
   !>
   !> Entry requirements retained from the legacy routine are:
   !>
   !> | Requirement | Meaning |
   !> |:------------|:--------|
   !> | `NELEE >= total_no_elements`, `total_no_elements >= 1`, `NXSCEE >= 1` | Active elements and cross-section tables fit the compiled extents. |
   !> | `NLFEE >= 1` and `NLFEE >= -ICMREF(1:total_no_elements,5:8)` for negative face references | Link/confluence references fit the link extent. |
   !> | `NOCTAB >= 1` and `NOCTAB >= NOCBCC(1:total_no_elements)` | Boundary-condition indices fit the boundary table. |
   !> | For each negative face reference `i`, `ICMRF2(-i,1:3) <= total_no_elements` | Multi-link participant elements fit the element extent. |
   !> | For each negative face reference `i`, `1 <= ICMRF2(-i,4:6) <= 4` | Multi-link participant face numbers are valid. |
   !> | For each external boundary `ibc=NOCBCC(iel)>0`, `NOCBCD(ibc,2)` identifies a face whose `ICMREF` neighbour is external or component-compatible | Boundary metadata is consistent with the element topology. |
   !>
   !> Boundary conflicts where both sides of a face carry non-zero boundary
   !> condition indices are disallowed. The routine also assumes the
   !> consistency between `ICMREF` and `ICMRF2` checked by the multi-link
   !> scatter loop (`multi_scatter_loop`).
   !>
   !> @note
   !> This routine has no dummy arguments. It uses shared grid,
   !> boundary, geometry, water-level, and ZQ-table state from `SGLOBAL`,
   !> `AL_C`, `AL_D`, `AL_G`, and [[ocmod2]]. Several calls into [[ocmod2]]
   !> pass whole local work arrays (declared `(0:3)`) to dummy arguments
   !> declared `(0:1)`, and pass single-element addresses
   !> (`COCBCD(1,ibc)`/`COCBCD(1,itemp)`) to array dummy arguments, relying on
   !> standard Fortran sequence association through the explicit-shape actual
   !> arguments rather than array-section copies.
   !> @endnote"
fstr,function,src/overland_channel/OCQDQMOD.F90,ocqdqmod,371,382,362,362,False,src/overland_channel/oc_stage_discharge.f90,oc_stage_discharge,Stage-discharge relations and their derivatives.,0,,0,,"!> Returns the Strickler/roughness value for a face direction.
   !>
   !> Faces 1 and 3 use `STRXX`; faces 2 and 4 use `STRYY`.
   !>
   !> @history
   !> | Date | Author | Version | Description |
   !> |:-----|:-------|:--------|:------------|
   !> | 2026-04-09 | SvB | 4.6.1 | Declared `PURE` (commit `738cc38`). |
   !> @endhistory"
fdqq,function,src/overland_channel/OCQDQMOD.F90,ocqdqmod,394,405,385,385,False,src/overland_channel/oc_stage_discharge.f90,oc_stage_discharge,Stage-discharge relations and their derivatives.,0,,0,,"!> Returns the transverse face length used in a face-flow calculation.
   !>
   !> Faces 1 and 3 use `DYQQ`; faces 2 and 4 use `DXQQ`.
   !>
   !> @history
   !> | Date | Author | Version | Description |
   !> |:-----|:-------|:--------|:------------|
   !> | 2026-04-09 | SvB | 4.6.1 | Declared `PURE` (commit `738cc38`). |
   !> @endhistory"
OCINI,subroutine,src/overland_channel/OCmod.f90,OCmod,142,194,109,109,False,src/overland_channel/oc_driver.f90,oc_driver,Overland/channel setup and the implicit row solver.,1,src/frame/FRmod.f90,0,,"!> @brief Controls OC component initialisation.
!>
!> `OCINI` checks static dimensions and topology, reads the OC input file,
!> validates roughness and cross-section data, opens boundary files,
!> initialises OC state held in [[OCmod2]] and this module's row-solver
!> workspace, builds channel cross-section tables through [[OCXS]], and
!> prepares row indices through [[OCIND]].
!>
!> Entry requirements are the OC/frame array limits being positive
!> (`NELEE`, `NLFEE`, `NXEE`, `NY`, `NOCTAB`), at least two internal
!> cross-section table rows (`NXSCEE >= 2`), and an element index range with
!> `total_no_elements >= NGDBGN`.
!>
!> The routine uses frame geometry and topology from `ICMREF`, `ICMBK`,
!> `ICMXY`, `LCODEX`, `LCODEY`, `NBFACE`, and `LINKNS`, plus OC input/output
!> units `OCD`, `OHB`, `OFB`, and `PRI`. It treats `ZGRUND` as input for
!> land/bank elements and fills the link entries from the OC/cross-section
!> setup.
!>
!> Initialised shared outputs include boundary-condition counts and codes
!> (`NOCHB`, `NOCFB`, `NOCBCC`, `NOCBCD`, `COCBCD`), hydraulic geometry
!> (`HRF`, `CWIDTH`, `ZBEFF`, `ZBFULL`, `NXSECT`, `XINH`, `XINW`, `XAREA`,
!> `XAFULL`, `XSTAB`), Strickler/roughness fields (`STRXX`, `STRYY`), timing controls
!> (`TDC`, `TFC`), and row-index arrays (`NELIND`, `NROWEL`, `NROWST`,
!> `NROWF`, `NROWL`) used by the OC implicit row solver.
!>
!> @warning
!> The local `TDC` and `TFC` declared here shadow the module-level variables
!> of the same name that [[OCSIM]] reads to gate diagnostic printing.
!> `OCREAD` fills only these local copies, so the module's `TDC`/`TFC` are
!> never explicitly assigned by the current initialisation path. This
!> documents current behaviour; it was not repaired in this transfer.
!> @endwarning"
INITIALISE_OCSIM_WORKSPACE,subroutine,src/overland_channel/OCmod.f90,OCmod,218,282,196,196,False,src/overland_channel/oc_driver.f90,oc_driver,Overland/channel setup and the implicit row solver.,0,,0,,"!> @brief Allocates the persistent [[ocsim]] row-solver work arrays.
!>
!> These arrays were formerly automatic local arrays in [[ocsim]]. They are too
!> large for the stack on some compilers/runs, but allocating them on every
!> [[ocsim]] call is expensive because [[ocsim]] is called every timestep.
!> Keeping them in a module-owned workspace preserves heap storage without
!> repeated allocation in the timestep loop.
!>
!> [[ocini]] calls this routine once, after [[ocind]] has established
!> `NROWF`, `NROWL`, and `MAX_ROW_WIDTH`. The program supports one model per
!> execution; a second call without intervening finalisation is a lifecycle
!> error. Static topology is not duplicated here: [[ocsim]] passes `ICMREF`
!> and `ICMRF2` to [[ocmod2:ocfix]] directly.
!>
!> @history
!> | Date | Author | Version | Description |
!> |:-----|:-------|:--------|:------------|
!> | 2026-05-10 | SvB | 4.6.1 | Added this allocator while moving `AA`, `DD`, `FF`, `BB`, `GG`, `CC`, `EE`, `TM1`, `TM2`, `TV1`, `TV2`, `inhrf`, `GGGETHRF`, `inqsa`, `GGGETQSA`, `ijedum`, and `ijedum2` from automatic locals in [[ocsim]] to allocatable module state. |
!> | 2026-08-20 | - | - | Removed the duplicate topology work arrays after [[ocmod2:ocfix]] was changed to accept `ICMREF` and `ICMRF2` in their native layouts. |
!> | 2026-08-22 | - | - | Removed the `INHRF`, `GGGETHRF`, `INQSA`, and `GGGETQSA` state buffers after [[ocmod2:ocfix]] was changed to correct `HRFZZ`/`QSAZZ` in place. |
!> | 2026-09-05 | SvB | - | Added STAT= and ERRMSG= reporting for all (de)allocations. |
!> @endhistory"
FINALISE_OCSIM_WORKSPACE,subroutine,src/overland_channel/OCmod.f90,OCmod,297,352,284,284,False,src/overland_channel/oc_driver.f90,oc_driver,Overland/channel setup and the implicit row solver.,1,src/Shetran.f90,0,,"!> @brief Releases all persistent [[ocsim]] workspace storage.
!>
!> The procedure is idempotent and also handles a partially allocated object,
!> allowing the allocation-failure path to clean up before reporting a fatal
!> error. The normal program shutdown calls it after the final possible
!> [[ocsim]] use. SHETRAN still assumes one model per process execution.
!>
!> @history
!> | Date | Author | Version | Description |
!> |:-----|:-------|:--------|:------------|
!> | 2026-08-21 | SvB | - | Added this finaliser alongside [[initialise_ocsim_workspace]]. |
!> | 2026-09-05 | SvB | - | Added STAT= and ERRMSG= reporting for all (de)allocations. |
!> @endhistory"
OCSIM_WORKSPACE_HAS_ALLOCATIONS,function,src/overland_channel/OCmod.f90,OCmod,354,365,,354,False,src/overland_channel/oc_driver.f90,oc_driver,Overland/channel setup and the implicit row solver.,0,,0,,
OCABC,subroutine,src/overland_channel/OCmod.f90,OCmod,444,588,367,367,False,src/overland_channel/oc_boundaries.f90,oc_boundaries,Time-varying stage and flow boundary conditions.,0,,0,,"!> @brief Assembles one element row of the implicit OC matrix.
!>
!> Given the current element, boundary type, water level, storage area,
!> rainfall, evaporation, exchange flow, and previously calculated flow
!> derivatives, `OCABC` fills the lower, central, upper, and right-hand-side
!> coefficients used by the row-wise implicit solver in [[OCSIM]].
!>
!> The routine uses the element topology in `ICMREF`, multi-link node
!> expansion in `ICMRF2`, flow derivatives `DQ0ST`, `DQIST`, and `DQIST2`,
!> bank exchange flows `QBKB` and `QBKF`, current face flows from
!> [[ocmod2:getqsa]], row indices `NELIND`, and channel cross-section tables
!> `XINH`/`XINW`.
!>
!> For fixed-head boundary types `IBC=3` and `IBC=9`, the assembled row simply
!> enforces the prescribed head increment:
!>
!> \[
!> \Delta H = HNOW - H,\qquad BB_{IND}=1,\qquad FF=HNOW-H.
!> \]
!>
!> Otherwise the unknown is the water-level correction for the current
!> element and its neighbours. The current water depth is
!>
!> \[
!> H = Z - ZG.
!> \]
!>
!> For land/bank elements the storage area is `AREAE`. For channel links
!> below bankfull level, the storage width is linearly interpolated from the
!> cross-section table and multiplied by link length:
!>
!> \[
!> A_s =
!> CL\left(W_m +
!> \frac{H-H_m}{H_i-H_m}(W_i-W_m)\right),
!> \]
!>
!> where \(H_m \le H < H_i\), `W_m=XINW(link,m)`, and `W_i=XINW(link,i)`.
!> The storage term contributes
!>
!> \[
!> BB_{IND} \leftarrow -A_s/DTOC.
!> \]
!>
!> Rainfall, evaporation, bank exchange, and external exchange are assembled
!> on the right-hand side as
!>
!> \[
!> FF = -AREAE\,(P_{net}+Q_H-E_{sw}) + Q_{bank},
!> \]
!>
!> with `Q_H=QHE` only for non-link elements. For links, rainfall is
!> suppressed when `H < 1D-8`, and
!>
!> \[
!> Q_{bank}=QBKB_{1}+QBKF_{1}+QBKB_{2}+QBKF_{2}.
!> \]
!>
!> Each face flow is taken positive into the current element. For face
!> \(f\), the previously calculated linearisation is applied as
!>
!> \[
!> Q_f^{n+1} \approx Q_f + DQ0ST_f\,\Delta H_i
!>                  + DQIST_f\,\Delta H_j,
!> \]
!>
!> so the current-element coefficient and residual are updated by
!>
!> \[
!> BB_{IND} \leftarrow BB_{IND}+DQ0ST_f,\qquad
!> FF \leftarrow FF-Q_f.
!> \]
!>
!> A single adjacent element receives `DQIST` in the same row (`BB`), a later
!> row (`AA`), or an earlier row (`CC`) according to its row number. For a
!> multi-link junction, `ICMREF` contains a negative pointer to `ICMRF2`; the
!> same operation is applied to each connected link using `DQIST2`."
JEOCBC,subroutine,src/overland_channel/OCmod.f90,OCmod,666,882,590,590,False,src/overland_channel/oc_input.f90,oc_input,Reads the overland/channel data file and its boundary records.,0,,0,,"!> @brief Reads and builds OC boundary-condition metadata.
!>
!> `JEOCBC` maps gridded head, flux, polynomial, channel-link, and
!> impermeable boundary-condition definitions onto `NOCBCD` and `NOCBCC`,
!> including extra bank elements where bank flow is represented.
!>
!> Entry requirements retained from the legacy routine are:
!>
!> | Requirement | Meaning |
!> |:------------|:--------|
!> | `NELEE >= total_no_elements` | Element-indexed workspace is large enough. |
!> | `NXEE >= max(NX,1)` | Grid-code workspace is large enough. |
!> | `NY >= 1`, `NGDBGN >= 1`, `NOCTAB >= 1` | Active grid, land-element start, and boundary table capacity exist. |
!> | `ICMXY(1:NX,1:NY) <= total_no_elements` and `ICMREF(1:total_no_elements,5:8) <= total_no_elements` | Grid and neighbour indices are in range where positive. |
!> | `7 <= LCODEX(x,y) <= 11` | `LINKNO(x,y,.TRUE.)` must return a valid link index below `NGDBGN`. |
!> | `7 <= LCODEY(x,y) <= 11` | `LINKNO(x,y,.FALSE.)` must return a valid link index below `NGDBGN`. |
!> | `OCD`, `PRI` | Open formatted input and diagnostic output units. |
!>
!> On exit, `IXER` is only increased, every `NOCBCC(element)` is either zero
!> or a boundary-condition index, and a clean exit satisfies
!> `NOCBC <= NOCTAB`, `1 <= NOCBCD(1:NOCBC,1) <= total_no_elements`, and
!> `1 <= NOCBCD(1:NOCBC,3) <= 11`.
!>
!> `NOCBCD` is the boundary-condition table:
!>
!> | Column | Stored value |
!> |:-------|:-------------|
!> | 1 | Element or channel-link index carrying the boundary condition. |
!> | 2 | Boundary face number, where applicable. |
!> | 3 | Boundary-condition type code. |
!> | 4 | Category number within that type. |
!>
!> For gridded head, flux, and polynomial boundaries, a positive category
!> `ICAT` read for element `e` creates a new boundary row
!>
!> \[
!> b \leftarrow b+1,\qquad NOCBCC_e=b,\qquad
!> NOCBCD_{b,:}=(e,\ face,\ type,\ ICAT).
!> \]
!>
!> Head boundaries use type 3 and no face (`face=0`), while flux and
!> polynomial boundaries use the element's stored boundary face `NBFACE(e)`
!> with types 4 and 5. Polynomial boundary rows also receive the five
!> coefficients read from record `OC28`:
!>
!> \[
!> COCBCD_{1:5,b}=a_{1:5}(ICAT).
!> \]
!>
!> Channel-link boundary codes are taken directly from `LCODEX`/`LCODEY`
!> when their values are 7:11. The corresponding link is found with
!> `LINKNO`, a row is added with `NOCBCD(:,1)=link` and `NOCBCD(:,3)=type`,
!> and type 9 and 10 entries increment the head-boundary and flux-boundary
!> counts respectively. Link-specific parameters for types 7:11 are filled
!> later by [[OCPLF]].
!>
!> Internal impermeable grid boundaries use type 1. For each impermeable
!> west/south grid boundary, `JEOCBC` creates reciprocal rows for the two
!> adjacent elements and extends the impermeable condition across the ends of
!> any adjacent bank elements. The reciprocal face is taken from
!> `ICMREF(:,9:12)` so the table remains consistent with the topology built
!> by [[frmod:frind]].
!>
!> Boundary type codes are:
!>
!> | Type | Meaning |
!> |:-----|:--------|
!> | 1 | Internal impermeable grid boundary. |
!> | 3 | Time-varying grid head boundary. |
!> | 4 | Time-varying grid flux boundary. |
!> | 5 | Polynomial grid boundary. |
!> | 7 | Channel weir boundary. |
!> | 8 | Channel river/resistance plus weir boundary. |
!> | 9 | Time-varying channel head boundary. |
!> | 10 | Time-varying channel flow boundary. |
!> | 11 | Polynomial channel boundary. |"
OCCHK0,subroutine,src/overland_channel/OCmod.f90,OCmod,910,997,884,884,False,src/overland_channel/oc_validation.f90,oc_validation,Consistency checks on overland/channel input and geometry.,0,,0,,"!> @brief Checks OC file units, array bounds, and global entity counts.
!>
!> This is the first OC validation pass and ensures the output/input units
!> are usable and that compiled dimensions are large enough for the current
!> grid, channel-link, cross-section, and boundary-condition counts.
!>
!> Checks performed:
!>
!> | Check | Requirement |
!> |:------|:------------|
!> | `PRI`, `OCD` | Open formatted diagnostic/input units. |
!> | `NELEE` | At least `max(NX,total_no_elements)`. |
!> | `NLFEE` | At least `max(1,total_no_links)`. |
!> | `NXEE` | At least `NX`. |
!> | `NOCTAB` | At least 1. |
!> | `NXSCEE` | Greater than 1 for channel cross-section lookup tables. |
!> | `total_no_links` | Non-negative and less than `total_no_elements`. |
!> | `NX`, `NY` | Both at least 1. |
!> | `NGDBGN` | Equal to `total_no_links + 1`. |
!>
!> @history
!> | Date | Author | Version | Description |
!> |:-----|:-------|:--------|:------------|
!> | 1998-01-30 | RAH | 4.2 | Created this routine. |
!> | 2009-01 | JE | - | Removed the `NELEE >= NOCTAB*NOCTAB` restriction. |
!> @endhistory"
OCCHK1,subroutine,src/overland_channel/OCmod.f90,OCmod,1024,1098,999,999,False,src/overland_channel/oc_validation.f90,oc_validation,Consistency checks on overland/channel input and geometry.,0,,0,,"!> @brief Checks static OC topology and channel-definition arrays.
!>
!> `OCCHK1` verifies neighbour references, active-grid indexing, and the
!> link-code grids used to locate north-south and east-west channel links.
!> Positive neighbour and grid references must not exceed
!> `total_no_elements`. Any `LCODEX` or `LCODEY` value in the
!> channel-boundary range 7:11 must map through `LINKNO` to a valid
!> channel-link element, i.e. an index greater than zero and less than
!> `NGDBGN`.
!>
!> Entry requirements:
!>
!> | Requirement | Meaning |
!> |:------------|:--------|
!> | `NEL >= 1`, `NX >= 1`, `NY >= 1` | The element and grid dimensions are populated. |
!> | `NELEE >= NEL`, `NXEE >= NX` | Workspace leading dimensions cover the active model extent. |
!> | `PRI` open for formatted output | Error reporting can write diagnostics. |
!> | `size_of_LDUM1 >= max(NX,NEL)` | Logical workspace is large enough for the largest check in this routine. |
!>
!> @history
!> | Date | Author | Version | Description |
!> |:-----|:-------|:--------|:------------|
!> | 1998-02-03 | RAH | 4.2 | Created this routine. |
!> | 1998-02-05 | RAH | 4.2 | Added the `LDUM1` argument. |
!> @endhistory"
OCCHK2,subroutine,src/overland_channel/OCmod.f90,OCmod,1140,1246,1100,1100,False,src/overland_channel/oc_validation.f90,oc_validation,Consistency checks on overland/channel input and geometry.,0,,0,,"!> @brief Checks OC input values after [[OCREAD]].
!>
!> The checks cover boundary file units, overland/channel roughness values,
!> and channel cross-section tables, including monotonic level coordinates
!> and positive final widths.
!>
!> Boundary files `OHB` and `OFB` are checked only when their corresponding
!> boundary counts are non-zero. Roughness checks still call `ALCHK` with a
!> positive-roughness test for both `STRXX` and `STRYY`; however, the final
!> response to accumulated errors is a warning rather than a fatal error.
!> This preserves the current surface-storage convention where negative
!> `STRXX` values can be passed through to [[ocqdqmod:ocqdq]].
!>
!> Channel cross-section checks require the first depth to be zero, depth
!> values to be strictly increasing, widths to be non-decreasing, and the
!> final width for each active link to be positive.
!>
!> Entry requirements retained from the legacy routine are:
!>
!> | Requirement | Meaning |
!> |:------------|:--------|
!> | `total_no_elements >= max(total_no_links,1)` | Active element range covers active links. |
!> | `NLFEE >= max(total_no_links,1)` | Link-indexed arrays cover active links. |
!> | `PRI` open for formatted output | Error reporting can write diagnostics. |
!>
!> @warning
!> `LDUM1` is declared `INTENT(INOUT)` here (the legacy routine declared it
!> `INTENT(IN)`) so it can be passed as the check-result buffer to
!> `ALCHK`/`ALCHKI`; the `USE CONST_SY` import is unused in this routine's
!> current body.
!> @endwarning
!>
!> @history
!> | Date | Author | Version | Description |
!> |:-----|:-------|:--------|:------------|
!> | 1998-02-03 | RAH | 4.2 | Created this routine, taking part of it from [[OCPLF]]. |
!> | 1998-02-06 | RAH | 4.2 | Added the boundary-file unit checks. |
!> | 1998-02-18 | RAH | 4.2 | Skipped the unit checks when `NONEED` is true. |
!> | 2022-05-19 | SB | - | Demoted the final error response from fatal to a warning, allowing the negative-`STRXX` surface-storage marker to pass through. |
!> @endhistory"
OCEXT,subroutine,src/overland_channel/OCmod.f90,OCmod,1266,1292,1248,1248,False,src/overland_channel/oc_boundaries.f90,oc_boundaries,Time-varying stage and flow boundary conditions.,0,,0,,"!> @brief Reads time-varying head and flux boundary values for the current OC step.
!>
!> Boundary time series are advanced from the head-boundary and flux-boundary
!> files into `HOCNOW` and `QOCF`; end-of-file markers are treated as fatal
!> input errors.
!>
!> `HINPUT` interpolates or advances head values for `NOCHB` categories using
!> `TIH`, `OCNOW`, and `OCNEXT`. `FINPUT` does the same for `NOCFB` flux
!> categories. The resulting `QOCF` values are prescribed inflow rates
!> consumed by [[ocmod2:ocqbc]].
!>
!> @warning
!> [[OCINI]] does not explicitly initialise `HOCLST`, `HOCNXT`, `QFLAST`,
!> `QFNEXT`, `HOCPRV`, `HOCNXV`, or `QOCFIN` before the first call to this
!> routine, so `HINPUT`/`FINPUT` receive processor-dependent initial state on
!> that call. This documents current behaviour; it was not repaired in this
!> transfer.
!> @endwarning"
OCIND,subroutine,src/overland_channel/OCmod.f90,OCmod,1362,1457,1294,1294,False,src/overland_channel/oc_indexing.f90,oc_indexing,"Row-solver ordering, row widths and link-number lookup.",0,,0,,"!> @brief Builds row-order indexing for the implicit OC solver.
!>
!> The catchment is split into y-coordinate rows, with west/south channel
!> links and optional bank elements inserted beside the grid elements. The
!> resulting `NROWST`, `NROWEL`, and `NELIND` arrays define the block rows
!> used by [[OCSIM]].
!>
!> Rows follow the basic grid `y` coordinate. East-west links and their banks
!> are included in the row above the link, matching the legacy OC row solver
!> ordering.
!>
!> | Array | Meaning |
!> |:------|:--------|
!> | `NROWF` | First non-empty row number. |
!> | `NROWL` | Last non-empty row number. |
!> | `NROWST(j)` | Pointer into `NROWEL` for the first element in row `j`. |
!> | `NROWEL` | Contiguous list of elements in row order. |
!> | `NELIND(e)` | Position of element `e` within its row. |
!>
!> If element `i` is the `p`th entry in row `j`, then
!>
!> \[
!> e = NROWEL(NROWST(j)+p-1),
!> \]
!>
!> and `NELIND` is the partial inverse:
!>
!> \[
!> NELIND\left(NROWEL(NROWST(j)+p-1)\right)=p.
!> \]
!>
!> The row of grid element `ICMXY(x,y)`, and of any associated link/bank
!> elements inserted while processing that grid square, is `y`.
!>
!> For each grid square `(i,j)`, `OCIND` scans the west face (`FACE=3`) and
!> then the south face (`FACE=4`). If a link is present, the row receives
!>
!> | Bank option | Inserted sequence |
!> |:------------|:------------------|
!> | `BEXBK=.FALSE.` | `link` |
!> | `BEXBK=.TRUE.` | bank on one side, `link`, bank on the other side |
!>
!> using `ICMBK(link,5-FACE)` before the link and `ICMBK(link,FACE-2)` after
!> the link. On the west-face pass only, the active grid element
!> `ICMXY(i,j)` is then inserted. Thus the current row length is
!>
!> \[
!> n_j = NROWST(j+1)-NROWST(j),
!> \]
!>
!> and the maximum row width retained as module state for workspace sizing is
!>
!> \[
!> MAX\_ROW\_WIDTH = \max_j n_j,
!> \]
!>
!> evaluated by [[oc_row_width:max_active_row_width]] once every row start,
!> including the end-of-last-row marker `NROWST(NY+1)`, has been written.
!>
!> Entry requirements retained from the legacy routine are:
!>
!> | Requirement | Meaning |
!> |:------------|:--------|
!> | `NLFEE >= max(total_no_links,1)` | Link-indexed arrays cover the active link set. |
!> | `NXEE >= max(NX,1)` and `NY >= 1` | Grid-indexed arrays cover the active grid. |
!> | `LINKNO` on west and south faces is at most `total_no_links` | Link lookup stays within the defined `ICMBK` extent. |
!> | `1 <= ICMBK(1:total_no_links,1:2) <= total_no_elements` when banks are active | Bank elements can be indexed in `NELIND`/`NROWEL`. |
!> | Active grid elements, active links, and optional bank elements partition `1:total_no_elements` | Every OC element appears exactly once in row order. |"
OCLTL,subroutine,src/overland_channel/OCmod.f90,OCmod,1489,1544,1459,1459,False,src/overland_channel/oc_validation.f90,oc_validation,Consistency checks on overland/channel input and geometry.,1,src/frame/FRmod.f90,0,,"!> @brief Reads an alphanumeric channel-definition grid.
!>
!> `OCLTL` decodes the legacy one-character OC map into integer link and
!> boundary codes, preserving row-number checks and optional echo printing.
!> Input rows must be supplied from `NNY` down to 1; an unexpected row number
!> prints an ""incorrect coordinate"" marker when echo output is enabled and
!> then stops the program.
!>
!> Character mapping:
!>
!> | Character | Code | Meaning in OC flow-code grids |
!> |:----------|:-----|:-------------------------------|
!> | `I` | 1 | Internal impermeable boundary. |
!> | `.` | 2 | No special OC boundary/link code. |
!> | `R` | 6 | River/channel link without boundary type. |
!> | `W` | 7 | Channel weir boundary. |
!> | `A` | 8 | Channel river/resistance plus weir boundary. |
!> | `H` | 9 | Channel time-varying head boundary. |
!> | `F` | 10 | Channel time-varying flow boundary. |
!> | `P` | 11 | Channel polynomial boundary. |
!>
!> Characters not listed in `CODES` leave the target entry at its initial
!> zero value.
!>
!> @history
!> | Date | Author | Version | Description |
!> |:-----|:-------|:--------|:------------|
!> | 1994-08-12 | - | - | Created this routine. |
!> | 2015-04-21 | SB | - | Increased the `A1LINE` row buffer and its read/write format from 200 to 500 characters for larger catchments. |
!> @endhistory"
OCPLF,subroutine,src/overland_channel/OCmod.f90,OCmod,1599,1794,1546,1546,False,src/overland_channel/oc_input.f90,oc_input,Reads the overland/channel data file and its boundary records.,0,,0,,"!> @brief Reads per-link channel geometry and link boundary data.
!>
!> `OCPLF` reads default and explicit cross-section definitions, link bed
!> elevations, initial water depths, Strickler roughness coefficients, and
!> boundary-condition parameters for river-link boundary types.
!>
!> Channel data follow the manual records `OC30`-`OC41`. The cross-section
!> selector `IDEFX` on `OC36` is interpreted as:
!>
!> | `IDEFX` value | Meaning |
!> |:--------------|:--------|
!> | `< 0` | Use default cross-section category `-IDEFX` from records `OC32`-`OC34`. |
!> | `> 0` and not 1 | Read `IDEFX` width/depth pairs from following record `OC37`. |
!> | `0`, `1`, `< -NDEFCT`, or `> NOCTAB` | Invalid; increments `IXER`, and very large positive values stop further link processing. |
!>
!> For each link `iel`, `OCPLF` stores bed elevation in `ZGRUND(iel)`,
!> initial water surface as `SETHRF(iel,ZGRUND+WDEPTH)`, link roughness in
!> both `STRXX(iel)` and `STRYY(iel)`, the active cross-section count in
!> `NXSECT(iel)`, bankfull width in `CWIDTH(iel)`, and bankfull elevation in
!> `ZBFULL(iel)`.
!>
!> Boundary-specific records appended after each link are:
!>
!> | Type | Record | Stored values |
!> |:-----|:-------|:--------------|
!> | 7 or 8 | `OC38` | `IFACE`, `COEFF`, `SUBRIO`, `ZSILL`, `ZL`; category is set to 1. |
!> | 9 | `OC39` | Time-varying head category; face is set to 0. |
!> | 10 | `OC40` | Boundary face and time-varying flow category. |
!> | 11 | `OC41` | Boundary face and five polynomial coefficients; category is set to 1. |
!>
!> Entry requirements retained from the legacy routine are:
!>
!> | Requirement | Meaning |
!> |:------------|:--------|
!> | `NLFEE >= total_no_links` and `total_no_links >= 1` | Link-indexed arrays cover active links. |
!> | `NOCTAB >= 1` and `NOCBCC(1:total_no_links) <= NOCTAB` | Boundary indices fit the OC boundary table. |
!> | `OCD` open for formatted input | Per-link channel data can be read. |
!> | `PRI` open for formatted output | Diagnostics can be written. |
!>
!> Exit conditions retained from the legacy routine are:
!>
!> | Condition | Meaning |
!> |:----------|:--------|
!> | `IXER(out) >= IXER(in)` | Input-error count is monotonic. |
!> | `IXER(out) == IXER(in)` implies `2 <= NXSECT(1:total_no_links) <= NOCTAB` | Each valid link has a usable cross-section table. |
!>
!> @history
!> | Date | Author | Version | Description |
!> |:-----|:-------|:--------|:------------|
!> | 1998-01-21 | RAH | 4.2 | Created this routine, fixing an error in the second `COCBCD` subscript. |
!> | 1998-02-03 | RAH | 4.2 | Moved cross-section table set-up to the new [[OCXS]] and value checks to the new [[OCCHK2]]. |
!> | 2009-01 | JE | - | Restructured the read loop for automatic differentiation. |
!> @endhistory"
OCPRI,subroutine,src/overland_channel/OCmod.f90,OCmod,1822,1851,1796,1796,False,src/overland_channel/oc_boundaries.f90,oc_boundaries,Time-varying stage and flow boundary conditions.,0,,0,,"!> @brief Prints one OC diagnostic block to the main print file.
!>
!> The report is written only when [[OCSIM]] calls this routine for an
!> output time in the requested interval. It lists each element, the four
!> `QOC` face flows after conversion to the model x/y sign convention, and
!> the current water level `HRF`.
!>
!> | Element range | Extra field |
!> |:--------------|:------------|
!> | `1:total_no_links` | `ARXL`, the current channel wetted area. |
!> | `total_no_links+1:total_no_elements` | No channel area is printed. |
!>
!> Entry requirements retained from the legacy routine are:
!>
!> | Requirement | Meaning |
!> |:------------|:--------|
!> | `NELEE >= total_no_elements` and `total_no_elements >= max(total_no_links,1)` | Element arrays cover active elements and links. |
!> | `total_no_links >= 0` and `total_no_links <= size(ARXL)` | Channel area values are available for printed links. |
!> | `PRI` open for formatted output | The report can be written. |
!>
!> @history
!> | Date | Author | Version | Description |
!> |:-----|:-------|:--------|:------------|
!> | 1998-02-26 | RAH | 4.2 | Created this routine. |
!> | 2026-09-05 | SvB | - | Added STAT= and ERRMSG= reporting for all (de)allocations. |
!> @endhistory"
OCREAD,subroutine,src/overland_channel/OCmod.f90,OCmod,1893,2074,1853,1853,False,src/overland_channel/oc_input.f90,oc_input,Reads the overland/channel data file and its boundary records.,0,,0,,"!> @brief Reads and dispatches the static OC input file.
!>
!> `OCREAD` loads timestep/output controls, roughness parameters, initial
!> overland water depths, boundary-condition definitions, and channel-link
!> data. It delegates boundary parsing to [[JEOCBC]] and link geometry to
!> [[OCPLF]].
!>
!> The routine follows the OC input record order used in the SHETRAN Data
!> Input Manual:
!>
!> | Records | Action |
!> |:--------|:-------|
!> | `OC1` | Read `NT`, roughness-category count `NCATR`, print/output control `KONT`, and `BIOWAT`. Odd `KONT` values enable verbose input echoing. |
!> | `OC2` | Skip the obsolete OC timestep pairs; the current code reads and discards this section. |
!> | `OC3` | Read `SMIN`, default roughness `CDRS`, output interval `TDC:TFC`, and `DET`. If `KONT < 2`, output is disabled by setting `TDC > TFC`. |
!> | `OC4` | If `CDRS=0` and `NCATR>0`, read the category roughness values `CATR`. |
!> | `OC5` | Read initial overland water depth when `BIOWAT` is true; otherwise initialise it to zero. `HRF` is set to `ZGRUND + depth` for land elements. |
!> | `OC14`/`OC17` | Populate `STRXX` and `STRYY` from `CDRS`, direct arrays, or category maps. |
!> | Boundary records | Call [[JEOCBC]] for OC boundary metadata, then [[OCPLF]] for channel-link geometry and link-boundary details. |
!>
!> `OCD` is rewound, not closed, after the read. Any boundary or channel-link
!> input errors collected during parsing are promoted to fatal error 1049.
!>
!> Entry requirements retained from the legacy routine are:
!>
!> | Requirement | Meaning |
!> |:------------|:--------|
!> | `NELEE >= max(total_no_elements, NOCTAB*NOCTAB)` | Element and temporary OC tables fit the compiled extent. |
!> | `total_no_elements > total_no_links` and `total_no_links >= 0` | Land elements and optional links are consistently numbered. |
!> | `NOCTAB >= 1` and `NLFEE >= total_no_links` | Boundary and link tables cover active data. |
!> | `OCD` open for formatted input | OC input records can be read. |
!> | `PRI` open for formatted output | Input echo and diagnostics can be written. |
!>
!> @history
!> | Date | Author | Version | Description |
!> |:-----|:-------|:--------|:------------|
!> | 1998-01-20 | RAH | 4.2 | Created this routine, implementing the previously-missing `NCATR>0` option. |
!> | 1998-02-26 | RAH | 4.2 | Moved `TDC`/`TFC` to the argument list, overwriting `TDC` when `KONT<2`. |
!> | 2026-04-02 | SvB | - | Modernised the routine's loops and error handling with Gemini assistance (replaced `GOTO`-based control flow with block `IF`s and array slicing). |
!> @endhistory"
OCSIM,subroutine,src/overland_channel/OCmod.f90,OCmod,2206,2431,2076,2076,False,src/overland_channel/oc_driver.f90,oc_driver,Overland/channel setup and the implicit row solver.,1,src/driver/run_sim.f90,0,,"!> @brief Advances the overland/channel flow solution by one OC timestep.
!>
!> `OCSIM` reads current boundary values, calls [[OCQDQ]] for nonlinear flow
!> and derivative terms, assembles the row-wise implicit matrix with
!> [[OCABC]], solves the block tridiagonal system by forward row elimination
!> and backward substitution, updates water levels and inter-element flows,
!> applies [[OCFIX]] to remove spurious negative internal flows, computes
!> channel wetted area, and optionally prints OC diagnostics.
!>
!> The routine uses frame topology and geometry (`ICMREF`, `ICMRF2`,
!> `NOCBCC`, `NOCBCD`, `cellarea`, `CLENTH`, `DHF`, `ZGRUND`, `CWIDTH`,
!> `ZBFULL`), forcing terms (`PNETTO`, `ESWA`, `QH`, `QOCF`, `HOCNOW`), OC
!> row indices (`NROWF`, `NROWL`, `NROWST`, `NROWEL`, `NELIND`),
!> cross-section and roughness tables (`NXSECT`, `XINH`, `XINW`, `XAREA`,
!> `XSTAB`, `STRXX`, `STRYY`), and timing controls (`OCNOW`, `OCNEXT`,
!> `TDC`, `TFC`). It updates `HRF` and writes `QSA`, `QOC`, `DQ0ST`,
!> `DQIST`, `DQIST2`, and `ARXL`. The per-link bankfull area `XAFULL` that
!> [[OCQDQ]] reads is a static property of the cross-section tables and is
!> built once by [[ocxs]] during initialisation, not here.
!>
!> The OC timestep is converted to seconds as
!>
!> \[
!> DTOC = 3600\,OCNEXT.
!> \]
!>
!> After [[OCQDQ]] has evaluated current flows and derivatives, [[OCABC]]
!> assembles one block row for each y-row. For row \(r\), with water-level
!> correction vector \(d_r\), the assembled equation has the
!> block-tridiagonal form
!>
!> \[
!> C_r d_{r-1} + B_r d_r + A_r d_{r+1} = F_r,
!> \]
!>
!> where `CC`, `BB`, and `AA` contain the previous-row, current-row, and
!> next-row coefficients, and `FF` contains \(F_r\).
!>
!> The forward sweep stores each eliminated row as
!>
!> \[
!> d_{r-1} = E_r d_r + G_r.
!> \]
!>
!> For the first active row,
!>
!> \[
!> M_r=B_r,\qquad v_r=F_r.
!> \]
!>
!> For later rows, the previous-row relation is substituted:
!>
!> \[
!> M_r = B_r + C_rE_r,\qquad
!> v_r = F_r - C_rG_r.
!> \]
!>
!> The row matrix is inverted and the relation for the next row is stored as
!>
!> \[
!> E_{r+1} = -M_r^{-1}A_r,\qquad
!> G_{r+1} = M_r^{-1}v_r.
!> \]
!>
!> Back substitution starts with the last row,
!>
!> \[
!> d_{NROWL}=G_{NROWL+1},
!> \]
!>
!> and proceeds upward with
!>
!> \[
!> d_r = E_{r+1}d_{r+1}+G_{r+1}.
!> \]
!>
!> The solved correction for each element is applied directly to water
!> level,
!>
!> \[
!> HRF_e^{n+1}=HRF_e^n+d_e.
!> \]
!>
!> Face flows are advanced with the same first-order linearisation used in
!> the matrix assembly:
!>
!> \[
!> Q_{e,f}^{n+1}=Q_{e,f}^n + DQ0ST_{e,f}d_e
!> + \sum_j DQIST_{e,f,j}d_j,
!> \]
!>
!> where a single neighbour uses `DQIST` and a multi-link junction expands
!> the neighbour sum through `ICMRF2` and `DQIST2`. [[OCFIX]] is then called
!> to remove spurious negative internal flows and adjust the corresponding
!> water levels. The static `ICMREF` and `ICMRF2` tables are passed in their
!> native layouts, without per-timestep reshaping or copying.
!>
!> `QOC` is copied from the internal face-flow array and converted from the
!> OC face convention to the model x/y convention by changing the sign on
!> faces 1 and 2. For each channel link, wetted area is interpolated from
!> the cross-section table. If \(H=HRF-ZGRUND\) falls between tabulated
!> depths \(H_m\) and \(H_i\),
!>
!> \[
!> \Delta H = H-H_m,\qquad
!> \Delta W = (W_i-W_m)\frac{\Delta H}{H_i-H_m},
!> \]
!>
!> \[
!> ARXL = XAREA_m + \left(W_m+\frac{1}{2}\Delta W\right)\Delta H.
!> \]
!>
!> Above the last table level, the link is extended with rectangular
!> bankfull width:
!>
!> \[
!> ARXL = XAREA_N + (HRF-ZBFULL)\,CWIDTH.
!> \]
!>
!> If `QMAX > 0`, all channel-link face flows are checked against this
!> maximum and a fatal diagnostic is issued when it is exceeded.
!>
!> @history
!> | Date | Author | Version | Description |
!> |:-----|:-------|:--------|:------------|
!> | 1989-1998 | GP/RAH | 3.4-4.2 | Developed the row-wise implicit solve, [[OCFIX]] flow-correction split, and current `OCABC` argument list. |
!> | 2009-01 | JE | - | Restructured the row loop for automatic differentiation. |
!> | 2026-08-20 | - | - | Passed `ICMREF` and `ICMRF2` directly to [[ocmod2:ocfix]], removing the per-timestep topology staging. |
!> | 2026-08-22 | - | - | Deleted the per-timestep staging of `HRFZZ`/`QSAZZ` into and out of [[ocmod2:ocfix]] buffers, which cost `10*total_no_elements` accessor calls and three round trips of the OC state. |
!> @endhistory"
OCXS,subroutine,src/overland_channel/OCmod.f90,OCmod,2546,2623,2433,2433,False,src/overland_channel/oc_cross_sections.f90,oc_cross_sections,Channel width-depth cross-section and conveyance tables.,0,,0,,"!> @brief Builds channel cross-section area and conveyance lookup tables.
!>
!> `OCXS` integrates tabulated width-depth pairs to water area, derives an
!> effective bed elevation for full-bank storage, and fills `XSTAB` with
!> uniformly spaced depth, conveyance, and conveyance-derivative values used
!> by the OC flow calculation.
!>
!> The SHETRAN User Guide and Data Input Manual defines the channel
!> cross-section data in records `OC30`-`OC34`: each cross-section category
!> is supplied as width/depth pairs (`XDEFW`, `XDEFH`), the first depth must
!> be zero, and the final depth defines the bankfull depth. The manual also
!> states that channel flow uses the user-supplied cross-section, while
!> subsurface-flow exchange uses an effective rectangular channel with the
!> same cross-sectional area.
!>
!> In the code these manual fields are stored per link as `XINW(link,j)` and
!> `XINH(link,j)`, with `NXSECT(link)` width/depth pairs and roughness
!> `STRXX(link)`. Entry requirements retained from the legacy routine are:
!> at least one active link, `NXSCEE >= 2`, positive channel widths
!> `CWIDTH(1:total_no_links)`, `NXSECT` values within the allocated
!> `XINH`/`XINW`/`XAREA` table sizes, a positive final tabulated depth, and
!> strictly increasing tabulated depths within each link.
!>
!> Input width-depth pairs are integrated by the trapezoidal rule. For
!> tabulated level \(j\),
!>
!> \[
!> XAREA_j = XAREA_{j-1}
!> + \frac{1}{2}\left(XINW_j+XINW_{j-1}\right)
!>   \left(XINH_j-XINH_{j-1}\right),
!> \]
!>
!> with `XAREA(:,1)=0`. The manual's effective rectangular-channel statement
!> is implemented by shifting the effective bed elevation so that a
!> rectangle of width `CWIDTH` has the same bankfull area as the tabulated
!> cross-section:
!>
!> \[
!> ZBEFF = ZBFULL - XAREA_N/CWIDTH.
!> \]
!>
!> The same bankfull area is retained per link as
!> `XAFULL(link) = XAREA(link,NXSECT(link))` for [[ocqdqmod:ocqdq]]. It
!> depends only on the cross-section tables, so it is built here once rather
!> than on the first [[ocsim]] call.
!>
!> The lookup table `XSTAB` supports the OC flow calculation without
!> repeatedly integrating the irregular cross-section. It has rows:
!>
!> | `XSTAB` row | Meaning |
!> |:------------|:--------|
!> | 1 | Uniformly spaced water depth. |
!> | 2 | Conveyance at that depth. |
!> | 3 | Piecewise-linear derivative of conveyance with respect to depth. |
!>
!> For a table with `NXSCEE` rows, the uniform depth increment is
!>
!> \[
!> \Delta h = XINH_N/(NXSCEE-1),\qquad h_j=(j-1)\Delta h.
!> \]
!>
!> For each lookup depth \(h_j\), the enclosing manual input interval
!> \(H_i \le h_j \le H_{i+1}\) is found. Width is treated as linearly
!> varying between the two tabulated width/depth points:
!>
!> \[
!> \alpha=\frac{h_j-H_i}{H_{i+1}-H_i},
!> \]
!>
!> and the area increment above \(H_i\) is evaluated as a trapezoid:
!>
!> \[
!> A_j = XAREA_i
!> + \frac{1}{2}\left((2-\alpha)W_i+\alpha W_{i+1}\right)
!>   (h_j-H_i).
!> \]
!>
!> `CONVEYAN` converts \(A_j\), depth, and roughness `STRXX` into
!> conveyance. For `OCXS` it is called with `ty=0`, so the main branch used
!> away from near-zero depth is the Gauckler-Manning-Strickler-style
!> relation implemented in [[ocmod2:conveyan]]:
!>
!> \[
!> C_j = STRXX\,A_j\,h_j^{2/3}.
!> \]
!>
!> For \(10^{-9} \le h_j < 10^{-3}\) m, the code uses the smoothed
!> polynomial branch in `CONVEYAN` for automatic-differentiation stability:
!>
!> \[
!> C_j = STRXX\,A_j\,\frac{10}{3}\,h_j(4-1000h_j),
!> \]
!>
!> and for smaller depths it returns zero conveyance. The stored derivative
!> in `XSTAB` is not the derivative returned by `CONVEYAN`; `OCXS` stores
!> the finite-difference slope for interval `j-1`:
!>
!> \[
!> XSTAB_{3,j-1} = \frac{C_j-C_{j-1}}{\Delta h},
!> \]
!>
!> so `XSTAB(2,j) + XSTAB(3,j)*(h-XSTAB(1,j))` is continuous and
!> piecewise linear in water depth. As in the legacy routine, conveyance and
!> derivative entries for the final lookup row are not defined.
!>
!> @history
!> | Date | Author | Version | Description |
!> |:-----|:-------|:--------|:------------|
!> | 1998-02-03 | RAH | 4.2 | Created this routine, taking it from part of [[OCPLF]]. |
!> | 1998-03-17 | RAH | 4.2 | Fixed the `XAJ` inaccuracy so the stored conveyance derivative is continuous. |
!> | 1998-04-24 | RAH | 4.2 | Merged the legacy `XSECTH`/`XCONV`/`XDERIV` arrays into `XSTAB`. |
!> | 2026-08-18 | SvB | 4.6.5 | Moved the `XAFULL` setup here from the first-call branch of [[ocsim]], reusing this routine's existing per-link loop. |
!> @endhistory"
LINKNO,function,src/overland_channel/OCmod.f90,OCmod,2638,2673,2625,2625,False,src/overland_channel/oc_indexing.f90,oc_indexing,"Row-solver ordering, row widths and link-number lookup.",1,src/frame/FRmod.f90,0,,"!> @brief Returns the channel link number at a grid coordinate and orientation.
!>
!> `LINKNO` searches the link reference table for a north-south or east-west
!> link whose stored grid coordinate matches the requested `(I,J)` location.
!> The orientation argument is compared directly with `LINKNS`; no geometric
!> inference is made here. If there are no links, or no matching link is
!> found, the function returns zero.
!>
!> @history
!> | Date | Author | Version | Description |
!> |:-----|:-------|:--------|:------------|
!> | 2026-04 | SvB | - | Marked the function `PURE` and replaced the legacy `iscycle`-flag loop with a direct `EXIT`, without changing its search order or result. |
!> @endhistory"
gethrf,function,src/overland_channel/OCmod2.f90,OCmod2,99,107,94,94,False,src/overland_channel/oc_node_solver.f90,oc_node_solver,Per-node water-level solution and its accessors.,7,src/driver/rest.f90;src/driver/run_sim.f90;src/evapotranspiration/ETmod.f90;src/frame/FRmod.f90;src/overland_channel/OCQDQMOD.F90;src/overland_channel/OCmod.f90;src/subsurface/VSmod.f90,0,,"!> Returns the stored water-surface elevation for an element.
   !>
   !> `HRFZZ` is the module-local storage used to abstract the OC water level
   !> array for automatic-differentiation and solver calls. This is the
   !> read-side accessor for [[sethrf]]."
sethrf,subroutine,src/overland_channel/OCmod2.f90,OCmod2,112,121,109,109,False,src/overland_channel/oc_node_solver.f90,oc_node_solver,Per-node water-level solution and its accessors.,2,src/frame/FRmod.f90;src/overland_channel/OCmod.f90,0,,"!> Stores the water-surface elevation for an element.
   !>
   !> This is the write-side accessor for [[gethrf]]."
getqsa,function,src/overland_channel/OCmod2.f90,OCmod2,128,137,123,123,False,src/overland_channel/oc_node_solver.f90,oc_node_solver,Per-node water-level solution and its accessors.,1,src/overland_channel/OCmod.f90,0,,"!> Returns the stored face discharge for an element and face.
   !>
   !> `QSAZZ` follows the OC sign convention used by [[ocfix]]: positive
   !> discharge is into the indexed element. This is the read-side accessor
   !> for [[setqsa]]."
setqsa,subroutine,src/overland_channel/OCmod2.f90,OCmod2,142,152,139,139,False,src/overland_channel/oc_node_solver.f90,oc_node_solver,Per-node water-level solution and its accessors.,3,src/frame/FRmod.f90;src/overland_channel/OCQDQMOD.F90;src/overland_channel/OCmod.f90,0,,"!> Stores the face discharge for an element and face.
   !>
   !> This is the write-side accessor for [[getqsa]]."
initialise_ocmod,subroutine,src/overland_channel/OCmod2.f90,OCmod2,176,187,154,154,False,src/overland_channel/oc_node_solver.f90,oc_node_solver,Per-node water-level solution and its accessors.,1,src/overland_channel/OCmod.f90,0,,"!> Allocates the channel cross-section conveyance lookup table.
   !>
   !> `XSTAB(1:3,1:NXSCEE,1:total_no_links)` stores tabulated channel depth,
   !> conveyance, and conveyance slope for each channel link. The routine
   !> assumes `NXSCEE` and `total_no_links` have already been set by the
   !> frame/OC input processing.
   !>
   !> @warning
   !> `XSTAB` is allocated once with a fixed shape and never resized or
   !> reallocated. The `ALLOCATED` guard makes a repeated call a no-op rather
   !> than an error, but it does not re-size the table for a changed
   !> `total_no_links`.
   !> @endwarning
   !>
   !> @history
   !>
   !> | Date | Author | Version | Description |
   !> |:-----|:-------|:--------|:------------|
   !> | 2012-12-12 | SB | - | Made `XSTAB` dynamically allocatable in place of a fixed-size `(3,NXSCEE,NLFEE)` array. |
   !> | 2026-04-11 | SvB | - | Added the `ALLOCATED` guard so a repeated call does not attempt to re-allocate an already-allocated table. |
   !> | 2026-09-05 | SvB | - | Added STAT= and ERRMSG= reporting for all (de)allocations. |
   !> @endhistory"
OCNODE,subroutine,src/overland_channel/OCmod2.f90,OCmod2,267,359,189,189,False,src/overland_channel/oc_node_solver.f90,oc_node_solver,Per-node water-level solution and its accessors.,0,,0,,"!> Solves a multi-link confluence so branch flows sum to zero.
   !>
   !> `OCNODE` finds the junction water level by bracketing and false-position
   !> iteration, using [[fnode]] to evaluate the net flow leaving the node.
   !> After convergence, the largest branch flow is adjusted by the small
   !> residual to enforce local mass conservation at the confluence.
   !>
   !> This is the confluence solve used by the OC channel-link routines after
   !> each active branch has supplied a water level `ZI`, conveyance `CI`,
   !> conveyance derivative `DI`, and square-root path length `ROOTLI`. Absent
   !> branches are flagged by `ROOTLI(j)=0` and assigned zero flow.
   !>
   !> The node elevation \(z_n\) is initially bracketed by the minimum and
   !> maximum active branch water levels:
   !>
   !> \[
   !> A=\min_j ZI_j,\qquad B=\max_j ZI_j.
   !> \]
   !>
   !> For a trial node elevation, [[fnode]] evaluates the branch flow leaving
   !> the node as
   !>
   !> \[
   !> \Delta z_j = z_n-ZI_j,\qquad
   !> C_j^\* = CI_j + DI_j\max(0,\Delta z_j),
   !> \]
   !>
   !> \[
   !> Q_j =
   !> \operatorname{sign}(\Delta z_j)\,
   !> C_j^\*\frac{\sqrt{|\Delta z_j|}}{ROOTLI_j},
   !> \]
   !>
   !> and the confluence residual is
   !>
   !> \[
   !> F(z_n)=\sum_j Q_j.
   !> \]
   !>
   !> The routine applies up to 200 false-position iterations,
   !>
   !> \[
   !> z_n^{new}=\frac{A F(B)-B F(A)}{F(B)-F(A)}.
   !> \]
   !>
   !> If the residual keeps the same sign as the previous residual, the
   !> opposite endpoint residual is halved before the next interpolation step;
   !> this is the legacy damping used to avoid stagnation. The accepted
   !> convergence test is
   !>
   !> \[
   !> |F(z_n)| \le 10^{-3}\sum_j |Q_j|
   !> \quad\text{and}\quad |B-A|\le 10^{-4}\ \mathrm{m}.
   !> \]
   !>
   !> At convergence, the branch with the largest absolute flow is corrected
   !> by the residual,
   !>
   !> \[
   !> Q_{j_{\max}} \leftarrow Q_{j_{\max}}-F(z_n),
   !> \]
   !>
   !> so that the returned branch flows sum exactly to zero to working
   !> precision. If the iteration limit is reached, warning `1027` is issued.
   !> Warning `1028` is also issued when the residual is greater than one
   !> percent of total absolute flow or the bracket is wider than `1D-3`.
   !>
   !> @history
   !>
   !> | Date | Author | Version | Description |
   !> |:-----|:-------|:--------|:------------|
   !> | - | GP | 3.4 | Called `ERROR` and terminated iterations if `NC == 50`; added `ZNODE` argument for [[ocqmln]]. |
   !> | 1998-02-12 | RAH | 4.2 | Supplied missing `PRI`, `FATAL`, and `WARN` for `ERROR`; removed `ZNODE`; added explicit typing; removed local `TESTZ`; added `TEST`; clarified description as flow out of the node; returned immediately if `FA = 0`; tested `NC` before updating bracket endpoints; set `QJ` at absent branches. |
   !> | 1998-02-20 | RAH | 4.2 | Added `IEL` argument for `ERROR` handling from [[ocqmln]]. |
   !> | 1998-03-18 | RAH | 4.2 | Added `DI` argument passed to [[fnode]]. |
   !> | 1999-02-04 | SB | 4.27 | Fixed junction mass conservation by adjusting the largest absolute branch flow so the branch-flow sum is zero. |
   !> | 2026-05-21 | SB | 4.6 | Increased the iteration limit from 50 to 200 and tightened the convergence criteria (residual and bracket-width tolerances) at channel junctions, replacing the `iscycle`-flagged `DO`/`CYCLE` loop with an `EXIT`-based loop. |
   !> @endhistory"
FNODE,subroutine,src/overland_channel/OCmod2.f90,OCmod2,406,442,361,361,False,src/overland_channel/oc_node_solver.f90,oc_node_solver,Per-node water-level solution and its accessors.,0,,0,,"!> Evaluates net flow leaving a confluence for a trial node elevation.
   !>
   !> `FNODE` calculates the residual used by [[ocnode]]:
   !>
   !> \[
   !> F(ZNODE)=\sum_{j=0}^{3} Q_j,
   !> \]
   !>
   !> where branches with `ROOTLI(j)=0` are treated as absent and left at
   !> `QJ(j)=0`. For active branches,
   !>
   !> \[
   !> \Delta z_j = ZNODE-ZI_j,\qquad
   !> \sigma_j = \operatorname{sign}(\Delta z_j),
   !> \]
   !>
   !> and the branch conveyance is linearly increased only when the trial node
   !> elevation is above the branch water level:
   !>
   !> \[
   !> C_j^\* = CI_j + DI_j\max(0,\Delta z_j).
   !> \]
   !>
   !> The returned branch flow is
   !>
   !> \[
   !> Q_j =
   !> \sigma_j\,C_j^\*
   !> \frac{\sqrt{\sigma_j\Delta z_j}}{ROOTLI_j}
   !> =
   !> \operatorname{sign}(\Delta z_j)\,C_j^\*
   !> \frac{\sqrt{|\Delta z_j|}}{ROOTLI_j}.
   !> \]
   !>
   !> Positive `QJ(j)` is flow leaving the trial node into branch `j`; negative
   !> values represent flow entering the node from that branch.
   !>
   !> @history
   !>
   !> | Date | Author | Version | Description |
   !> |:-----|:-------|:--------|:------------|
   !> | 1998-02-11 | RAH | 4.2 | Added explicit typing, generic intrinsics, local flow/residual variables, integer direction handling, and replaced the old `CI2` array with scalar conveyance logic. |
   !> | 1998-02-12 | RAH | 4.2 | Removed local `CI3` and extended the active-branch loop logic. |
   !> | 1998-03-18 | RAH | 4.2 | Set downstream branch conveyance using `ZNODE` and added the `DI` argument passed from [[ocnode]]. |
   !> @endhistory"
OCCODE,subroutine,src/overland_channel/OCmod2.f90,OCmod2,508,545,444,444,False,src/overland_channel/oc_node_solver.f90,oc_node_solver,Per-node water-level solution and its accessors.,0,,0,,"!> Calculates channel-link conveyance and derivative at a water elevation.
   !>
   !> Below bank-full the routine interpolates precomputed cross-section
   !> tables. Above the table range it extends the cross-sectional area with
   !> top width and evaluates the Gauckler-Manning-Strickler-style conveyance
   !> through [[conveyan]].
   !>
   !> Entry requirements are `Z >= ZG`, positive `STR`, `CWIDTH`, `XAFULL`, and
   !> full-table depth `XS(1,NXSCEE)`, and `NXSCEE >= 1`. For lookup intervals,
   !> the table is assumed to have uniformly spaced depths
   !>
   !> \[
   !> XS(1,i)=XS(1,NXSCEE)\frac{i-1}{NXSCEE-1},
   !> \]
   !>
   !> with non-negative stored conveyance and positive stored conveyance
   !> slope. The routine returns non-negative `CONV` and positive `DERIV` when
   !> these conditions are satisfied.
   !>
   !> The local water depth and full-table depth are
   !>
   !> \[
   !> H=Z-ZG,\qquad H_{full}=XS(1,NXSCEE).
   !> \]
   !>
   !> For \(H < H_{full}\), the table interval is selected by
   !>
   !> \[
   !> i=\left\lfloor \frac{H}{H_{full}}(NXSCEE-1)+1\right\rfloor,
   !> \]
   !>
   !> and the piecewise-linear conveyance is
   !>
   !> \[
   !> DERIV=XS(3,i),\qquad
   !> CONV=XS(2,i)+DERIV\,(H-XS(1,i)).
   !> \]
   !>
   !> For water above the tabulated range, the full-bank area is extended by
   !> the rectangular top width:
   !>
   !> \[
   !> A=XAFULL+CWIDTH\,(H-H_{full}),
   !> \]
   !>
   !> and [[conveyan]] is called with `ty=2`, which evaluates
   !>
   !> \[
   !> CONV=STR\,A\,H^{2/3},
   !> \]
   !>
   !> with derivative
   !>
   !> \[
   !> DERIV=CONV\left(\frac{CWIDTH}{A}+\frac{2}{3H}\right).
   !> \]
   !>
   !> @history
   !>
   !> | Date | Author | Version | Description |
   !> |:-----|:-------|:--------|:------------|
   !> | 1994-10-03 | RAH | 3.4.1 | Brought implicit double-precision assumptions from `SPEC.AL` into the routine context. |
   !> | 1998-04-23 | RAH | 4.2 | Added explicit typing; moved `ZG` before `Z`; replaced common-block inputs with arguments for roughness, full area, cross-section width, and lookup table; replaced loop search with direct interval calculation; rearranged above-bankfull conveyance/derivative expressions. |
   !> @endhistory"
OCQBC,subroutine,src/overland_channel/OCmod2.f90,OCmod2,635,749,547,547,False,src/overland_channel/oc_discharge.f90,oc_discharge,"Face discharge for grid, link, bank, confluence and weir flow.",1,src/overland_channel/OCQDQMOD.F90,0,,"!> Calculates flow and derivative at an external overland/channel boundary.
   !>
   !> Boundary types include prescribed head, prescribed flow, normal/
   !> resistance flow, and weir control. The routine returns both the
   !> boundary flux and its derivative with respect to the local water level
   !> for the OC Newton system.
   !>
   !> Entry requirements retained from the legacy routine are: `NXSCEE >= 2`,
   !> positive path length `LI`, non-negative weir coefficient and
   !> submergence ratio when `NTYPE` is 7 or 8, and, for resistance-flow
   !> branches, `ZI >= ZGI` with positive `STR`, `W`, `XAFULL`, and full-table
   !> depth. The `XSTAB` table is expected to have uniformly spaced depths and
   !> non-negative conveyance values with positive slopes.
   !>
   !> Boundary type is reduced with
   !>
   !> \[
   !> MTYPE = NTYPE \bmod 6.
   !> \]
   !>
   !> The direct boundary branches are:
   !>
   !> | `MTYPE`/`NTYPE` | Boundary behaviour |
   !> |:----------------|:-------------------|
   !> | `MTYPE=3` | Prescribed time-varying head; sets `ZX=HOCNOW`, with no direct flux before the resistance-flow part. |
   !> | `MTYPE=4` | Prescribed time-varying inflow; `Q=QOCF`, `dQ/dZI=0`. `QOCF` is already an inflow rate, not a discharge computed from local hydraulics. |
   !> | `MTYPE=5` | Polynomial function of local head. |
   !> | `NTYPE=7` | Weir only. |
   !> | `NTYPE=8` | River/resistance flow in parallel with a weir. |
   !>
   !> For polynomial boundaries, with \(H=ZI-ZGI\) and coefficients
   !> \(a_1,\ldots,a_5=COCBCD(1:5)\),
   !>
   !> \[
   !> Q = -\left(a_1H^4+a_2H^3+a_3H^2+a_4H+a_5\right),
   !> \]
   !>
   !> \[
   !> \frac{dQ}{dZI} =
   !> -\left(4a_1H^3+3a_2H^2+2a_3H+a_4\right).
   !> \]
   !>
   !> For weir boundaries, `COCBCD` supplies weir coefficient, submergence
   !> ratio, sill elevation, and external downstream water level. [[qweir]] is
   !> called with the higher and lower of local/external water level. If the
   !> local element is upstream (`ZI >= ZX`), the returned flow and derivative
   !> are sign-adjusted so the boundary flux follows the OC convention.
   !>
   !> Prescribed head (`NTYPE=3`) and river-plus-weir (`NTYPE=8`) also include
   !> a resistance-flow contribution between the local level and external
   !> level `ZX`. With
   !>
   !> \[
   !> \Delta z = ZX-ZI,\qquad \sigma=\operatorname{sign}(\Delta z),
   !> \]
   !>
   !> \[
   !> L = LI(4-MTYPE),\qquad C^\* = C + C_H\,\max(DZMIN,|\Delta z|),
   !> \]
   !>
   !> where `C` and `C_H` are the conveyance and derivative from [[conveyan]]
   !> for grid head boundaries or [[occode]] for channel river-plus-weir
   !> boundaries, the code adds
   !>
   !> \[
   !> Q \leftarrow Q + \sigma C\frac{\sqrt{|\Delta z|}}{\sqrt{L}},
   !> \]
   !>
   !> \[
   !> \frac{dQ}{dZI} \leftarrow \frac{dQ}{dZI}
   !> + \frac{\sigma C_H\sqrt{|\Delta z|}
   !>       -\frac{1}{2}C^\*/\max(\sqrt{DZMIN},\sqrt{|\Delta z|})}
   !>      {\sqrt{L}}.
   !> \]
   !>
   !> @history
   !>
   !> | Date | Author | Version | Description |
   !> |:-----|:-------|:--------|:------------|
   !> | 1994-10-03 | RAH | 3.4.1 | Brought implicit double-precision assumptions from `SPEC.AL` into the routine context. |
   !> | 1998-02-25 | RAH | 4.2 | Replaced include-common data with arguments; removed `INDEX`, `NCODE`, and redundant derivative output; reduced `COCBCD` dimension; added explicit typing; merged boundary types `10` and `4`; zeroed undefined derivatives; rewrote polynomial expressions without exponentiation. |
   !> | 1998-02-26 | RAH | 4.2 | Changed weir coefficient to an array, avoided unnecessary initialisation before [[qweir]], used `AH` for `A*H`, defined local `RDZMIN`, and zeroed outputs by default. |
   !> | 1998-04-09 | RAH | 4.2 | Reordered/replaced arguments for `OCQDQ`; added prescribed-head types `3` and `9`; fixed signs for polynomial and river-plus-weir branches; used smoothed conveyance/gradient terms. |
   !> | 1998-04-16 | RAH | 4.2 | Allowed `ZI < ZX` in the call to [[qweir]]. |
   !> | 1998-04-27 | RAH | 4.2 | Removed element/face arguments, added cross-section table inputs, and updated [[occode]] argument order. |
   !> | 1998-07-30 | RAH | 4.2 | Protected against zero-depth exponentiation. |
   !> | 2026-04-11 | SvB | - | Default-initialized `FROMQ`/`FROMDQ` to zero at entry to prevent returning uninitialized values for boundary types not covered by Part 1. |
   !> @endhistory"
OCQBNK,subroutine,src/overland_channel/OCmod2.f90,OCmod2,833,904,751,751,False,src/overland_channel/oc_discharge.f90,oc_discharge,"Face discharge for grid, link, bank, confluence and weir flow.",1,src/overland_channel/OCQDQMOD.F90,0,,"!> Calculates exchange flow and derivatives between a channel link and a bank element.
   !>
   !> Depending on bank-full and ground elevations, the exchange is
   !> represented by a resistance relation or by weir-like overflow across the
   !> bank crest.
   !>
   !> The manual describes bank elements as narrow strips beside every
   !> channel link when the bank component is active, and defines bankfull
   !> elevation from the final depth in the channel cross-section table. This
   !> routine uses that bankfull level (`ZBG(0)`) and adjacent bank/ground
   !> level (`ZBG(1)`) to choose the exchange formulation. Entry requirements
   !> retained from the legacy routine are
   !>
   !> \[
   !> W \ge 0,\qquad LI_0+LI_1>0.
   !> \]
   !>
   !> Subscript `0` is the channel link and subscript `1` is the bank/land
   !> element. The higher and lower water levels are identified from
   !>
   !> \[
   !> \Delta z=ZI_1-ZI_0,\qquad
   !> HI=\frac{1+\operatorname{nint}(\operatorname{sign}(\Delta z))}{2},
   !> \qquad LO=1-HI.
   !> \]
   !>
   !> If the adjacent ground is at or above bankfull (`ZBG(1) >= ZBG(0)`),
   !> exchange is computed with the resistance-flow relation. The effective
   !> head difference prevents flow from the lower side until it is above
   !> bankfull:
   !>
   !> \[
   !> \Delta z^\* = |\Delta z|+\min(ZI_{LO}-ZBG_0,0).
   !> \]
   !>
   !> The hydraulic depth is taken from the upstream/higher side,
   !> \(H_m=ZI_{HI}-ZBG_{HI}\), and the width-weighted Strickler factor is
   !>
   !> \[
   !> K_W =
   !> W\,\frac{STR_0LI_0+STR_1LI_1}{LI_0+LI_1}.
   !> \]
   !>
   !> With \(L=LI_0+LI_1\), [[conveyan]] is called with `ty=1` to evaluate
   !> \(C=K_WH_m^{5/3}\) away from the near-zero smoothing branch. The branch
   !> flow from `HI` to `LO` is
   !>
   !> \[
   !> Q_{LO}=C\,\frac{\sqrt{\Delta z^\*}}{\sqrt{L}}.
   !> \]
   !>
   !> Derivatives are assembled from the conveyance derivative and the
   !> square-root head term, using the same `DZMIN`/`RDZMIN` smoothing as the
   !> other OC resistance-flow routines.
   !>
   !> If bankfull is above the adjacent ground (`ZBG(1) < ZBG(0)`), the bank
   !> exchange is treated as a flat-crested weir over sill `ZBG(0)`:
   !>
   !> \[
   !> COEFF_1=\sqrt{2g}\,W,\qquad COEFF_2=0.386\,COEFF_1,
   !> \]
   !>
   !> and [[qweir]] supplies the flow and derivatives. In both branches the
   !> paired outputs are made conservative:
   !>
   !> \[
   !> Q_{HI}=-Q_{LO},\qquad
   !> DQ_{HI,HI}=-DQ_{LO,HI},\qquad
   !> DQ_{HI,LO}=-DQ_{LO,LO}.
   !> \]
   !>
   !> @history
   !>
   !> | Date | Author | Version | Description |
   !> |:-----|:-------|:--------|:------------|
   !> | 1992-06 | GP | 3.4 | Fixed the no-flow case to zero weir derivatives rather than unrelated derivative variables. |
   !> | 1994-10-03 | RAH | 3.4.1 | Brought implicit double-precision assumptions from `SPEC.AL` into the routine context. |
   !> | 1998-04-06 | RAH | 4.2 | Removed local `ALPHA`; replaced common-block inputs with arguments; replaced scalar flow/derivative outputs with arrays; removed redundant `DDDZ`; introduced conservative `HI`/`LO` handling; replaced inlined weir code with [[qweir]], fixing drowned and undrowned derivative/flow errors. |
   !> | 1998-04-08 | RAH | 4.2 | Renamed channel length argument to `W`, made flow lengths an argument array, reordered statements, used `H23MIN`/`CONVMM`, and added `DZL`. |
   !> | 1998-07-30 | RAH | 4.2 | Protected against zero-depth exponentiation. |
   !> | 2026-04-11 | SvB | - | Isolated the `QWEIR` sill-branch output from the `DQ` array through local `RDUM` to avoid aliasing the array element being written. |
   !> @endhistory"
OCQGRD,subroutine,src/overland_channel/OCmod2.f90,OCmod2,996,1064,906,906,False,src/overland_channel/oc_discharge.f90,oc_discharge,"Face discharge for grid, link, bank, confluence and weir flow.",1,src/overland_channel/OCQDQMOD.F90,0,,"!> Calculates overland flow and derivatives between two land elements.
   !>
   !> The routine applies no-flow handling for impermeable boundaries and
   !> otherwise uses the local water-surface gradient, effective width, flow
   !> length, and Strickler roughness to compute paired conservative face
   !> fluxes.
   !>
   !> Entry requirements retained from the legacy routine are
   !>
   !> \[
   !> W>0,\qquad ZI_i \ge ZGI_i,\qquad LI_i>0,\qquad STR_i\ge 0
   !> \quad (i=0,1).
   !> \]
   !>
   !> For an internal impermeable boundary (`NTYPE=1`), both paired flows and
   !> all derivatives are zero. Otherwise, the routine identifies the higher
   !> and lower water levels from
   !>
   !> \[
   !> \Delta z = ZI_1-ZI_0,\qquad
   !> HI=\frac{1+\operatorname{nint}(\operatorname{sign}(\Delta z))}{2},
   !> \qquad LO=1-HI,
   !> \]
   !>
   !> and uses the positive head difference \(|\Delta z|\). The hydraulic
   !> depth is taken from the higher-side element,
   !>
   !> \[
   !> H_m=ZI_{HI}-ZGI_{HI},
   !> \]
   !>
   !> and the width-weighted Strickler factor is averaged over the two flow
   !> path lengths:
   !>
   !> \[
   !> K_W =
   !> W\,\frac{STR_0LI_0+STR_1LI_1}{LI_0+LI_1}.
   !> \]
   !>
   !> Because roughness is length-averaged, the resulting conveyance is not a
   !> strictly upstream-only quantity even though the hydraulic depth is
   !> taken from the higher-side element.
   !>
   !> With \(L=LI_0+LI_1\), [[conveyan]] is called with `ty=1`; away from the
   !> near-zero smoothing branch this gives
   !>
   !> \[
   !> C=K_WH_m^{5/3}.
   !> \]
   !>
   !> The flow into the lower element is
   !>
   !> \[
   !> Q_{LO}=C\,\frac{\sqrt{|\Delta z|}}{\sqrt{L}},
   !> \]
   !>
   !> and the opposite flow is enforced conservatively:
   !>
   !> \[
   !> Q_{HI}=-Q_{LO}.
   !> \]
   !>
   !> The derivative terms use the conveyance derivative and a smoothed
   !> square-root head term:
   !>
   !> \[
   !> C^\*=C+C_H\max(DZMIN,|\Delta z|),\qquad
   !> D=\frac{1}{2}\frac{C^\*}{\max(RDZMIN,\sqrt{|\Delta z|})}.
   !> \]
   !>
   !> The lower-row derivatives are
   !>
   !> \[
   !> DQ_{LO,HI}=\frac{C_H\sqrt{|\Delta z|}+D}{\sqrt{L}},\qquad
   !> DQ_{LO,LO}=-\frac{D}{\sqrt{L}},
   !> \]
   !>
   !> and the higher-row derivatives are the negative of these values, so
   !> `Q(1)=-Q(0)` and `DQ(1,i)=-DQ(0,i)`.
   !>
   !> @history
   !>
   !> | Date | Author | Version | Description |
   !> |:-----|:-------|:--------|:------------|
   !> | 1994-10-03 | RAH | 3.4.1 | Brought implicit double-precision assumptions from `SPEC.AL` into the routine context. |
   !> | 1998-03-31 | RAH | 4.2 | Removed local `ALPHA`; replaced element/face/common inputs with explicit width, length, level, roughness, and elevation arguments; replaced scalar flow/derivative outputs with arrays; removed redundant arguments and locals; added `HI`/`LO` direction handling and generic intrinsics. |
   !> | 1998-04-27 | RAH | 4.2 | Reordered arguments for `OCQDQ` and replaced local roughness-width handling with `STRW = STRM*W`. |
   !> | 1998-07-30 | RAH | 4.2 | Protected against zero-depth exponentiation. |
   !> | 2026-04-11 | SvB | - | Replaced the explicit `DO`-loop zeroing of `Q`/`DQ` on the impermeable-boundary branch with whole-array assignment. |
   !> @endhistory"
OCQLNK,subroutine,src/overland_channel/OCmod2.f90,OCmod2,1149,1235,1066,1066,False,src/overland_channel/oc_discharge.f90,oc_discharge,"Face discharge for grid, link, bank, confluence and weir flow.",1,src/overland_channel/OCQDQMOD.F90,0,,"!> Calculates flow and derivatives between two channel links.
   !>
   !> Link-link exchange can be controlled by an internal weir, by a ZQ
   !> stage-discharge table, or by channel conveyance of the upstream link.
   !> The returned `Q` and `DQ` arrays are antisymmetric for the two connected
   !> links.
   !>
   !> The routine first identifies the higher and lower water levels:
   !>
   !> \[
   !> \Delta z=ZI_1-ZI_0,\qquad
   !> HI=\frac{1+\operatorname{nint}(\operatorname{sign}(\Delta z))}{2},
   !> \qquad LO=1-HI.
   !> \]
   !>
   !> Internal weir links (`NTYPE=7`) use the weir coefficient, submergence
   !> ratio, and sill elevation stored in `COCBCD(1:3)`. The code calls
   !> [[qweir]] with the upstream level `ZI(HI)`, sill `ZSILL`, and downstream
   !> level `ZI(LO)`, then stores the returned derivatives for the high- and
   !> low-level arguments.
   !>
   !> Reservoir/ZQ links (`NTYPE=12`) use the configured ZQ table rather than
   !> the conveyance formula:
   !>
   !> \[
   !> Q_{LO}=ZQ(ZI_{HI}),
   !> \]
   !>
   !> through `get_ZQTable_value`. The current derivative approximation is
   !>
   !> \[
   !> DQ_{LO,HI}=50\cdot1.5\sqrt{\max(ZI_{HI}-ZQWeirSill,0)},\qquad
   !> DQ_{LO,LO}=0.
   !> \]
   !>
   !> @warning
   !> The ZQ derivative is not derived from the tabulated rating curve. The
   !> source comment notes that this approximation was suitable for the
   !> Crummock case and should be stability-tested during step changes,
   !> especially for small-area reservoirs.
   !> @endwarning
   !>
   !> All other link-link exchanges use upstream-link channel conveyance.
   !> With \(L=LI_0+LI_1\), [[occode]] supplies upstream conveyance \(C\) and
   !> derivative \(C_H\), using the cross-section table indexed by
   !> `JXSWORK(HI)`. The flow into the lower link is
   !>
   !> \[
   !> Q_{LO}=C\,\frac{\sqrt{|\Delta z|}}{\sqrt{L}},
   !> \]
   !>
   !> with derivative smoothing
   !>
   !> \[
   !> C^\*=C+C_H\max(DZMIN,|\Delta z|),\qquad
   !> D=\frac{1}{2}\frac{C^\*}{\max(RDZMIN,\sqrt{|\Delta z|})},
   !> \]
   !>
   !> \[
   !> DQ_{LO,HI}=\frac{C_H\sqrt{|\Delta z|}+D}{\sqrt{L}},\qquad
   !> DQ_{LO,LO}=-\frac{D}{\sqrt{L}}.
   !> \]
   !>
   !> The paired outputs are then made conservative:
   !>
   !> \[
   !> Q_{HI}=-Q_{LO},\qquad
   !> DQ_{HI,HI}=-DQ_{LO,HI},\qquad
   !> DQ_{HI,LO}=-DQ_{LO,LO}.
   !> \]
   !>
   !> @history
   !>
   !> | Date | Author | Version | Description |
   !> |:-----|:-------|:--------|:------------|
   !> | 1994-10-03 | RAH | 3.4.1 | Brought implicit double-precision assumptions from `SPEC.AL` into the routine context. |
   !> | 1998-02-25 | RAH | 4.2 | Swapped `COCBCD` subscripts to match `SPEC.OC`. |
   !> | 1998-02-26 | RAH | 4.2 | Changed weir coefficient handling to an array through [[qweir]]. |
   !> | 1998-04-03 | RAH | 4.2 | Removed local `ALPHA`; replaced common-block inputs with arguments; replaced scalar outputs with arrays; simplified conveyance/derivative locals; skipped conveyance calculation for internal weirs; introduced `HI`/`LO` branch handling; used smoothed derivative terms. |
   !> | 1998-04-24 | RAH | 4.2 | Removed element arguments, added cross-section table/roughness/width/area inputs, and updated [[occode]] argument order. |
   !> | 2020-05-20 | SB | - | Added ZQ-table reservoir/channel link branch using `get_ZQTable_value`. |
   !> | 2026-04-11 | SvB | - | Isolated the `QWEIR` sill-branch output from the `DQ` array through local `RDUM` to avoid aliasing the array element being written. |
   !> @endhistory"
OCQMLN,subroutine,src/overland_channel/OCmod2.f90,OCmod2,1320,1389,1237,1237,False,src/overland_channel/oc_discharge.f90,oc_discharge,"Face discharge for grid, link, bank, confluence and weir flow.",1,src/overland_channel/OCQDQMOD.F90,0,,"!> Calculates confluence flows and derivatives for a multi-link junction.
   !>
   !> For each active branch the routine evaluates conveyance and derivative,
   !> solves the junction balance with [[ocnode]], and perturbs branch levels
   !> to populate the derivative matrix used by the OC flow solver.
   !>
   !> Define the active branch set as
   !>
   !> \[
   !> \mathcal{A}=\{j\in\{0,1,2,3\}: JEL2_j>0\}.
   !> \]
   !>
   !> Entry requirements retained from the legacy routine are:
   !>
   !> | Requirement | Meaning |
   !> |:------------|:--------|
   !> | `NXSCEE >= 1` | Cross-section lookup tables have at least one row. |
   !> | `PRI >= 0` and formatted output open | Diagnostics can be written by the confluence solver. |
   !> | `LI(j) >= 0` for \(j\in\mathcal{A}\) | Branch lengths are non-negative. |
   !> | `ZI(j) >= ZGI(j)` for \(j\in\mathcal{A}\) | Branch water level is not below bed/ground level. |
   !> | `STR(j)`, `CW(j)`, `XA(j)`, and full-table depth are positive for \(j\in\mathcal{A}\) | Conveyance can be evaluated. |
   !> | `XSTAB(1,i,j)` is uniformly spaced and `XSTAB(2,i,j) >= 0`, `XSTAB(3,i,j) > 0` | Lookup table assumptions used by [[occode]]. |
   !>
   !> For each active branch, the routine sets
   !>
   !> \[
   !> ROOTLI_j=\sqrt{LI_j},
   !> \]
   !>
   !> and uses [[occode]] to calculate conveyance \(C_j\) and derivative
   !> \(C'_j\) at the branch water level. Inactive branches have `ROOTLI=0`,
   !> which [[ocnode]] uses as the absent-branch flag.
   !>
   !> The branch flows are obtained by solving the node balance
   !>
   !> \[
   !> \sum_{j=0}^{3} Q_j = 0
   !> \]
   !>
   !> through [[ocnode]]. The returned flows satisfy conservation to working
   !> precision, including the residual correction applied in [[ocnode]].
   !>
   !> Derivatives are evaluated by finite differences. For each active branch
   !> \(j\), the perturbation is
   !>
   !> \[
   !> \Delta z_j = \max(10^{-3},\ 10^{-2}(ZI_j-ZGI_j)).
   !> \]
   !>
   !> The routine temporarily raises only branch `j`, recomputes its
   !> conveyance and derivative, resolves the confluence, and stores
   !>
   !> \[
   !> DQIJ_{i,j} =
   !> \frac{Q_i(ZI_j+\Delta z_j)-Q_i(ZI_j)}{\Delta z_j},
   !> \qquad i=0,\ldots,3.
   !> \]
   !>
   !> Exit conditions retained from the legacy routine are:
   !>
   !> \[
   !> \sum_i QJ_i = 0,\qquad
   !> \sum_i DQIJ_{i,j}=0\quad \text{for each }j\in\mathcal{A}.
   !> \]
   !>
   !> Flow direction also follows the water levels: if one returned branch
   !> flow is positive and another is negative, the positive-flow branch is
   !> connected to a lower water level than the negative-flow branch.
   !>
   !> @history
   !>
   !> | Date | Author | Version | Description |
   !> |:-----|:-------|:--------|:------------|
   !> | 1993-07 | GP | 3.4 | Added `ZNODE` argument to [[ocnode]] and used it to set the old `ZOCMLN` value. |
   !> | 1994-10-03 | RAH | 3.4.1 | Brought implicit double-precision assumptions from `SPEC.AL` into the routine context. |
   !> | 1998-02-12 | RAH | 4.2 | Moved `WLMIN` into this routine, removed `ZNODE`/`ZOCMLN`, added explicit typing, removed unnecessary initialisation, merged loops, and recalculated branch conveyance only where needed for derivatives. |
   !> | 1998-02-20 | RAH | 4.2 | Updated [[ocnode]] call arguments for diagnostic element handling. |
   !> | 1998-02-24 | RAH | 4.2 | Replaced old element/face and common-block inputs with branch arrays, removed redundant outputs and locals, and stopped setting conveyance for null branches. |
   !> | 1998-02-25 | RAH | 4.2 | Removed redundant face input and used local `ZJ` so input `ZI` is not altered. |
   !> | 1998-03-18 | RAH | 4.2 | Obtained conveyance derivative `DI` from [[occode]] and passed it to [[ocnode]]. |
   !> | 1998-04-24 | RAH | 4.2 | Added roughness, width, area, and cross-section table arguments; updated [[occode]] arguments; added `ONEPC`; removed special single-wet-branch treatment. |
   !> | 2026-04-11 | SvB | - | Changed the derivative-perturbation call to `OCCODE` to pass the full `XSTAB(:,:,JXSWORK(J))` slice instead of a scalar element, matching the `OCCODE` array interface. |
   !> @endhistory"
CONVEYAN,subroutine,src/overland_channel/OCmod2.f90,OCmod2,1422,1491,1391,1391,False,src/overland_channel/oc_conveyance.f90,oc_conveyance,Channel conveyance and the depth thresholds it shares with the node solver.,1,src/overland_channel/OCmod.f90,0,,"!> Evaluates conveyance and derivative for OC resistance-flow formulae.
   !>
   !> `ty=0` and `ty=1` handle area-based and depth-width forms with a
   !> near-zero smooth polynomial branch for AD stability. `ty=2` handles
   !> channel cross-section extension above the tabulated range.
   !>
   !> Implemented branches:
   !>
   !> | `ty` | Required inputs | Conveyance for ordinary depths \(h \ge 10^{-3}\) m | Returned derivative |
   !> |:-----|:----------------|:---------------------------------------------------|:--------------------|
   !> | `0` | `str`, `h`, `xa` | \(C=str\,xa\,h^{2/3}\) | \(str\,h^{2/3}\,5/3\), as implemented |
   !> | `1` | `str`, `h` where `str=K W` | \(C=str\,h^{5/3}\) | \(str\,h^{2/3}\,5/3\) |
   !> | `2` | `str`, `h`, `xa`, `extra` | \(C=str\,xa\,h^{2/3}\) | \(C(extra/xa+2/(3h))\) |
   !>
   !> For `ty=0` and `ty=1`, depths below \(10^{-9}\) m return zero conveyance
   !> and derivative. For \(10^{-9} \le h < 10^{-3}\) m the implementation
   !> uses the cubic smoothing polynomial
   !>
   !> \[
   !> p(h)=\frac{10}{3}h^2(4-1000h),\qquad
   !> p'(h)=\frac{10}{3}h(8-3000h).
   !> \]
   !>
   !> In that smoothed range, `ty=1` returns `conv=str*p(h)` and
   !> `deriv=str*p'(h)`. `ty=0` returns `conv=str*p(h)*xa/h`, while `deriv`
   !> remains `str*p'(h)` exactly as implemented.
   !>
   !> @warning
   !> `xa` is required for `ty=0` and `ty=2`, and `extra` is required for
   !> `ty=2`; the routine does not test `PRESENT()` before using them.
   !> @endwarning"
QWEIR,subroutine,src/overland_channel/OCmod2.f90,OCmod2,1555,1603,1493,1493,False,src/overland_channel/oc_discharge.f90,oc_discharge,"Face discharge for grid, link, bank, confluence and weir flow.",0,,0,,"!> Calculates horizontal-crest weir flow and derivatives.
   !>
   !> The routine switches between no-flow, drowned, and undrowned conditions
   !> using upstream level, sill elevation, downstream level, coefficients,
   !> and the submergence ratio. Derivatives are returned for the upstream
   !> and downstream levels.
   !>
   !> Input meanings and restrictions are:
   !>
   !> | Variable | Meaning |
   !> |:---------|:--------|
   !> | `ZU` | Gauged upstream head or water level above the weir. |
   !> | `ZSILL` | Weir sill elevation. |
   !> | `ZL` | Gauged downstream head or water level below the weir. |
   !> | `COEFF(1)` | Drowned-weir discharge coefficient. |
   !> | `COEFF(2)` | Undrowned-weir discharge coefficient. |
   !> | `SUBRIO` | Submergence-ratio threshold for switching to drowned flow. |
   !>
   !> The expected entry conditions are `SUBRIO >= 0`, `COEFF(1:2) >= 0`, and
   !> `ZU >= ZL`. The legacy exit condition is `Q >= 0` and `DQU >= 0`.
   !>
   !> If the upstream level is below the sill, with the `DZMIN` tolerance, no
   !> flow is returned:
   !>
   !> \[
   !> Z_U < Z_s - DZMIN \quad\Rightarrow\quad Q = DQ_U = DQ_L = 0 .
   !> \]
   !>
   !> Otherwise the code forms the upstream sill head
   !> \(H_U = \mathrm{DIMJE}(Z_U,Z_s)\), the downstream sill head
   !> \(H_L = Z_L-Z_s\), and switches to the drowned branch when
   !> \(H_L > SUBRIO\,H_U\). For drowned flow,
   !>
   !> \[
   !> Q = C_d\,H_L\sqrt{Z_U-Z_L},
   !> \]
   !>
   !> with \(C_d=COEFF(1)\), and the returned linearisation terms are
   !>
   !> \[
   !> DQ_U =
   !> \frac{C_d\,\max(DZMIN,H_L)}
   !>      {2\max(RDZMIN,\sqrt{Z_U-Z_L})},
   !> \qquad
   !> DQ_L = C_d\sqrt{Z_U-Z_L} - DQ_U .
   !> \]
   !>
   !> For undrowned flow, with \(C_u=COEFF(2)\),
   !>
   !> \[
   !> Q = C_u\,H_U^{3/2},\qquad
   !> DQ_U = 1.5\,C_u\,\max(RDZMIN,\sqrt{H_U}),\qquad
   !> DQ_L = 0 .
   !> \]
   !>
   !> @history
   !>
   !> | Date | Author | Version | Description |
   !> |:-----|:-------|:--------|:------------|
   !> | 1998-02-26 | RAH | 4.2 | Made `COEFF` a two-entry array in [[qweir]] and callers; added explicit typing; zeroed outputs in no-flow cases; added generic intrinsics; added the missing drowned-flow downstream derivative term; replaced `ROOTDM` with `RDZMIN`/local terms. |
   !> | 1998-07-30 | RAH | 4.2 | Used `MAX` to keep `DQU` positive outside the no-flow case, added `DZMIN`/`DML`, and subtracted `DZMIN` from the sill in the no-flow criterion. |
   !> @endhistory"
OCFIX,subroutine,src/overland_channel/OCmod2.f90,OCmod2,1694,1902,1605,1605,False,src/overland_channel/oc_node_solver.f90,oc_node_solver,Per-node water-level solution and its accessors.,1,src/overland_channel/OCmod.f90,0,,"!> Applies final OC flow and depth consistency corrections after a timestep.
   !>
   !> `OCFIX` reduces small inconsistent flows, prevents flow against a
   !> non-negative water-surface gradient, and adjusts elevations
   !> conservatively where water depths fall below configured thresholds.
   !>
   !> The routine treats three post-solve consistency cases:
   !>
   !> | Case | Test | Correction |
   !> |:-----|:-----|:-----------|
   !> | Adverse gradient | An outflow from element `iel` goes toward a neighbour with `HRF(neighbour) >= HRF(iel)`. | Reduce the offending discharge until either the paired face flow is exhausted, the local outflow is exhausted, or a small favourable head difference `DZMIN` is restored. |
   !> | Negligible flow | `-QSA(iel,iface) < face_length * UHCRIT` for an outflow face. | Remove the small flow by adding `DQ = -QSA(iel,iface)`. |
   !> | Negligible or negative depth | `HRF(iel) - ZGRUND(iel) < HCRIT` but the depth is non-zero. | Reduce the signed set of contributing face flows and finally reset `HRF(iel)` to `ZGRUND(iel)`. |
   !>
   !> `QSA` is positive into an element, so candidate corrections mainly
   !> operate on negative `QSA` values. A discharge correction `DQ` is
   !> applied conservatively to water level through
   !>
   !> \[
   !> \Delta Z_{iel} = \frac{DTOC}{AREA_{iel}}\,\Delta Q .
   !> \]
   !>
   !> For a paired neighbour `jel`, the opposite face is adjusted by
   !>
   !> \[
   !> \Delta Q_{jel} =
   !> -\operatorname{sign}(\Delta Q_{iel})
   !>  \min\left(|\Delta Q_{iel}|, |QSA_{jel,jface}|\right),
   !> \qquad
   !> \Delta Z_{jel} = \frac{DTOC}{AREA_{jel}}\,\Delta Q_{jel}.
   !> \]
   !>
   !> For adverse-gradient corrections the candidate reduction is
   !>
   !> \[
   !> \Delta Q =
   !> \min\left(QSA_{jel,jface}, -QSA_{iel,iface},
   !> \frac{DZMIN + HRF_{jel} - HRF_{iel}}
   !>      {DTOC/AREA_{jel} + DTOC/AREA_{iel}}\right).
   !> \]
   !>
   !> The routine can make up to `NPASS=100` passes through all elements and
   !> faces. Warnings are issued when a created-depth adjustment exceeds
   !> `HERROR`, or when the criteria are still not satisfied after the final
   !> pass.
   !>
   !> The corrected quantities are the module arrays `HRFZZ` and `QSAZZ`,
   !> which the routine reads and updates in place. Nothing is staged into or
   !> out of caller-side buffers.
   !>
   !> `afromICMREF` and `afromICMRF2` retain the native two-dimensional
   !> topology layouts. Regular neighbours and reciprocal faces occupy
   !> `afromICMREF(:,5:8)` and `afromICMREF(:,9:12)`; confluence participants
   !> and their faces occupy `afromICMRF2(:,1:3)` and
   !> `afromICMRF2(:,4:6)`. This avoids duplicating the static topology before
   !> every call.
   !>
   !> Entry requirements retained from the legacy routine are:
   !>
   !> | Requirement | Meaning |
   !> |:------------|:--------|
   !> | `NEL >= 1`, `NELEE >= NEL` | Active element count must fit the compiled element extent. |
   !> | `DTOC > 0` | OC timestep must be positive. |
   !> | `PRI >= 0` and open for formatted output | Diagnostics can be written. |
   !> | `NLFEE >= 1`, `AREA(1:NEL) > 0` | Link extent and element areas must be valid. |
   !> | For every `iel=1:NEL`, `iface=1:4`, `ICMREF(iel,iface+4) <= NEL` | Regular neighbour elements must be in range. |
   !> | If `ICMREF(iel,iface+4) >= 1`, then `1 <= ICMREF(iel,iface+8) <= 4` | Regular neighbour face numbers must be valid. |
   !> | If `ICMREF(iel,iface+4) < 0`, with `ibr=-ICMREF(iel,iface+4)`, then `ibr <= NLFEE` | Confluence branch references must fit the link extent. |
   !> | For each confluence participant `pel=ICMRF2(ibr,p)` with `pel >= 1`, `pel <= NEL` and `1 <= ICMRF2(ibr,p+3) <= 4` | Confluence participant elements and faces must be valid, and at least one participant must exist. |
   !>
   !> @history
   !>
   !> | Date | Author | Version | Description |
   !> |:-----|:-------|:--------|:------------|
   !> | 1994-10-08 | RAH | 3.4.1 | Created from part of `OCSIM`; repeated element loop up to `NPASS`; changed zero critical velocity handling; fixed missing `DTOC` factor in water-level correction; included confluence-flow adjustments. |
   !> | 1998-01-15 | RAH | 4.2 | Added intrinsic declarations in the original source. |
   !> | 1998-06-17 | RAH | 4.2 | Restricted adverse-gradient and small-flow tests to discharges, clarified non-negative-gradient wording, replaced unreliable confluence tests, and made flow adjustments less severe. |
   !> | 1998-06-18 | RAH | 4.2 | Added diagnostic message details for any mass created or lost. |
   !> | 1998-06-23 | RAH | 4.2 | Merged flow and depth loops, with depth adjustment taking priority. |
   !> | 1998-06-24 | RAH | 4.2 | Made depth adjustments conservative, removed unset local references, swapped `HERROR` sign, and used it in error criteria. |
   !> | 1998-06-25 | RAH | 4.2 | Adjusted each `HRF(IEL)` once using an interim elevation array. |
   !> | 1998-07-29 | RAH | 4.2 | Increased `NPASS` from 50 to 100, introduced error `1060`, and replaced statement function `FNDXY` with array `DXY`. |
   !> | 1999-02-04 | SB | 4.27 | Modified `DQE0` to address small flows from lower to higher elements. |
   !> | 1999-02-08 | SB | 4.27 | Set `AOK = .FALSE.` in the final depth adjustment for the same small adverse-flow issue. |
   !> | 2020-07-08 | SB | 4.5 | Demoted the final error 1060 response from fatal to a warning, so the timestep-reduction flag (see `SGLOBAL:ERROR`) can take effect instead of stopping the run. |
   !> | 2026-04-06 | SvB | - | Replaced the labelled `DO`/`CYCLE`/`GOTO`-style pass, element, face, and confluence loops with named `pass_loop`/`element_loop`/`face_loop`/`confluence_loop` constructs using `EXIT`/`CYCLE`; replaced the per-element `HRF`/`QSA` copy loop with whole-array assignment; and unrolled the `rdum4` array-slice arguments to the two diagnostic `WRITE` statements. |
   !> | 2026-08-20 | - | - | Changed the topology arguments to the native `ICMREF(NELEE,12)` and `ICMRF2(NLFEE,6)` layouts, eliminating caller-side staging. |
   !> | 2026-08-22 | - | - | Dropped the `inhrf`/`GGGETHRF`/`inqsa`/`GGGETQSA` buffer arguments and corrected `HRFZZ`/`QSAZZ` in place, removing three round trips of the full OC state per timestep. |
   !> @endhistory"
ReadZQTable,subroutine,src/overland_channel/ZQmod.f90,ZQmod,115,300,70,70,False,src/overland_channel/zq_tables.f90,zq_tables,Reservoir and weir stage-discharge lookup tables.,1,src/frame/FRmod.f90,0,,"!---------------------------------------------------------------------------
!> Reads the user-defined reservoir ZQ table file.
!!
!! The routine reads the number of ZQ tables, scans each table to determine
!! its row and column count, allocates the module lookup arrays, rewinds the
!! file, then loads metadata and table values. Metadata include the table
!! reference, channel link, channel face, and sluice operation hour. Header
!! strings such as `ZQ>96.8` are converted to numeric stage thresholds and
!! stored in `headerRealArray`.
!!
!! Expected table layout:
!!
!! | File item | Code use |
!! |:----------|:---------|
!! | Number of tables | Allocates per-table metadata and lookup arrays. |
!! | Table reference | Read into `ZQTableRef` while loading each table. |
!! | Link and face | Stored in `ZQTableLink` and `ZQTableFace` for [[ocqdqmod:ocqdq]] dispatch. |
!! | Operation hour | Stored in `ZQTableOpHour`; controls when the active discharge column is reconsidered. |
!! | Header row | First column is stage `Z`; later columns are `ZQ>stage_threshold` discharge columns. |
!! | Data rows | Stage in column 1 and discharges in the selected lookup columns. |
!!
!! Input assumptions:
!!
!! | Assumption | Consequence in the code |
!! |:-----------|:------------------------|
!! | `ZQ>threshold` columns are in ascending threshold order. | `ZQweirSill` is taken from column 2 and column selection scans from high to low. |
!! | Stage rows are in ascending stage order. | [[get_ZQTable_value]] returns the first row with `Zu <= ZQ(row,1,table)`. |
!!
!! @note This routine has no dummy arguments. It reads from the globally
!! opened `zqd` unit, allocates module arrays, allocates ZQ metadata arrays
!! from `AL_D`, writes `output_readZQTable.txt`, closes `zqd`, and stops the
!! program through [[mod_error:errstat_read]] / [[mod_error:errstat_fileopen]]
!! if the log file cannot be opened or the table cannot be read.
!! @endnote
!!
!! @history
!! | Date | Author | Version | Description |
!! |:-----|:-------|:--------|:------------|
!! | 2020 | DH/SB | SHETRAN 4.4.6.Res2 | Added reservoir ZQ lookup-table support. |
!! | 2026-04-03 | SvB | | Replaced `GOTO`/labelled `STOP` error handling with `IOSTAT` checks and the internal `handle_zq_error` subroutine; made the header-token loops robust to runs of multiple spaces via `ADJUSTL`. |
!! | 2026-09-05 | SvB | - | Added STAT= and ERRMSG= reporting for all (de)allocations. |
!! | 2026-09-06 | SvB | - | Routed the log-file `OPEN` and every checked `READ` through the standardised [[mod_error]] status checks, reporting `IOSTAT`/`IOMSG`, and removed the internal `handle_zq_error` subroutine. |
!! | 2026-09-06 | SvB | - | Checked both `CLOSE` statements through [[mod_error:errstat_fileclose]]. |
!! @endhistory
!---------------------------------------------------------------------------"
get_ZQTable_value,function,src/overland_channel/ZQmod.f90,ZQmod,328,383,302,302,False,src/overland_channel/zq_tables.f90,zq_tables,Reservoir and weir stage-discharge lookup tables.,1,src/overland_channel/OCmod2.f90,0,,"!---------------------------------------------------------------------------
   !> Returns downstream discharge from a reservoir ZQ lookup table.
   !!
   !! The function selects the active discharge column for `ZQref` when a new
   !! operating day is crossed, using `ZQTableOpHour` and the current SHETRAN
   !! time. It then scans the stage column and returns the discharge value
   !! from the selected column. If `Zu` is above the largest checked row
   !! before a match is found, the current implementation assigns `-999` as a
   !! missing or out-of-range value.
   !!
   !! Column selection is stepwise: on a sluice-operation boundary the highest
   !! header threshold lower than the current upstream stage is selected and
   !! held until the next operation boundary. Row selection is also stepwise
   !! and does not interpolate between tabulated stages.
   !!
   !! @history
   !! | Date | Author | Version | Description |
   !! |:-----|:-------|:--------|:------------|
   !! | 2020 | DH/SB | SHETRAN 4.4.6.Res2 | Added reservoir ZQ lookup-table support; the routine was originally the `ZQTable` subroutine and was changed to the `get_ZQTable_value` function shortly afterwards. |
   !! @endhistory
   !!
   !! @note This routine uses `UZNOW`, `UZNEXT`, `ZQTableOpHour`,
   !! `headerRealArray`, `nZQcols`, `nZQrows`, `zcol`, and `ZQ` from module or
   !! imported state. The stage-discharge lookup is table based and does not
   !! interpolate.
   !! @endnote"
MAX_ACTIVE_ROW_WIDTH,function,src/overland_channel/oc_row_width.f90,OC_ROW_WIDTH,42,62,28,28,False,src/overland_channel/oc_indexing.f90,oc_indexing,"Row-solver ordering, row widths and link-number lookup.",1,src/overland_channel/OCmod.f90,0,,"!> @brief Returns the greatest row width described by a row-start pointer array.
!>
!> For a row-start array holding `N+1` pointers, the width of row `j` is
!>
!> \[
!> n_j = NROWST(j+1)-NROWST(j),
!> \]
!>
!> and the result is \(\max_j n_j\).
!>
!> Empty rows contribute zero, so they cannot raise the result. Fewer than two
!> pointers describe no row at all and give zero, as does an array whose
!> entries are not increasing; the caller is expected to treat a zero result as
!> a topology error rather than allocate from it."
INITIALISE_SYMAIN_WORKSPACE,subroutine,src/sediment/SYmod.f90,SYmod,232,284,207,207,False,src/sediment/sy_driver.f90,sy_driver,Sediment timestep driver and workspace allocation.,0,,0,,"!> Allocates [[symain]]'s work arrays once, on its first call.
!>
!> `SYMAIN` is the controlling routine for the sediment yield module and has no
!> separate `SYINI`-style initialisation entry point. Its first call,
!> identified by `PASS_symain == 1`, performs the sediment checks, input read,
!> and static initialisation. These arrays are needed during that first-pass
!> work and during every later timestep call.
!>
!> The arrays used to be automatic (stack) local arrays in `SYMAIN`, which
!> could overflow the stack for large models under Windows. They are now
!> module-level `ALLOCATABLE` work arrays that live on the heap, allocated
!> once here rather than costing an allocation on every sediment timestep.
!> `SYMAIN` overwrites or clears the arrays as needed before use.
!>
!> @note An intermediate version of this change made the arrays local
!> `ALLOCATABLE`s in `SYMAIN` but re-`ALLOCATE`d them, without a `DEALLOCATE`,
!> on every call; that would fail from the second `SYMAIN` call onwards. The
!> `IF (.NOT. ALLOCATED(...))` guard below was added to allocate only once.
!> @endnote
!>
!> @history
!>
!> | Date | Author | Version | Description |
!> |:-----|:-------|:--------|:------------|
!> | 2026-09-05 | SvB | - | Added STAT= and ERRMSG= reporting for all (de)allocations. |"
SYACKW,subroutine,src/sediment/SYmod.f90,SYmod,361,520,286,286,False,src/sediment/sy_transport_capacity.f90,sy_transport_capacity,"Transport-capacity, critical-shear and settling-velocity relations.",0,,0,,"!> Calculates Ackers-White channel transport capacity for non-fine sediment.
!>
!> This is the `ISACKW = 1` or `ISACKW = 2` channel-capacity option described
!> in the sediment manual. It is called by [[sycltr]] only for non-fine size
!> groups (`NFINE+1:NSED`); fine material is handled separately because the
!> manual limits fine channel capacity directly by `FPCRIT`.
!>
!> For a sediment diameter \(d\), relative submerged density
!> \(s - 1 = \rho_s / \rho_w - 1\), and kinematic viscosity \(\nu\), the
!> routine first forms the Ackers-White dimensionless grain size
!>
!> \[
!>   D_* = \max\left(1, \min\left(d\left({g(s-1)\over\nu^2}\right)^{1/3},
!>          10^{1/0.56}\right)\right).
!> \]
!>
!> For the standard Ackers-White option (`ISACKW = 1`), the per-size parameters
!> cached in `ACKW` are
!>
!> \[
!> \begin{aligned}
!>   n &= \max(1 - 0.56\log_{10}D_*, 0),\\
!>   A &= 0.14 + {0.23\over\sqrt{D_*}},\\
!>   m &= 1.34 + {9.66\over D_*},\\
!>   C &= 10^{(2.86-\log_{10}D_*)\log_{10}D_* - 3.53}.
!> \end{aligned}
!> \]
!>
!> For the Day modification (`ISACKW = 2`), the mobility threshold \(A\) is
!> recalculated for each link end from the current bed-size distribution:
!>
!> \[
!>   d_a = 1.62D_{50}\left({D_{16}\over D_{84}}\right)^{0.28},\qquad
!>   A_s = A(d_a)\left(0.6 + 0.4\sqrt{d_a/d_s}\right),
!> \]
!>
!> where \(D_{16}\), \(D_{50}\), and \(D_{84}\) are obtained from `DCBSED`
!> with [[sydr]], and \(d_s\) is the representative diameter of the current
!> size class.
!>
!> For each outflowing link end, with outflow \(Q\), water depth \(h\), mean
!> velocity \(U = Q/ARXL\), shear velocity \(u_*=\sqrt{\tau/\rho_w}\), and
!> \(U_g = U / \{\sqrt{32}\log_{10}(10h/d)\}\), the mobility and capacity are
!>
!> \[
!>   F = {u_*^n U_g^{1-n}\over\sqrt{g(s-1)d}},
!> \]
!>
!> \[
!>   G = d{Q\over h}C\max\left({F\over A}-1,0\right)^m
!>       \left({U\over u_*}\right)^n .
!> \]
!>
!> `GSED(link,sed)` accumulates \(G\) over the outflowing ends of each link.
!> Concentration caps, sediment velocity selection, and exchange with
!> suspended and bed material are applied later in [[sycltr]] and [[sylink]].
!>
!> @note Link ends are mapped onto `QOC` faces 1 and 3 for east-west links, or
!> faces 2 and 4 for north-south links. Only outflowing ends contribute to
!> `GSED`; non-outflowing ends leave the accumulated capacity unchanged.
!> @endnote
!>
!> @note The base of the capacity exponent \((F/A-1)\) is computed once as
!> `BASE` and the `**MAW` power and `GSED` accumulation are skipped entirely
!> when `BASE <= 0`. This is equivalent to the original
!> `DIMJE(F/A,1)**MAW`-based formula (which forces a zero contribution the
!> same way) but avoids evaluating a real power of a known-zero base.
!> @endnote
!>
!> @history
!> | Date | Author | Version | Description |
!> |:-----|:-------|:--------|:------------|
!> | 2026-04-06 | SvB | 4.6.1 | Removed `GOTO`-driven control flow; replaced the legacy statement functions `FDGR`/`FA` with internal `FUNCTION`s. |
!> | 2026-04-07 | SvB | 4.6.1 | Replaced the runtime ""first call"" caching of `K2_syackw`/`DGRMAX_syackw`/`ROOT32_syackw` with compile-time `PARAMETER`s; skipped the capacity exponentiation/accumulation when its base is non-positive (see the preceding note on `BASE`). |
!> @endhistory"
FDGR,function,src/sediment/SYmod.f90,SYmod,507,511,506,506,True,src/sediment/sy_transport_capacity.f90,sy_transport_capacity,"Transport-capacity, critical-shear and settling-velocity relations.",0,,0,,"!> Clamps a scaled diameter to the Ackers-White dimensionless grain-size range \([1,D_{*,max}]\)."
FA,function,src/sediment/SYmod.f90,SYmod,514,518,513,513,True,src/sediment/sy_transport_capacity.f90,sy_transport_capacity,"Transport-capacity, critical-shear and settling-velocity relations.",0,,0,,!> Ackers-White mobility-threshold parameter \(A\) for a given dimensionless grain size.
SYBC,subroutine,src/sediment/SYmod.f90,SYmod,528,530,522,522,False,src/sediment/sy_input.f90,sy_input,Reads and initialises the sediment data groups.,0,,0,,"!> Placeholder for time-varying sediment boundary flows.
!>
!> The current implementation is intentionally empty; boundary sediment fluxes
!> are instead handled through existing arrays and setup pathways in [[symain]].
!> The manual's `SY61`-`SY64` boundary records are therefore validated/read as
!> metadata, but no time-varying sediment boundary flux is applied here."
SYBED,subroutine,src/sediment/SYmod.f90,SYmod,576,663,532,532,False,src/sediment/sy_channel.f90,sy_channel,"Channel routing, bed layers and bank erosion.",0,,0,,"!> Updates stream-bed depth and composition after channel sediment routing.
!>
!> `SYBED` applies the manual's `DCBEDO` rule for the two channel-bed layers.
!> The inputs `DCIPRM` and `DDIPRM` are the interim post-routing depths of each
!> sediment size fraction in the upper active layer and the lower bed layer.
!> For each link, the routine first sums them to obtain interim layer depths
!>
!> \[
!>   D_c' = \sum_s DCIPRM_s,\qquad
!>   D_d' = \sum_s DDIPRM_s,\qquad
!>   D_{ls}^{new} = D_c' + D_d' .
!> \]
!>
!> The active upper-layer thickness is then limited by
!>
!> \[
!>   D_c^{new} = \min(D_{ls}^{new}, DCBEDO),
!> \]
!>
!> so excess upper-layer deposition is transferred to the lower layer, while
!> lower-layer material replenishes the upper layer after erosion where
!> available. The fractions of the interim upper and lower layers retained in
!> the new active layer are
!>
!> \[
!>   a_c = {\min(D_c',D_c^{new})\over D_c'},\qquad
!>   a_d = {D_c^{new}-\min(D_c',D_c^{new})\over D_d'},
!> \]
!>
!> with zero used when a denominator is zero. For each size class,
!>
!> \[
!>   DCBSED_s = a_c DCIPRM_s + a_d DDIPRM_s,\qquad
!>   DDBSED_s = DCIPRM_s + DDIPRM_s - DCBSED_s .
!> \]
!>
!> The routine also updates total bed depth `DLS`, accumulated bed-depth change
!> `ARBDEP = ARBDEP + CWIDTH*(DLS_new-DLS_old)`, active-layer depth `DCBED`,
!> and whole-bed composition `FBETA_s = (DCIPRM_s+DDIPRM_s)/DLS_new`.
!>
!> @note If the new total bed depth is zero, `FBETA` is not overwritten for that
!> link; it retains its previous values even though `DLS` and `DCBED` become
!> zero.
!> @endnote"
SYBKER,subroutine,src/sediment/SYmod.f90,SYmod,703,762,665,665,False,src/sediment/sy_channel.f90,sy_channel,"Channel routing, bed layers and bank erosion.",0,,0,,"!> Calculates lateral channel-bank erosion rates.
!>
!> This routine uses the manual's bank-soil properties: `NTSOBK` selects the
!> bank soil type, `BKB` is the channel-bank erodibility coefficient, `RHOSO`
!> is the bulk dry soil density, and `FPCLAY` is used only when `ISTEC = 1`
!> selects the clay-content critical-shear option in [[sycrit]].
!>
!> For each link, the flow shear stress `TAUK` is adjusted by an empirical bank
!> aspect-ratio coefficient. With water depth \(h\), channel width \(w\), and
!>
!> \[
!>   x = {1\over\max(0.25,h/w)},
!> \]
!>
!> the multiplier is
!>
!> \[
!>   k = 0.05
!>       + 0.41\min(x,1)
!>       + 0.22\min(\max(x-1,0),1)
!>       + 0.035\max(x-2,0).
!> \]
!>
!> The critical shear stress \(\tau_c\) is calculated by [[sycrit]] from the
!> bank-soil median diameter `DRSO50`, the selected `ISTEC` method, and the
!> current shear. The lateral bank-erosion rate is then
!>
!> \[
!>   GNUBK = {BKB\max(k\tau-\tau_c,0)\over \tau_c\,RHOSO}.
!> \]
!>
!> The released sediment source for the link accounts for both banks, the
!> bank-to-bed solid-volume conversion `FETA`, link length, and the wetted bank
!> height capped by bankfull depth:
!>
!> \[
!>   EPSB = 2\,FETA\,CLENTH\,GNUBK\,\min(h,DBFULL).
!> \]"
SYCLTR,subroutine,src/sediment/SYmod.f90,SYmod,837,1055,764,764,False,src/sediment/sy_transport_capacity.f90,sy_transport_capacity,"Transport-capacity, critical-shear and settling-velocity relations.",0,,0,,"!> Determines channel sediment transport capacity and advection coefficients.
!>
!> `SYCLTR` implements the manual's channel transport switches before channel
!> routing in [[sylink]]. Non-fine streamwise capacity `GSED` is calculated by
!> [[syengh]] when `ISACKW = 0`, or by [[syackw]] when `ISACKW = 1` or `2`.
!> Fine sediment capacity is not calculated by these formulae; for every fine
!> size group, the notional channel capacity concentration is set directly to
!> `FPCRIT`.
!>
!> The routine also builds the advection coefficients `QSDWAT` used to move
!> sediment with water through outflow faces. If `ISUSED = 0`, the manual's
!> water-speed option is used for every size class:
!>
!> \[
!>   QSDWAT_{s,f} = Q_f \qquad (Q_f > 0).
!> \]
!>
!> If `ISUSED = 1`, fine material still moves at the water speed, while each
!> non-fine fraction at link ends is limited by a shear-dependent velocity:
!>
!> \[
!>   QSDWAT_s =
!>   \min\left(
!>     {8.5\,ARXL\over\sqrt{\rho_w}}\,
!>     \sqrt{\max(\tau-\sqrt{\tau\tau_c},0)},\; Q
!>   \right),
!> \]
!>
!> where \(\tau_c\) is returned by [[sycrit]] using the Shields option for the
!> current particle diameter. `QSWSUM` accumulates these end-face coefficients
!> for use in converting discharge capacity into concentration capacity.
!>
!> For each non-fine fraction, capacity concentration is allocated using the
!> larger of a small background share, the existing suspended composition, and
!> the active-bed composition:
!>
!> \[
!>   f_s = \max\left(0.05,\,
!>                  {FDEL_s\over\sum_n FDEL_n},\,
!>                  {DCBSED_s\over DCBED}\right),
!> \]
!>
!> \[
!>   CONCI_s =
!>   \begin{cases}
!>     \min\left(FPCRIT,\; f_s\,GSED_s / QSWSUM_s\right), & QSWSUM_s > 0,\\
!>     0, & QSWSUM_s = 0.
!>   \end{cases}
!> \]
!>
!> For side outflows with `ISUSED = 1`, non-fine exchange is suppressed until
!> the notional concentration exceeds the manual overbank threshold `CONCOB`:
!>
!> \[
!>   QSDWAT_{s,side} =
!>   \begin{cases}
!>     Q_{side}{\max(CONCI_s-CONCOB,0)\over CONCI_s}, & CONCI_s > 0,\\
!>     0, & CONCI_s = 0.
!>   \end{cases}
!> \]
!>
!> @note `QSDWAT` entries are assigned only for outflow faces handled by this
!> routine. Callers should not interpret non-outflow entries as newly computed
!> values unless they have been cleared before the call.
!> @endnote
!>
!> @history
!> | Date | Author | Version | Description |
!> |:-----|:-------|:--------|:------------|
!> | 2026-04-05 | SvB | 4.6.1 | Replaced the `ALINIT` zeroing of `QSWSUM` and the per-fine-class `ALINIT` of `CONCI` with array-slice assignment. |
!> | 2026-04-06 | SvB | 4.6.1 | Removed `GOTO`-driven control flow. |
!> | 2026-04-07 | SvB | 4.6.1 | Replaced the runtime ""first call"" caching of `K1_sycltr` with a compile-time `PARAMETER`. |
!> @endhistory"
SYCOLM,subroutine,src/sediment/SYmod.f90,SYmod,1139,1296,1057,1057,False,src/sediment/sy_hillslope.f90,sy_hillslope,"Hillslope detachment, overland routing and fine-sediment exchange.",0,,0,,"!> Routes sediment in overland flow for one column element.
!>
!> `SYCOLM` solves the overland-flow sediment balance for one land element over
!> one sediment time step. It works with the manual's non-dimensional mobile
!> concentration `FDEL`, loose-sediment depth `DLS`, loose-sediment composition
!> `FBETA`, loose-sediment porosity `PLS`, and total overland concentration
!> limit `FPCRIT`.
!>
!> For each face, positive `QWAT` is treated as outflow and negative `QWAT` as
!> inflow. With loose-sediment solid fraction
!>
!> \[
!>   f_{ls} = 1 - PLS ,
!> \]
!>
!> incoming particulate fluxes are converted to settled-volume units as
!>
!> \[
!>   q_s^{in} = -\sum_{Q_f \le 0}{QSEDE_{s,f}\over f_{ls}} .
!> \]
!>
!> The water volume available for storage plus outgoing transport is
!>
!> \[
!>   V_w = DWAT1\,AREAE + \Delta t\sum_{Q_f>0} Q_f .
!> \]
!>
!> New detachment from ground-surface erosion is added as
!>
!> \[
!>   \Delta D_{ls} = FETA\,GNU\,\Delta t ,
!> \]
!>
!> and the available settled sediment volume for size class \(s\) is
!>
!> \[
!>   V_s =
!>   \left(FDEL_s^{old}DWATO + DLS\,FBETA_s
!>         + \Delta D_{ls}SOSDF_s\right)AREAE
!>   + q_s^{in}\Delta t .
!> \]
!>
!> The supply-limited total particulate discharge rate is
!>
!> \[
!>   G_{supply} = f_{ls}\left(\sum_s V_s\right)
!>                {\sum_{Q_f>0}Q_f\over V_w},
!> \]
!>
!> while the capacity-limited rate is the overland transport capacity from
!> [[syovtr]], additionally bounded by the manual's total mobile concentration
!> limit:
!>
!> \[
!>   G_{cap} = \min(G_{SYOVTR},\,FPCRIT\sum_{Q_f>0}Q_f).
!> \]
!>
!> The transported fraction is therefore
!>
!> \[
!>   a = {\min(G_{cap},G_{supply})\over G_{supply}},
!> \]
!>
!> with `a = 0` when no sediment or no carrying water is available. Outputs are
!> then updated as
!>
!> \[
!>   DLS^{new} = {(1-a)\sum_s V_s\over AREAE},\qquad
!>   FDEL_s^{new} = {aV_s\over V_w},
!> \]
!>
!> \[
!>   QSEDE_{s,f}^{out} = f_{ls}Q_fFDEL_s^{new}\quad(Q_f>0).
!> \]
!>
!> If no loose sediment remains, `FBETA` is reset to the surface-soil
!> composition `SOSDF`; otherwise it is set from the remaining `V_s` mix.
!>
!> @note `QSEDE` is updated only for faces listed as outflows in this call.
!> Inflow and no-flow faces are read as incoming fluxes but are not cleared or
!> overwritten before return.
!> @endnote"
SYCRIT,subroutine,src/sediment/SYmod.f90,SYmod,1353,1401,1298,1298,False,src/sediment/sy_transport_capacity.f90,sy_transport_capacity,"Transport-capacity, critical-shear and settling-velocity relations.",0,,0,,"!> Calculates critical shear stress for incipient sediment motion.
!>
!> `SYCRIT` implements the two critical-shear options referenced by the
!> sediment manual's `ISTEC` switch. Callers pass `FLAG = 1` for the simple
!> clay-content relation, and any other value for the Shields-style relation.
!>
!> With `FLAG = 1`, the critical shear stress is calculated directly from the
!> fractional clay content `FPCLAE`:
!>
!> \[
!>   \tau_c = 0.493\exp\left(1.83\ln(10)\,FPCLAE\right).
!> \]
!>
!> Otherwise, the routine computes a particle Reynolds number using the current
!> applied shear `TAUX`, representative diameter `DRX50`, water density
!> \(\rho_w\), and kinematic viscosity \(\nu\):
!>
!> \[
!>   R_* =
!>   \max\left(0.03,\min\left({DRX50\sqrt{TAUX}\over\sqrt{\rho_w}\nu},
!>   400\right)\right).
!> \]
!>
!> A coefficient pair \((a,b)\) is selected from the interval containing
!> \(R_*\):
!>
!> | Range of \(R_*\) | \(a\) | \(b\) |
!> |:-----------------|:------|:------|
!> | \(0.03 \le R_* \le 1\) | 0.1 | -0.3 |
!> | \(1 < R_* \le 6\) | 0.1 | -0.62 |
!> | \(6 < R_* \le 30\) | 0.033 | 0 |
!> | \(30 < R_* \le 135\) | 0.013 | 0.28 |
!> | \(135 < R_* \le 400\) | 0.03 | 0.1 |
!>
!> The Shields-style critical stress is then
!>
!> \[
!>   \tau_c = a(\rho_s-\rho_w)g\,DRX50\,R_*^b .
!> \]
!>
!> `TAUX` is used only to place the particle in the appropriate \(R_*\) class;
!> the returned value is `TAUEC`.
!>
!> @note The `IS` class index is still selected with the original branchless
!> `SF(RSTR,R)=0.5-\mathrm{sign}(0.5,R-RSTR)` switch function, summed over the
!> four interval boundaries, rather than an `IF`/`ELSE IF` chain: an
!> intermediate modernisation replaced it with branches and was reverted for
!> performance, restoring this original form.
!> @endnote
!>
!> @history
!> | Date | Author | Version | Description |
!> |:-----|:-------|:--------|:------------|
!> | 2026-04-07 | SvB | 4.6.1 | Replaced the runtime ""first call"" caching of `K1_sycrit`/`K2_sycrit`/`K3_sycrit` with compile-time `PARAMETER`s, and replaced the legacy `DATA`-initialised `AEC`/`BEC` arrays with array constructors. |
!> @endhistory"
SYDR,function,src/sediment/SYmod.f90,SYmod,1446,1517,1403,1403,False,src/sediment/sy_transport_capacity.f90,sy_transport_capacity,"Transport-capacity, critical-shear and settling-velocity relations.",0,,0,,"!> Returns a percentile grain diameter from a discrete size distribution.
!>
!> `SYDR` is used where the sediment routines need a representative diameter
!> from a discrete size distribution, for example bed-material \(D_{16}\),
!> \(D_{50}\), and \(D_{84}\) in [[syackw]], or soil median diameter in
!> [[syinit]]. `D(1:N)` contains the particle diameters. The corresponding
!> distribution weights are read from `F`, but only every `INCF`-th element is
!> relevant:
!>
!> \[
!>   w_i = F(1 + (i-1)INCF),\qquad d_i = D(i).
!> \]
!>
!> `FSED` is the requested fraction in the range 0-1 rather than a percentage.
!> The code treats the discrete distribution as values located at the supplied
!> diameters and integrates with trapezoidal midpoints. With total weight
!> \(W=\sum_i w_i\), it searches for the first interval whose doubled
!> cumulative midpoint sum exceeds
!>
!> \[
!>   2FSED\,W .
!> \]
!>
!> It then linearly interpolates between the two bracketing diameters:
!>
!> \[
!>   d = d_{hi} - (d_{hi}-d_{lo}){S-2FSED\,W\over w_{lo}+w_{hi}},
!> \]
!>
!> where \(S\) is the doubled cumulative midpoint sum at the selected interval.
!> A zero requested fraction or null distribution returns zero.
!>
!> @note The routine assumes the supplied distribution weights are non-negative
!> and ordered with increasing diameters. It does not normalise or validate the
!> weights; upstream input checks are responsible for valid sediment
!> distributions.
!> @endnote
!>
!> @history
!> | Date | Author | Version | Description |
!> |:-----|:-------|:--------|:------------|
!> | 2026-04-06 | SvB | 4.6.1 | Replaced the `GOTO`-driven search loop with `EXIT search_loop`. |
!> @endhistory"
SYENGH,subroutine,src/sediment/SYmod.f90,SYmod,1555,1622,1519,1519,False,src/sediment/sy_transport_capacity.f90,sy_transport_capacity,"Transport-capacity, critical-shear and settling-velocity relations.",0,,0,,"!> Calculates Engelund-Hansen channel transport capacity.
!>
!> This is the `ISACKW = 0` channel-capacity option used by [[sycltr]]. As in
!> the manual, it applies only to non-fine sediment fractions
!> (`NFINE+1:NSED`); fine sediment is capacity-limited separately by `FPCRIT`.
!>
!> The routine zeroes `GSED`, then loops over the two link ends and adds a
!> contribution only where the selected face is outflowing and the link is wet.
!> Link orientation is handled through `LINKNS`, so the upstream/downstream end
!> is mapped to the correct `QOC` and `SLOPEJ` face.
!>
!> For each outflowing end, with discharge \(Q\), bed slope \(S\), channel
!> width \(w\), water depth \(h\), representative particle diameter \(d_s\),
!> and relative submerged density \(R=\rho_s/\rho_w-1\), the implemented
!> Engelund-Hansen capacity increment is
!>
!> \[
!>   \Delta G_s =
!>   {0.05\,Q^2S^{3/2}\over \sqrt{g}\,R^2\,w\sqrt{h}\,d_s}.
!> \]
!>
!> `GSED(link,s)` is the sum of \(\Delta G_s\) over outflowing ends of that
!> link. [[sycltr]] later converts this streamwise discharge capacity into a
!> notional concentration capacity and applies `FPCRIT`.
!>
!> @note The implemented formula uses `SLOPEJ**1.5` directly for each outflowing
!> end. It relies on the upstream water-interface calculations and validation to
!> provide non-negative channel slopes for active outflows.
!> @endnote
!>
!> @history
!> | Date | Author | Version | Description |
!> |:-----|:-------|:--------|:------------|
!> | 2026-04-05 | SvB | 4.6.1 | Replaced the `ALINIT` zeroing of `GSED` with a whole-array slice assignment. |
!> | 2026-04-07 | SvB | 4.6.1 | Replaced the runtime ""first call"" caching of `KG_syengh` with a compile-time `PARAMETER`. |
!> @endhistory"
SYERR0,subroutine,src/sediment/SYmod.f90,SYmod,1648,1750,1624,1624,False,src/sediment/sy_validation.f90,sy_validation,Consistency checks on sediment input and state.,0,,0,,"!> Checks scalar dimensions and file units passed through the water-sediment interface.
!>
!> `SYERR0` is the first consistency guard for the sediment component. It
!> verifies that the static workspace dimensions supplied by the water model can
!> contain the sediment arrays before any `SY` input is read or state is
!> initialised.
!>
!> The checks require:
!>
!> | Quantity | Required relation |
!> |:---------|:------------------|
!> | `NELEE` | `>= max(NEL,NV,NX*NY)` |
!> | `NLFEE` | `>= max(1,NLF)` |
!> | `NLYREE`, `NSEDEE` | both `> 0` |
!> | `NSEE` | `>= NS` |
!> | `NVEE` | `>= NV` |
!> | `NXEE` | `>= NX` and `<= 9999` |
!> | `SPR`, `SYD` | both non-negative unit numbers |
!> | `NLF` | `0 <= NLF < NEL` |
!> | `NS`, `NV`, `NX`, `NY` | all `> 0` |
!>
!> Each failed relation is reported through `ALCHKI` on the sediment print unit
!> `SPR`. If any failures are found, the routine raises fatal error 2000 before
!> returning."
SYERR1,subroutine,src/sediment/SYmod.f90,SYmod,1787,2070,1752,1752,False,src/sediment/sy_validation.f90,sy_validation,Consistency checks on sediment input and state.,0,,0,,"!> Checks static water-flow arrays required by the sediment component.
!>
!> `SYERR1` validates the static and initial water-model data that the sediment
!> routines rely on after [[syerr0]] has confirmed the workspace dimensions.
!> These checks protect the later erosion, routing, and bed-update routines from
!> invalid topology, out-of-range soil/vegetation indices, and non-physical
!> geometry.
!>
!> Main validation groups:
!>
!> | Group | Checks performed |
!> |:------|:-----------------|
!> | Element indexing | `ICMXY` and, when banks exist, `ICMBK` define exactly the expected column/bank elements with unique element identities. |
!> | Face adjacency | `ICMREF` neighbours are in range and regular element faces reflect back to the originating element and face. |
!> | Branch adjacency | `ICMRF2` branch references are unique, in range, and mirrored consistently through `ICMREF`. |
!> | Bank-neighbour topology | Each banked link has at least one neighbouring grid element when explicit banks are enabled. |
!> | Soil state | `THSAT(soil) <= 1`. |
!> | Channel geometry | `CLENTH >= 0`, `CWIDTH > 0`, `ZBFULL >= ZGRUND`, and `ARXL >= 0` for each link. |
!> | Column geometry/state | `DXQQ > 0`, `DYQQ > 0`, `HRF >= ZGRUND`, valid `NLYR`, valid top-layer soil type `NTSOIL(iel,NLYR)`, and valid vegetation type `NVC`. |
!> | Element geometry | `AREA > 0` and all face distances `DHF > 0`. |
!>
!> @note Bank-neighbour checks use the bank face normal to the link:
!> `FACE = 2*BANK`, decremented for north-south links, and require at least
!> one active grid neighbour across the two banks of each channel link.
!> @endnote
!>
!> Each failed relation is reported through `ALCHK` or `ALCHKI` on the sediment
!> print unit `SPR`. If any failures are found, the routine raises fatal error
!> 2001 before returning.
!>
!> @history
!> | Date | Author | Version | Description |
!> |:-----|:-------|:--------|:------------|
!> | 2026-05-03 | SvB | 4.6.1 | Replaced an uninitialised local `IUNDEF` ""don't care"" argument to `ALCHK`/`ALCHKI` with an explicit `PARAMETER = 0`. |
!> @endhistory"
SYERR2,subroutine,src/sediment/SYmod.f90,SYmod,2111,2431,2072,2072,False,src/sediment/sy_validation.f90,sy_validation,Consistency checks on sediment input and state.,0,,0,,"!> Checks sediment input arrays and category assignments.
!>
!> `SYERR2` validates the sediment data read from the manual's `SY11`-`SY64`
!> input groups after the water-sediment interface has been checked. It also
!> normalises several scalar values through the local `IDUM`/`DUMMY` work arrays
!> after `ALCHK`/`ALCHKI` have applied bounds.
!>
!> Main validation groups:
!>
!> | Group | Checks performed |
!> |:------|:-----------------|
!> | Control scalars | `NEPS >= 1`, `FPCRIT >= 0`, `DLSMAX >= 0`, and enough `NELEE` workspace for sediment work arrays. |
!> | Channel-only controls | When links exist, `0 <= ISUSED <= 1`, `0 <= NFINE <= min(1,NSED-1)`, `ALPHA >= 0` if fines exist, and `DCBEDO >= 0`. |
!> | Particle sizes | `DRSED(1) > 0` and subsequent representative diameters are non-decreasing. |
!> | Soil properties | `GKR >= 0`, `GKF >= 0`, `RHOSO > 0`, `BKB >= 0` for channel runs, and each `SOSDFN` row is non-negative and sums to 1 within tolerance. |
!> | Vegetation/drip properties | `XDRIP >= 0`, `DRDRIP > 0`, and `FDRIP >= 0`. |
!> | Link properties | Bank soil type `NTSOBK` is in `1:NS`, and bed porosity satisfies `0 <= PBSED < 1`. |
!> | Column properties | `FCROCK <= 1`, `FCG <= 1-FCROCK`, and loose-sediment porosity `0 <= PLS < 1`. |
!> | Initial state | `DLS >= 0`, all `FBETA >= 0` with each element summing to 1, and all mobile concentrations `FDEL >= 0`. |
!> | Boundary metadata | If sediment boundary records exist, category storage is large enough, boundary elements and faces are valid external faces, category numbers are in range, `GBC >= 0`, `ABC >= 0`, `BBC > 0`, and selected boundary file/unit references are non-negative. |
!>
!> The manual notes that sediment boundary-condition routines are not yet
!> implemented; this routine still validates `SY61`-`SY64` metadata and rating
!> coefficients so invalid input is caught consistently. If any failures are
!> found, fatal error 2000 is raised before returning.
!>
!> @note The workspace check labelled `NELEE` compares the required sediment
!> workspace with `NXEE*NYEE` stored in `IDUM`, not directly with the `NELEE`
!> argument. Later guarded sections still use `NELEE` to avoid overrunning
!> local arrays.
!> @endnote
!>
!> @history
!> | Date | Author | Version | Description |
!> |:-----|:-------|:--------|:------------|
!> | 2026-05-04 | SvB | 4.6.1 | Changed the local `RDUM` workspace from an automatic array sized `NXEE*NYEE` to `ALLOCATABLE`, to reduce stack usage. |
!> | 2026-05-03 | SvB | 4.6.1 | Replaced an uninitialised local `IUNDEF` ""don't care"" argument to `ALCHK`/`ALCHKI` with an explicit `PARAMETER = 0`. |
!> | 2026-09-05 | SvB | - | Added STAT= and ERRMSG= reporting for all (de)allocations. |
!> @endhistory"
SYERR3,subroutine,src/sediment/SYmod.f90,SYmod,2471,2684,2433,2433,False,src/sediment/sy_validation.f90,sy_validation,Consistency checks on sediment input and state.,0,,0,,"!> Checks time-dependent water-flow values before a sediment timestep.
!>
!> `SYERR3` validates the current water-model state passed to the sediment
!> component. It is called at runtime, after the static interface checks, to
!> catch non-physical transient values and routing-order inconsistencies before
!> erosion and sediment advection use them.
!>
!> Main validation groups:
!>
!> | Group | Checks performed |
!> |:------|:-----------------|
!> | Time step | `DTUZ >= 0`. |
!> | Vegetation state | `CLAI >= 0` and `0 <= PLAI <= 1`. |
!> | Link state | `ARXL >= 0` for active links. |
!> | Column water inputs | `DRAINA >= 0` and `DRAINA <= PNETTO` within tolerance. |
!> | Element water level | `HRF >= ZGRUND`. |
!> | Flow consistency | Adjacent regular faces must not both discharge into each other (`status=1`), branch outflows must have a receiving neighbour (`status=2`), and donor elements must precede receptors in `ISORT`. |
!>
!> Face outflow is interpreted as
!>
!> \[
!>   Q_{out}(iel,face) = \operatorname{sign}(1,2-face)\,QOC(iel,face).
!> \]
!>
!> With the implemented Fortran `SIGN` rule, positive `QOC` is outflow on faces
!> 1 and 2, while negative `QOC` is outflow on faces 3 and 4.
!>
!> The routine builds `JSORT`, the inverse of `ISORT`, and `JMIN`, the earliest
!> receptor position required by each donor. Any flow-order failure is reported
!> with `ALCHKI`. If errors are found, the relevant transient arrays are written
!> to `SPR`, then error 2003 is raised before returning.
!>
!> @history
!> | Date | Author | Version | Description |
!> |:-----|:-------|:--------|:------------|
!> | 2026-04-06 | SvB | 4.6.1 | Replaced the `GOTO 640` non-discharge-face skip with `CYCLE element_loop`, and the legacy statement function used to evaluate face outflow with the internal `FUNCTION` `FNQOUT`. |
!> | 2026-05-03 | SvB | 4.6.1 | Replaced an uninitialised local `IUNDEF` ""don't care"" argument to `ALCHK`/`ALCHKI` with an explicit `PARAMETER = 0`. |
!> @endhistory"
FNQOUT,function,src/sediment/SYmod.f90,SYmod,2678,2682,2677,2677,True,src/sediment/sy_validation.f90,sy_validation,Consistency checks on sediment input and state.,0,,0,,"!> Outflow rate at one element/face, positive for outflow (see the routine's face-sign note)."
SYFINE,subroutine,src/sediment/SYmod.f90,SYmod,2747,2813,2686,2686,False,src/sediment/sy_hillslope.f90,sy_hillslope,"Hillslope detachment, overland routing and fine-sediment exchange.",0,,0,,"!> Evaluates fine-sediment settling, infiltration, and armouring limits.
!>
!> `SYFINE` implements the manual's special handling for the single fine
!> sediment fraction (`NFINE = 1`) in channel links. Fines are not assigned a
!> non-fine transport formula; instead [[sycltr]] limits their mobile
!> concentration by `FPCRIT`, and this routine supplies the settling,
!> infiltration, and armouring limits used later by [[sylink]].
!>
!> On the first call, the fine-particle settling velocity is cached from
!> Stokes' law:
!>
!> \[
!>   w_s = {d_f^2 g(\rho_s-\rho_w)\over 18\rho_w\nu},
!> \]
!>
!> where \(d_f\) is `DRSEDF`. For each link, [[sycrit]] is called with the
!> Shields option to obtain the fine-particle critical shear \(\tau_c\). The
!> amount of fine material that can be present in the active upper bed layer is
!>
!> \[
!>   VCFMAX =
!>   AREA\left[
!>     DCBF
!>     + FDELF\,w_s\,\Delta t\,
!>       {\max(\alpha\tau_c-\tau,0)\over \alpha\tau_c}
!>   \right],
!> \]
!>
!> with the settling increment omitted when \(\alpha\tau_c = 0\). This is the
!> existing fine depth in the upper layer plus the amount that can settle under
!> the manual ratio `ALPHA` of settling to resuspension critical shear.
!>
!> The armouring flag is set when bed shear is not strong enough to move the
!> fine material:
!>
!> \[
!>   BARM = (\tau \le \tau_c).
!> \]
!>
!> Potential infiltration into the lower bed layer is allowed only while the
!> fine fraction in the bed is below `FBIC`. If so, it is limited to the mobile
!> fine concentration above the manual threshold `FICRIT`, converted from pore
!> concentration using bed porosity:
!>
!> \[
!>   VINFMX =
!>   w_s\,AREA\,\Delta t\,
!>   \max\left(FDELF - {FICRIT\over 1-PBSED},0\right).
!> \]
!>
!> Otherwise `VINFMX` is zero.
!>
!> @note The settling velocity is saved after the first call. The caller must
!> treat `DRSEDF` as fixed for the simulation, which matches the static
!> sediment-size input.
!> @endnote
!>
!> @note `DUM` is passed to [[sycrit]] as its clay-fraction argument without
!> being set first. This is harmless: [[sycrit]] is called here with `FLAG=0`
!> (the Shields option), which never reads that argument.
!> @endnote"
SYINIT,subroutine,src/sediment/SYmod.f90,SYmod,2863,2990,2815,2815,False,src/sediment/sy_input.f90,sy_input,Reads and initialises the sediment data groups.,0,,0,,"!> Initialises sediment state arrays on the first SY pass.
!>
!> `SYINIT` builds the saved sediment state used by the first sediment time
!> step. It does not read input; it converts already checked SY and WAT arrays
!> into active-layer depths, old-water storage, and per-soil representative
!> sediment sizes.
!>
!> Initialisation groups:
!>
!> | Group | Action |
!> |:------|:-------|
!> | Erosion/source arrays | Zeros column surface erosion `GNU`, link bank erosion `GNUBK`, bed deposition accumulator `ARBDEP`, and infiltration accumulators `GINFD`/`GINFS`. |
!> | Flow-memory arrays | Copies current channel cross-sectional area `ARXL` to `ARXLOL`, sets bankfull depth `DBFULL = ZBFULL - ZGRUND`, and zeros every `QSED(:,sed,face)`. |
!> | Channel bed state | Splits each initial bed depth `DLS(link)` into an active upper layer limited by `DCBEDO` and a lower layer containing the remainder. |
!> | Land-column state | Stores initial surface-water depth `DWATOL = HRF - ZGRUND` for each non-channel element. |
!> | Soil-size summary | Uses [[sydr]] at percentile `0.5` to derive the median representative diameter `DRSO50(soil)` from `SOSDFN` and `DRSED`. |
!>
!> For channel links, the active and lower bed depths are
!>
!> \[
!>   DCBED = \min(DLS, DCBEDO),
!>   \qquad
!>   DDBED = \max(DLS-DCBED,0),
!> \]
!>
!> and each class receives its initial share through
!>
!> \[
!>   DCBSED_s = DCBED\,FBETA_s,
!>   \qquad
!>   DDBSED_s = DDBED\,FBETA_s .
!> \]
!>
!> The conversion factor `FETA` maps eroded in-place soil solid volume to
!> settled sediment volume. It uses bank soil porosity for links and top-layer
!> soil porosity for land elements:
!>
!> \[
!>   FETA_{link} = {1-THSAT(NTSOBK)\over 1-PBSED}, \qquad
!>   FETA_{col} = {1-THSAT(NTSOTP)\over 1-PLS}.
!> \]
!>
!> @history
!> | Date | Author | Version | Description |
!> |:-----|:-------|:--------|:------------|
!> | 2026-04-05 | SvB | 4.6.1 | Replaced the `ALINIT` zeroing of `GNU`, `GNUBK`, `ARBDEP`, `GINFD`, `GINFS`, and `QSED` with array-slice assignment. |
!> | 2026-04-06 | SvB | 4.6.1 | Removed `GOTO`-driven control flow. |
!> @endhistory"
SYLINK,subroutine,src/sediment/SYmod.f90,SYmod,3076,3236,2992,2992,False,src/sediment/sy_channel.f90,sy_channel,"Channel routing, bed layers and bank erosion.",0,,0,,"!> Routes sediment through one channel link.
!>
!> `SYLINK` solves the channel-link sediment balance for one sediment time step
!> after [[sycltr]] has supplied capacity concentrations `CONCI` and advection
!> coefficients `QSDWAE`. Volumes are handled in settled-bed units using the bed
!> solid fraction
!>
!> \[
!>   f_b = 1 - PBSED .
!> \]
!>
!> Faces with positive `QWAT` are outflows; all other faces are treated as
!> inflows for sediment already stored in `QSEDE`. For each size class \(s\),
!> processed from largest to smallest, the incoming settled-volume rate is
!>
!> \[
!>   q_s^{in} = -{1\over f_b}\sum_{in} QSEDE_{s,f},
!> \]
!>
!> and the water volume available for suspended storage plus outgoing advection
!> is
!>
!> \[
!>   V_w = ARXL\,CLENTH + \Delta t\sum_{out} QSDWAE_{s,f}.
!> \]
!>
!> The settled sediment volume available before infiltration and armouring is
!>
!> \[
!>   V_{max,s} =
!>     FDEL_s\,ARXLO\,CLENTH
!>     + DCBSED_s\,AREA
!>     + \Delta t\left(q_s^{in}+EPSB\,SOSDF_s\right),
!> \]
!>
!> combining old suspended load, active upper-bed material, inflow, and bank
!> erosion. Non-fines have no infiltration or armouring in this routine. For
!> fines, infiltration is limited by [[syfine]]:
!>
!> \[
!>   V_{inf} = \min(VINFMX,\min(VCFMAX,V_{max,s})).
!> \]
!>
!> If `BARM` is true, a fraction of the remaining fine material can be armoured
!> according to the ratio of already processed non-fine material in the interim
!> and old active layers:
!>
!> \[
!>   V_{arm} =
!>   {\min(SUMN,SUMP)\over SUMN}\max(\min(VCFMAX,V_{max,s})-V_{inf},0),
!> \]
!>
!> with zero armouring when `SUMN` is zero. The transport supply is therefore
!>
!> \[
!>   V_{supply} = \max(V_{max,s}-V_{inf},0)-V_{arm}.
!> \]
!>
!> The suspended-plus-discharged volume is limited by supply and by the
!> notional capacity concentration from [[sycltr]]:
!>
!> \[
!>   V_{trans} =
!>   \min\left(V_{supply},\,{CONCI_s\over f_b}V_w\right).
!> \]
!>
!> The outputs for the next bed update and channel routing are then
!>
!> \[
!>   FDEL_s^{new} = {V_{trans}\over V_w},\qquad
!>   DCIPR_s = {\max(V_{max,s}-V_{inf},0)-V_{trans}\over AREA},
!> \]
!>
!> \[
!>   DDIPR_s = DDBSED_s + {V_{inf}\over AREA},\qquad
!>   QSEDE_{s,f}^{out} = QSDWAE_{s,f}FDEL_s^{new}f_b .
!> \]
!>
!> `GINFD` and `GINFS` both receive the fine infiltration rate
!> \(V_{inf}/\Delta t\); for non-fines this rate is zero.
!>
!> @note Only faces in the outflow list are overwritten in `QSEDE`. Inflow and
!> no-flow faces are read as incoming sediment fluxes and are left unchanged.
!> @endnote"
SYMAIN,subroutine,src/sediment/SYmod.f90,SYmod,3295,3656,3238,3238,False,src/sediment/sy_driver.f90,sy_driver,Sediment timestep driver and workspace allocation.,1,src/driver/run_sim.f90,0,,"!> Controls the sediment-yield component for setup and timestep execution.
!>
!> `SYMAIN` is the top-level driver for the optional `SY` sediment component.
!> Its interface is dimensioned with the shared array-size constants from
!> `SGLOBAL`/`AL.P` (`NELEE`, `NLFEE`, `NLYREE`, `NSEDEE`, `NSEE`, `NVEE`,
!> `NXEE`) because `NSED` is not known until the sediment input file is read
!> and channel arrays must remain valid when `NLF = 0`.
!>
!> On the first call (`PASS_symain = 1`) the routine performs setup:
!>
!> | Step | Routine/action |
!> |:-----|:---------------|
!> | Work arrays | [[initialise_symain_workspace]] allocates this routine's heap work arrays. |
!> | Interface dimensions | [[syerr0]] checks scalar bounds and file units. |
!> | Static water interface | [[syerr1]] checks topology, geometry, soil, and vegetation indices. |
!> | Column soil mapping | Stores the current top-layer soil type in `NTSOTP_symain`. |
!> | Sediment input | [[syread]] reads the manual `SY01`-`SY64` data groups. |
!> | Sediment validation | [[syerr2]] checks particle sizes, controls, properties, initial state, and boundary metadata. |
!> | Initial state | [[syinit]] initialises bed layers, loose sediment, concentrations, rates, and saved old-time water geometry. |
!>
!> On later calls it performs one water-flow time step. Optional dynamic input
!> checking is controlled by `ISSYOK`: values less than 1 disable checking;
!> otherwise [[syerr3]] runs on the first non-initialisation call and then every
!> `ISSYOK` water-flow calls. The check verifies the current water state and the
!> `ISORT` donor-before-receptor routing order.
!> [[sywat]] derives water-dependent depths, slopes, shear stresses, rainfall,
!> and confluence weights; [[syover]] and [[sybker]] calculate hillslope and
!> bank erosion.
!>
!> The water step is split into `NEPS` sediment substeps of length
!>
!> \[
!>   DTSY = DTUZ / NEPS .
!> \]
!>
!> In each substep, `QSED` is reset, boundary metadata is visited through
!> [[sybc]] when present, channel capacity/advection coefficients are prepared
!> by [[sycltr]], fine-sediment limits by [[syfine]], and elements are processed
!> in `ISORT` order. Link elements call [[sylink]]; land elements call
!> [[sycolm]]. Outgoing sediment fluxes are immediately copied to regular
!> neighbours through `ICMREF` or distributed through confluence branches with
!> `ICMRF2` and `FQCONF`. After all elements are routed, [[sybed]] updates the
!> two channel-bed layers, old water depths/cross-sectional areas are saved, and
!> the sediment clock is advanced before being reset exactly to `UZNOW`.
!>
!> @note The boundary-condition branch reflects the original intended structure,
!> but [[sybc]] is currently an empty routine in this source file. The input
!> metadata can be read and checked, but time-varying sediment boundary fluxes
!> are not implemented here.
!> @endnote
!>
!> @history
!> | Date | Author | Version | Description |
!> |:-----|:-------|:--------|:------------|
!> | 2026-05-04 | SvB | 4.6.1 | Changed this routine's large work arrays (`CONCI`, `DCIPRM`, `DDIPRM`, `DRDROP`, `DUMSED`, `DWAT1`, `EPSB`, `FQCONF`, `IDUM1A`, `IDUM1X`, `LDUM`, `LRAIN`, `QSDWAT`, `QSEDB`, `QWATB`, `SLOPEJ`, `TAUJ`, `TAUK`, `VCFMAX`, `VINFMX`, `BARM`) from automatic (stack) local arrays to local `ALLOCATABLE`s, to avoid a stack-overflow crash on Windows for large models. |
!> | 2026-05-10 | SvB | 4.6.1 | Moved those work arrays to module scope, allocated once by [[initialise_symain_workspace]] (see that routine's own history and notes). |
!> @endhistory"
SYOVER,subroutine,src/sediment/SYmod.f90,SYmod,3711,3806,3658,3658,False,src/sediment/sy_hillslope.f90,sy_hillslope,"Hillslope detachment, overland routing and fine-sediment exchange.",0,,0,,"!> Calculates ground-surface (hillslope) erosion for each column element.
!>
!> `SYOVER` implements the manual's rainsplash-plus-overland-flow detachment
!> model. Detachment is suppressed once loose sediment reaches `DLSMAX`; this
!> is the `BTL 25.04.95` extension noted in the routine's history.
!>
!> For each vegetation type, a coefficient pair \((C,c)\) is selected by
!> canopy fall height `XDRIP` and drip diameter `DRDRIP`, giving the
!> per-drip momentum factor
!>
!> \[
!>   TGMD =
!>   {\pi\rho_w^2g\over 6}\,c\left(1-e^{-2\,XDRIP/c}\right)DRDRIP^3\,FDRIP .
!> \]
!>
!> For each land element, a rainfall-intensity class selects coefficients
!> \((a,b)\) for the direct-rainfall momentum term, and the drip-momentum term
!> reuses `TGMD` scaled by the canopy-drip rainfall `DRAINA`:
!>
!> \[
!>   GMR = (1-FCC)\,a\,LRAIN^b,\qquad GMD = TGMD\times DRAINA .
!> \]
!>
!> Rainsplash detachment attenuates with ponding depth relative to the median
!> drop diameter `DRDROP`:
!>
!> \[
!>   DR = GKR\,e^{-\max(0,\,DWAT1/DRDROP - 1)}\,(1-FCG-FCROCK)\,(GMR+GMD).
!> \]
!>
!> Overland-flow detachment uses the critical shear stress from [[sycrit]]:
!>
!> \[
!>   DF = GKF\,(1-FCROCK)\,{\max(0,\,TAUK-\tau_c)\over\tau_c}.
!> \]
!>
!> The erosion rate is then
!>
!> \[
!>   GNU =
!>   \begin{cases}
!>     (DR+DF)/RHOSO, & DLS < DLSMAX,\\
!>     0, & DLS \ge DLSMAX.
!>   \end{cases}
!> \]
!>
!> @note The rainfall-intensity and drip-size class selections (`ISGMR`,
!> `ISCD`) still use the original branchless switch function
!> `SF2(x,y)=0.5+\mathrm{sign}(0.5,x-y)`, summed over class boundaries, rather
!> than an `IF`/`ELSE IF` chain: an intermediate modernisation replaced it
!> with branches and was reverted for performance, restoring this original
!> form (unchanged since the 1994 Fortran 77 version).
!> @endnote"
SYOVTR,subroutine,src/sediment/SYmod.f90,SYmod,3867,3970,3808,3808,False,src/sediment/sy_transport_capacity.f90,sy_transport_capacity,"Transport-capacity, critical-shear and settling-velocity relations.",0,,0,,"!> Calculates overland-flow sediment transport capacity for one element.
!>
!> `SYOVTR` implements the manual's overland transport-capacity switch
!> `ISGSED` for the current land element. The manual notes that both available
!> formulae were derived for non-cohesive channel transport and their use for
!> rainfall-driven overland flow is uncertain; [[sycolm]] applies the additional
!> total concentration cap `FPCRIT` after this routine returns.
!>
!> The representative particle diameter \(d_{50}\) is the median diameter of
!> the currently available sediment mix, obtained from [[sydr]] with `VDSED`
!> and `DRSED`.
!>
!> Capacity is summed only over faces with positive `QWAT`. The face length
!> follows the OC face convention used by the code:
!>
!> | Faces | Length |
!> |:------|:-------|
!> | 1 and 3 | `DYQQE` |
!> | 2 and 4 | `DXQQE` |
!>
!> For `ISGSED = 1`, the Engelund-Hansen-style branch uses water depth \(h\),
!> face discharge \(Q_f\), and slope \(S_f\):
!>
!> \[
!>   G_f =
!>   {0.05\rho_w^2\,Q_f^2S_f^{3/2}\over
!>    (\rho_s-\rho_w)^2\sqrt{g}\,L_f\sqrt{h}\,d_{50}} .
!> \]
!>
!> For `ISGSED = 0`, the Yalin-style branch first obtains a critical shear
!> stress \(\tau_c\) from [[sycrit]] using the Shields option and computes
!>
!> \[
!>   T = {\max(\tau_f-\tau_c,0)\over\tau_c},\qquad
!>   A = {2.45(\rho_s/\rho_w)^{-0.4}\over
!>        \sqrt{(\rho_s-\rho_w)g}}\sqrt{\tau_c/d_{50}},
!> \]
!>
!> \[
!>   G_f =
!>   {0.635\over\sqrt{\rho_w}}\sqrt{\tau_f}\,d_{50}L_f
!>   \left(T-{\log(1+AT)\over A}\right).
!> \]
!>
!> Any other `ISGSED` value gives zero capacity. The returned `GJSUM` is
!> \(\sum_f G_f\) over outflowing faces.
!>
!> @note The Engelund-Hansen branch is skipped when `DWAT1E <= 0`, returning
!> zero capacity. Both active formula branches use powers or square roots of
!> slope/shear directly, so upstream hydraulic calculations are expected to
!> provide non-negative active-face values.
!> @endnote
!>
!> @history
!> | Date | Author | Version | Description |
!> |:-----|:-------|:--------|:------------|
!> | 2026-04-07 | SvB | 4.6.1 | Replaced the runtime ""first call"" caching of `K1_syovtr`/`K3_syovtr`/`K4_syovtr` with compile-time `PARAMETER`s (declared at module scope, since they no longer need `SAVE`d state). |
!> | 2026-04-12 | SvB | 4.6.1 | Precalculated the four face lengths into `FLJ_ARRAY` instead of a per-face `MOD` test. |
!> @endhistory"
SYREAD,subroutine,src/sediment/SYmod.f90,SYmod,4003,4353,3972,3972,False,src/sediment/sy_input.f90,sy_input,Reads and initialises the sediment data groups.,0,,0,,"!> Reads sediment-yield input data.
!>
!> `SYREAD` loads model flags, particle sizes, soil erodibility, vegetation drip
!> parameters, channel-bank and bed properties, initial loose/bed sediment
!> states, suspended concentrations, and sediment boundary categories.
!>
!> Input record groups:
!>
!> | Records | Data read |
!> |:--------|:----------|
!> | `SY01`-`SY02` | Title and sediment-file version. A version mismatch raises warning 2011, not a fatal error. |
!> | `SY11`-`SY12` | Sediment counts, formula switches, check/substep controls, and scalar concentration/bed/fine controls. Channel-only items are read only when `NLF > 0`. |
!> | `SY21`-`SY24` | Representative particle diameters, soil erodibility/density/clay/bank parameters, soil sediment-size fractions, and vegetation drip parameters. |
!> | `SY31`-`SY32` | Channel bank soil type and bed-sediment porosity, read only when channel links exist. |
!> | `SY41`-`SY43` | Ground cover, rock cover, and loose-sediment porosity, distributed by `ALALLF` over land-column elements. |
!> | `SY51`-`SY53` | Initial loose/bed depth, initial loose/bed composition, and initial mobile sediment concentrations for all elements. |
!> | `SY61`-`SY64` | Sediment boundary counts, boundary definitions, steady flux categories, and steady rating-curve categories. |
!>
!> The distributed `SY52` read accepts the special negative-category option from
!> `ALALLF`. When selected, the routine replaces the read `FBETA` values with
!> the sediment-size fractions of each element's soil type: bank soil `NTSOBK`
!> for links and top-column soil `NTSOTP` for land elements.
!>
!> Boundary types are stored in `NSYBCD(:,2)` as read, but the category index in
!> `NSYBCD(:,3)` is condensed for storage: type 2 categories are appended after
!> type 1 categories, and type 4 categories after type 3 categories. This matches
!> the later validation and boundary metadata layout.
!>
!> Fatal setup errors are raised for insufficient `NELEE` workspace, `NSED`
!> outside `1:NSEDEE`, too many boundary elements/categories, or a boundary type
!> outside `1:4`."
SYWAT,subroutine,src/sediment/SYmod.f90,SYmod,4413,4660,4355,4355,False,src/sediment/sy_channel.f90,sy_channel,"Channel routing, bed layers and bank erosion.",0,,0,,"!> Derives water-dependent geometry, slopes, shear stresses, and rainfall for the sediment component.
!>
!> `SYWAT` calculates every quantity the sediment routines need that is purely
!> a function of the current water-flow state, ahead of erosion and transport
!> calculations in [[symain]].
!>
!> For each land element, the effective median raindrop/leaf-drip diameter
!> combines a minimum drop size with the drip contribution and a splash-derived
!> term:
!>
!> \[
!>   D = \max\left(D_{min},\; DRDRIP\,{DRAINA\over PNETTO},\;
!>                 0.01935\,PNETTO^{0.182}\right)\qquad(PNETTO>0),
!> \]
!>
!> and the direct (non-drip) rainfall rate is
!>
!> \[
!>   LRAIN = {\max(PNETTO-DRAINA,0)\over 1-FCC}\qquad(FCC<1).
!> \]
!>
!> For every element and face, the water surface slope and ground-surface shear
!> stress are derived from neighbouring water levels `HRF` and face distances
!> `DHF`, extrapolating across boundary and confluence-node faces as needed:
!>
!> \[
!>   SLOPEJ = {|H_{iel}-H_{adj}|\over DHF_{iel}+DHF_{adj}},\qquad
!>   TAUJ = \rho_w g\,DWAT1\,SLOPEJ .
!> \]
!>
!> At bank faces between a link and a land element, both water levels are
!> capped below by the bankfull elevation `ZBFULL` before computing slope, so
!> below-bank flow does not contribute to bank shear. Confluence-node faces
!> additionally set `FQCONF`, the fraction of node outflow attributed to each
!> receiving branch, used later by [[symain]] to distribute sediment fluxes.
!> The representative link/element shear stress `TAUK` is the `TAUJ` value at
!> the face carrying the largest absolute discharge.
!>
!> @note `SLOPEJ`, `TAUJ`, `FQCONF`, `LRAIN`, and `DRDROP` are fully
!> zero-initialised at the start of the routine, then only overwritten for the
!> faces/elements this routine actually computes (link element side faces are
!> skipped for `SLOPEJ`/`TAUJ`, and confluence branches are skipped for
!> `FQCONF` unless they are the active outflow). This is a modernisation of the
!> original behaviour, which left those entries at their previous, indeterminate
!> values; no code reads `SLOPEJ`/`TAUJ` at link side faces (see the manual note
!> below), so the change does not affect any consumer of these arrays.
!> @endnote
!>
!> @note `FQCONF` is defined only for branches flowing into a node; `SLOPEJ` and
!> `TAUJ` are not defined (by design) at side faces of links.
!> @endnote
!>
!> @history
!> | Date | Author | Version | Description |
!> |:-----|:-------|:--------|:------------|
!> | 2026-04-06 | SvB | 4.6.1 | Removed `GOTO`-driven control flow; replaced the legacy statement function used for face outflow with the internal `FUNCTION` `FQOUT`. |
!> | 2026-05-03 | SvB | 4.6.1 | Added the explicit zero-initialisation of `SLOPEJ`/`TAUJ`/`FQCONF`/`LRAIN`/`DRDROP` described in the preceding note. |
!> @endhistory"
FQOUT,function,src/sediment/SYmod.f90,SYmod,4654,4658,4653,4653,True,src/sediment/sy_channel.f90,sy_channel,"Channel routing, bed layers and bank erosion.",0,,0,,"!> Outflow rate at one element/face, positive for outflow (see the manual face-sign convention in [[syerr3]])."
BALSED,subroutine,src/sediment/SYmod.f90,SYmod,4668,4669,4662,4662,False,src/sediment/sy_driver.f90,sy_driver,Sediment timestep driver and workspace allocation.,1,src/driver/run_sim.f90,0,,"!> Placeholder for sediment mass-balance output.
!>
!> Sediment process state is updated by [[symain]], but this routine currently
!> performs no accumulation, checking, state mutation, or reporting. It is
!> called from the main simulation loop only to preserve the historical component
!> interface for sediment balances."
initialise_smmod,subroutine,src/snow/SMmod.f90,SMmod,116,130,95,95,False,src/snow/snowmelt.f90,snowmelt,Degree-day and energy-budget snowmelt and meltwater routing.,0,,0,,"!> Allocates snowmelt slug storage arrays.
!>
!> The routine allocates `TMELT` and `SMELT` once, on the first call, using
!> the maximum configured number of snowmelt slugs (`max_no_snowmelt_slugs`,
!> see [[sglobal]]) and the active element count (`total_no_elements`). It is
!> called unconditionally from [[smin]] on every timestep; the local `FIRST`
!> flag is initialised to `.TRUE.` in its declaration, which gives it an
!> implicit `SAVE` attribute, so the guard and the allocation both run only on
!> the first call.
!>
!> @note
!> A historical defect (`CHANGELOG.md`, undated, between the 2012-11-21 and
!> pre-2015 entries) records that this `FIRST`-guarded allocation pattern was
!> itself the fix for a prior bug; the faulty behaviour it replaced and the
!> exact fix date are not otherwise recorded.
!> @endnote
!>
!> @history
!> | Date | Author | Version | Description |
!> |:-----|:-------|:--------|:------------|
!> | 2026-09-05 | SvB | - | Added STAT= and ERRMSG= reporting for all (de)allocations. |"
SM,subroutine,src/snow/SMmod.f90,SMmod,306,539,132,132,False,src/snow/snowmelt.f90,snowmelt,Degree-day and energy-budget snowmelt and meltwater routing.,0,,0,,"!> Updates snowpack and meltwater delivery for one element.
   !>
   !> `SM` is called for each element with an existing snowpack or snowfall
   !> input. It converts net precipitation into snowfall or rainfall, updates
   !> snow depth, computes melt by either degree-day or energy-budget logic,
   !> routes meltwater slugs through the snowpack, and writes the resulting
   !> water delivery to `PNET`.
   !>
   !> Most internal snow amounts are in millimetres. `SD` is snowpack depth,
   !> `SF` is snowfall expressed as snow depth, and `PNET` is overwritten with
   !> liquid water delivery from the snowpack.
   !>
   !> `SM` either complements or bypasses the normal ET/interception
   !> calculation: the current throughfall or net precipitation `PNSNOW` is
   !> the water input to the top of the snowpack, and the snowmelt delivered
   !> from the bottom of the snowpack becomes the new `PNET`, the liquid-water
   !> input to the ground surface. Two snowmelt methods are available:
   !>
   !> | `MSM` | Method | Main calculation |
   !> |:------|:-------|:-----------------|
   !> | 1 | Degree day | Melt is proportional to air temperature above the implemented 2 C threshold. |
   !> | 2 | Energy budget | Melt is calculated from atmospheric, rainfall/snowfall, phase-change, ground, and radiation heat fluxes. |
   !>
   !> The principal snow variables and units are:
   !>
   !> | Variable | Meaning | Units |
   !> |:---------|:--------|:------|
   !> | `USM` | Snowmelt during the timestep, expressed as snow depth. | mm snow |
   !> | `SMELT` | Routed melt plus liquid throughfall held as meltwater slugs. | mm water |
   !> | `SD` | Snowpack depth. | mm snow |
   !> | `DDF` | Degree-day melt factor. | mm/s/C |
   !> | `RHOS` | Specific gravity of snow. | - |
   !> | `TMELT` | Time at which a meltwater slug reaches the bottom of the snowpack. | h |
   !> | `PNSNOW` | Initially water input to the snowpack top; finally water released to the ground. | mm water |
   !> | `SF` | Net snowfall to the top of the snowpack. | mm snow, converted to mm snow/hr at return |
   !> | `NSMC` | Number of meltwater slugs still moving through the snowpack. | - |
   !> | `ESM` | Snow depth lost to evaporation or sublimation. | mm snow |
   !> | `TSM` | Total snow depth lost from the pack. | mm snow |
   !> | `HFC` | Atmospheric-convection heat flux over the timestep. | J/m^2 |
   !> | `HFE` | Heat from evaporation/condensation phase change. | J/m^2 |
   !> | `HFR` | Heat from rainfall or snowfall. | J/m^2 |
   !> | `HFT` | Total heat flux from air, ground, and radiation to snow. | J/m^2 |
   !> | `TS` | Snow temperature. | C |
   !>
   !> The input water depth is first converted to snowfall depth with
   !>
   !> \[
   !> SF = \frac{PNSNOW}{RHOS}.
   !> \]
   !>
   !> If air temperature is at or below 0 C, this snowfall is added to `SD`;
   !> if it is above 0 C, the precipitation is treated as rainfall and is
   !> added to the meltwater slug after melt has been calculated.
   !>
   !> In degree-day mode, the implemented melt depth is
   !>
   !> \[
   !> USM = \max\left(0,\; DDF\,(TA-2)\,DTUZ\right),
   !> \]
   !>
   !> and evaporation loss is set to zero.
   !>
   !> In energy-budget mode, the exchange coefficient is
   !>
   !> \[
   !> DN =
   !> \left(\frac{0.4}{\ln((ZUS-ZDS)/ZOS)}\right)^2 U,
   !> \]
   !>
   !> modified by a Richardson-number stability correction. The main heat
   !> terms are
   !>
   !> \[
   !> HFC = \rho_a c_{p,a} DN (TA-TS)DTUZ,
   !> \]
   !>
   !> \[
   !> HFR =
   !> \rho_w\,SF\,RHOS\,c_p^\* / 1000,
   !> \]
   !>
   !> where \(c_p^\*=c_{p,w}TA\) for rain and
   !> \(c_p^\*=c_{p,i}(TA-TS)\) for snowfall, and
   !>
   !> \[
   !> HFE = (L_{vw}+L_{wi}-c_{p,i}TS)\,E\,DTUZ.
   !> \]
   !>
   !> The total heat available to the pack is
   !>
   !> \[
   !> HFT = HFC + HFR - HFE + (HFG + RN)DTUZ.
   !> \]
   !>
   !> The hypothetical new snow temperature is
   !>
   !> \[
   !> TS_2 = TS + \frac{HFT}{c_{p,i}\,RHOS\,SD}.
   !> \]
   !>
   !> If `TS2 < 0`, no snow melts and `TS` is updated to `TS2`. Otherwise, the
   !> heat first warms the snowpack to 0 C and the residual melts snow:
   !>
   !> \[
   !> USM =
   !> \frac{HFT - (-TS)c_{p,i}RHOS\,SD}{L_{wi}RHOS},
   !> \qquad TS \leftarrow 0.
   !> \]
   !>
   !> Two guards limit extreme energy-budget behaviour: if the pack is no
   !> deeper than 100 mm and `HFT` is negative, `HFT` is replaced by the heat
   !> needed to move the pack toward air temperature; and `TS2` is floored at
   !> -50 C.
   !>
   !> Snowpack depth is reduced by melt plus evaporation,
   !>
   !> \[
   !> TSM = USM + ESM,\qquad ESM = \frac{E\,DTUZ}{RHOS},
   !> \]
   !>
   !> capped so losses cannot exceed the available snowpack. The meltwater
   !> slug inserted into the snowpack routing store is
   !>
   !> \[
   !> SMELT =
   !> \begin{cases}
   !> (USM + SF)RHOS, & TA > 0,\\
   !> USM\,RHOS, & TA \le 0.
   !> \end{cases}
   !> \]
   !>
   !> A positive slug is assigned a release time
   !>
   !> \[
   !> TMELT =
   !> \left(0.7448\frac{SD}{1000}+1.429\right)\frac{SD}{1000}
   !> + TIMEUZ.
   !> \]
   !>
   !> Slugs whose `TMELT` is less than or equal to `TIMEUZ` are summed into
   !> `PNSNOW`, removed from the routing store, and returned to the wider
   !> model as
   !>
   !> \[
   !> PNET = \frac{PNSNOW}{DTUZ}.
   !> \]
   !>
   !> At return, `SF` is converted from a timestep snow depth to a snow-depth
   !> rate in mm/hr, `ISPACK` records whether snow remains, and `PNET` is a
   !> liquid-water delivery rate in mm/s.
   !>
   !> @note
   !> The routine operates mainly through module/global state imported from
   !> [[sglobal]], [[al_c]], and [[al_d]]; its only dummy argument is the
   !> element index. The energy-budget saturation-vapour-pressure polynomial
   !> is evaluated for both the snow surface and the air using a shared
   !> `TEMP_RATIO` local to avoid repeating the `(T/5-3)` subexpression; this
   !> is a performance change only, with no effect on the computed values. If
   !> `NSMC(IEL)` exceeds the configured `max_no_snowmelt_slugs` capacity, the
   !> routine reports the overflow and calls `STOP`, unconditionally
   !> terminating the process; a comment in the source suggests replacing
   !> this with a graceful error flag instead.
   !> @endnote
   !>
   !> @history
   !> | Date | Author | Version | Description |
   !> |:-----|:-------|:--------|:------------|
   !> | 1981-04 | JCB/EMM | - | Created the original snowmelt calculation. |
   !> | 1996-12-28 | RAH | 4.1 | Initialised `EFFDEP`, which was previously undefined. |
   !> | 2026-04-03 | SvB | 4.6.1 | Replaced the `1H0` Hollerith carriage-control descriptor in the memory-overflow `FORMAT` with a portable leading `/`. |
   !> | 2026-04-06 | SvB | 4.6.1 | Replaced `GOTO`-driven control flow with structured `IF`/`DO` blocks; added `IMPLICIT NONE` and explicit `INTENT(IN)` for `IEL`. |
   !> | 2026-04-07 | SvB | 4.6.1 | Pre-computed the repeated `ESAT`/`ESATA` temperature-ratio subexpression as `TEMP_RATIO`. |
   !> | 2026-04-13 | SvB | 4.6.1 | Replaced the `DLOG` double-precision-specific intrinsic with the generic `LOG`. |
   !> @endhistory"
SMET,subroutine,src/snow/SMmod.f90,SMmod,592,669,541,541,False,src/snow/snowmelt.f90,snowmelt,Degree-day and energy-budget snowmelt and meltwater routing.,0,,0,,"!> Applies evapotranspiration losses to an existing snowpack for one
   !> element.
   !>
   !> `SMET` carries out the snow-related evapotranspiration and interception
   !> control for an ET element when a snowpack exists, when precipitation is
   !> snow, or when air temperature is below freezing. It is called from
   !> [[smin]] for each upper-zone element and uses the same shared ET and
   !> snow variables as [[sm]] and the [[etmod]] routines.
   !>
   !> The routine reduces snowpack depth for evaporation or sublimation,
   !> updates snow temperature in the energy-budget case through [[sm]], and
   !> identifies any excess rainfall or evaporation demand that must still be
   !> handled by the normal ET calculation.
   !>
   !> Its main branch logic is:
   !>
   !> | Condition | Action |
   !> |:----------|:-------|
   !> | No snowpack (`SNDEP=0`). | Falls through to the shared handling described below. |
   !> | Snow depth at or above vegetation height. | Snow covers the vegetation, so canopy leaf area `CPLAI` is set to zero (no interception). |
   !> | Snow depth below vegetation height (nonzero). | Canopy leaf area `CPLAI` is reduced in proportion to exposed vegetation height: `CPLAI = CPLAI * (VHT - SNDEP) / VHT`; if `TA > 0` the routine sets `NSMT = 1` and returns immediately so normal ET/interception handles the timestep. |
   !>
   !> Unless the temperature-above-freezing return above is taken, the shared
   !> tail handles snowfall reaching the ground or snowpack without canopy
   !> storage delay: `ERZ`, `ESOIL`, `EINT`, `AE`, `PE`, and `S(1:NRD(N))` are
   !> zeroed, `CSTOLD` is set from `CSTORE`, and
   !>
   !> \[
   !> PNSNOW = precip\_m\_per\_s(IEL)\,1000\,DTUZ
   !> \]
   !>
   !> converts the current precipitation rate from m/s to a millimetre water
   !> depth over the timestep. [[sm]] is called if there is precipitation or
   !> an existing snowpack.
   !>
   !> When `NSD=1`, the active snow specific gravity is taken from
   !> `RHOSAR(IEL)`; if that value is zero, the default `RHODEF` is used.
   !>
   !> @note
   !> [[etmod:etin]] documents cross-module consequences of `SMET`'s state:
   !> `DRAIN` is never assigned here, `PNET` can be left unchanged from a
   !> previous element when neither a snowpack nor precipitation triggers
   !> [[sm]], and the `S(1:NRD)` zeroing here does not align with the
   !> surface-indexed cells that [[et]] writes root sinks to.
   !> @endnote
   !>
   !> @history
   !> | Date | Author | Version | Description |
   !> |:-----|:-------|:--------|:------------|
   !> | 2026-04-06 | SvB | 4.6.1 | Replaced `GOTO`-driven control flow with structured `IF`/`ELSE IF` blocks; added `IMPLICIT NONE` and explicit `INTENT(IN)` for `IEL`. |
   !> @endhistory"
SMIN,subroutine,src/snow/SMmod.f90,SMmod,700,754,671,671,False,src/snow/snowmelt.f90,snowmelt,Degree-day and energy-budget snowmelt and meltwater routing.,1,src/evapotranspiration/ETmod.f90,0,,"!> Snow wrapper called from ET/interception processing for one element.
   !>
   !> `SMIN` decides whether snow processing is needed, converts the current
   !> net precipitation to snowpack input, calls [[sm]] when snowfall or
   !> snowpack is present, or calls [[smet]] when only snowpack
   !> evaporation/sublimation is required. It is called from [[etmod:etin]].
   !>
   !> | State | Action |
   !> |:------|:-------|
   !> | `NSMT /= 1`, snowpack exists, or `TA <= 0` | Call [[smet]] so snow/freezing-temperature ET and interception logic runs. |
   !> | `NSMT /= 1`, no snowpack, and `TA > 0` | Set `NSMT=1` and return so normal ET/interception can proceed. |
   !> | `NSMT == 1` and no snowpack remains | Return; normal ET has already handled the timestep. |
   !> | `NSMT == 1` and snowpack remains | Suppress soil evaporation, convert the ET-produced `PNET` rate to a depth with `PNSNOW=PNET*DTUZ`, and call [[sm]]. |
   !>
   !> The routine calls [[initialise_smmod]] on every invocation; that
   !> routine's own one-time guard makes the repeated call harmless after the
   !> first.
   !>
   !> @note
   !> This routine has no result-affecting side effects beyond those
   !> described above and in [[sm]]/[[smet]]; [[etmod:etin]] documents further
   !> cross-module caveats about the state `SMIN`'s callees leave behind.
   !> @endnote
   !>
   !> @history
   !> | Date | Author | Version | Description |
   !> |:-----|:-------|:--------|:------------|
   !> | 2026-04-06 | SvB | 4.6.1 | Replaced `GOTO`-driven control flow with structured `IF`/`ELSE` blocks; added `IMPLICIT NONE` and explicit `INTENT(IN)` for `IEL`. |
   !> @endhistory"
initialise_vsmod,subroutine,src/subsurface/VSmod.f90,VSmod,312,322,295,295,False,src/subsurface/vs_driver.f90,vs_driver,Iterates the coupled subsurface columns and checks their mass balance.,0,,0,,"!> Allocates run-size VSS work arrays.
!>
!> `vsaijsv` stores lateral inter-cell conductance terms by face, cell, and
!> element, while `vskr` stores relative hydraulic conductivity by cell and
!> element. Both depend on mesh dimensions read earlier in the setup sequence.
!>
!> @note
!> This routine allocates, but does not initialise, the arrays and does not
!> guard against repeated allocation. It should therefore be called once after
!> `top_cell_no` and `total_no_elements` have been established.
!> @endnote
!>
!> @history
!>
!> | Date | Author | Version | Description |
!> |:-----|:-------|:--------|:------------|
!> | 2026-09-05 | SvB | - | Added STAT= and ERRMSG= reporting for all (de)allocations. |"
initialise_vsread_buffers,subroutine,src/subsurface/VSmod.f90,VSmod,344,373,324,324,False,src/subsurface/vs_input.f90,vs_input,Reads the subsurface data and initial-condition files.,0,,0,,"!> Allocates and zeroes the [[vsread]] category/layer work buffers.
!>
!> `IVSDUM_VSREAD`, `IVSCAT_VSREAD`, `ISDUM_VSREAD`, `RVSDUM_VSREAD`,
!> `RSDUM_VSREAD`, and `BDONE_VSREAD` were originally declared local to
!> [[vsread]]. They were moved into allocatable module state, allocated once
!> here, to avoid a stack-related crash from their combined size. [[vsread]]
!> calls this routine on every entry; the `ALLOCATED` guard makes repeated
!> calls safe, but the zeroing below always re-runs.
!>
!> @note
!> Unlike [[initialise_vsmod]], this routine is safe to call more than once:
!> allocation happens at most once, but the work arrays are always reset to
!> zero/false so each [[vsread]] call starts from a clean state.
!> @endnote
!>
!> @history
!>
!> | Date | Author | Version | Description |
!> |:-----|:-------|:--------|:------------|
!> | 2026-09-05 | SvB | - | Added STAT= and ERRMSG= reporting for all (de)allocations. |"
VSBC,subroutine,src/subsurface/VSmod.f90,VSmod,471,590,375,375,False,src/subsurface/vs_column_solver.f90,vs_column_solver,Assembles and solves the tridiagonal pressure-head correction.,0,,0,,"!> Adds user-defined lateral boundary-condition terms to a column system.
!>
!> `VSBC` applies the manual `VS14`-`VS16` lateral boundary categories to one
!> face of the column currently being assembled by [[vscolm]]. `JCBC` selects
!> the lateral boundary type:
!>
!> | `JCBC` | Manual boundary type | Implementation |
!> |:-------|:---------------------|:---------------|
!> | 3 | prescribed lateral flow | Implemented. |
!> | 4 | prescribed lateral head | Implemented. |
!> | 5 | prescribed lateral head gradient | Recognised, but only prints an unfinished-code message. |
!>
!> `FACE` must be in `1:4`, `ICBOT:ICTOP` must bound the active cells, `CDELL`
!> must be positive, and each active cell must have positive `CDELZ` and
!> `CKIJ`. If `ICLFN` or `ICLHN` is zero the corresponding boundary value is
!> applied across the full active column; otherwise `ICLFL` or `ICLHL` selects
!> model layers whose cell bounds are supplied by `ICLYRB`. The declared array
!> bounds behind those conditions are `ICTOP <= LLEE` (the size of `DUM`) and
!> `ICLFN`, `ICLHN <= NLYREE` (the sizes of `ICLFL`/`CLF` and
!> `ICLHL`/`CLH`/`DUM`). Each selected layer index must satisfy
!> `1 <= ICLFL(i) < NLYREE` (likewise `ICLHL(i)`), with the corresponding
!> `ICLYRB` bounds inside `ICBOT:ICTOP+1`.
!>
!> For a prescribed lateral flow category (`JCBC = 3`), the total input flow
!> `CLF(i)` for the selected layer interval is partitioned between cells in
!> proportion to
!>
!> \[
!>   T_c = CKIJ_c\,\Delta z_c,\qquad
!>   Q_c = {T_c\over\sum T_c}\,CLF_i .
!> \]
!>
!> The cell contribution is inserted as `CR(c) = CR(c) - Q_c` and stored in
!> `CQH(FACE,c)`.
!>
!> @note
!> The transmissive-thickness sum is used as a divisor without a zero check.
!> Active type-3 boundary intervals must therefore include at least one cell
!> with positive `CKIJ(c) * CDELZ(c)`.
!> @endnote
!>
!> For a prescribed lateral head category (`JCBC = 4`), the boundary value
!> `CLH(i)` is interpreted as an elevation when `BCHELE` is true, or as a depth
!> below ground when false:
!>
!> \[
!>   H_b =
!>   \begin{cases}
!>     CLH_i, & BCHELE,\\
!>     CZG - CLH_i, & \text{otherwise}.
!>   \end{cases}
!> \]
!>
!> For each selected cell,
!>
!> \[
!>   A/L = CAIJ(FACE,c)/CDELL,\qquad
!>   \Delta h = (H_b - CZ_c - CPSI_c)(A/L),
!> \]
!>
!> \[
!>   Q_c = CKIJ_c\,\Delta h .
!> \]
!>
!> The linearised contribution is added to the tridiagonal diagonal and
!> right-hand side as
!>
!> \[
!>   CB_c \leftarrow CB_c + CDKIJ_c\,\Delta h + CKIJ_c(A/L),\qquad
!>   CR_c \leftarrow CR_c - Q_c .
!> \]
!>
!> `CQH(FACE,c)` stores the diagnostic lateral boundary flux.
!>
!> @warning
!> `JCBC = 5` only prints `unfinished code for boundary type 5 - head
!> gradients`; it does not add matrix terms, source terms, or diagnostic fluxes.
!> @endwarning
!>
!> @note
!> The `ICLHL`/`ICLHN` argument order was swapped relative to the historical
!> `.F`-era signature during 2026 modernisation, and the call in [[vscolm]] was
!> updated to match; this is a pure reordering with no behavioural change.
!> @endnote
!>
!> @history
!>
!> | Date | Author | Version | Description |
!> |:-----|:-------|:--------|:------------|
!> | 1994-08-22 | GP | 4.0 | Written; version 4.0 completed 1995-08-08. |
!> | 1997-01-20 | RAH | 4.1 | Removed leading comments and lower-case code; combined `IF`-blocks; used generic intrinsics. |
!> | 1997-01-27 | RAH | 4.1 | Passed data through arguments instead of `INCLUDE` blocks; reused `DUM` in place of the separate `TDUM`/`HDUM` workspaces. |
!> | 1997-05-14 | RAH | 4.1 | Scrapped the `CDQH` workspace argument and set `CB`/`CR` directly; stopped initialising `CQH` here (now the caller's job, see [[vscolm]]); added local `QTOT`; added argument `FACE` (`1:4`) and a leading dimension to `CAIJ` and `CQH`. |
!> | 1997-08-13 | RAH | 4.1 | Corrected the `CLF` and `DUM` subscripts to use `I` rather than `ILYR`. |
!> | 2026-04-06/07 | SvB | 4.6 | Swapped the `ICLHL`/`ICLHN` argument order relative to the historical `.F`-era signature, updating the call in [[vscolm]] to match; a pure reordering with no behavioural change. |
!> @endhistory"
VSCOEF,subroutine,src/subsurface/VSmod.f90,VSmod,680,886,592,592,False,src/subsurface/vs_column_solver.f90,vs_column_solver,Assembles and solves the tridiagonal pressure-head correction.,0,,0,,"!> Assembles internal vertical and lateral coefficients for a VSS column.
!>
!> `VSCOEF` builds the internal conductance terms used by [[vscolm]] when it
!> assembles the tridiagonal pressure-head correction system. It uses the
!> manual w-mean controls `VSWV` and `VSWL` (passed as `CWV` and `CWL`) to
!> average vertical and lateral hydraulic conductivity. A value of zero selects
!> the weighted harmonic vertical special case, a value of one gives an
!> arithmetic mean, and other positive values use the general w-mean.
!>
!> Required entry conditions are those established by [[vsconc]] and [[vssim]]:
!> `1 <= ICBOT <= ICTOP <= LLEE`; `CA0`, `CWL`, cell thicknesses `CDELZ`, cell
!> relative conductivities `CKR`, and saturated conductivities `VSK3D` are
!> positive; each `ICSOIL` is in `1:NSEE`; and any active lateral neighbour
!> referenced by `JCACN`/`JCDEL` has valid cell indices, face areas, distances,
!> and neighbour conductivities. `CDELL(j)+CDELL1(j)` must be positive on each
!> face.
!>
!> For vertical flow between cells \(i-1\) and \(i\), with cell area \(A\),
!> thicknesses \(\Delta z\), relative conductivity \(K_r\), saturated vertical
!> conductivity \(K_z\), and \(K_i=K_{r,i}K_{z,i}\), the stored inter-cell
!> conductance `CBETM(i)` is:
!>
!> \[
!>   \beta_i =
!>   \begin{cases}
!>     {C_{i-1}C_i\over C_{i-1}+C_i},
!>       & CWV=0,\quad C_i={2AK_i\over\Delta z_i},\\
!>     {A(K_{i-1}+K_i)\over \Delta z_{i-1}+\Delta z_i},
!>       & CWV=1,\\
!>     {2A\over\Delta z_{i-1}+\Delta z_i}
!>       \left({K_{i-1}^{CWV}+K_i^{CWV}\over2}\right)^{1/CWV},
!>       & \text{otherwise}.
!>   \end{cases}
!> \]
!>
!> `CDBETM` and `CDBTMM` store the derivatives of that conductance with
!> respect to the lower and upper cell conductivities, using `CDKR` from
!> [[vsfunc]]. The per-cell vertical contribution is
!>
!> \[
!>   CF_i = \beta_i+\beta_{i+1},\qquad
!>   CDF_i = {d\beta_i\over d\psi_i}+{d\beta_{i+1}\over d\psi_i}.
!> \]
!>
!> For lateral faces, `CKIJ(i,j)=K_rK_{sat,j}` and `CDKIJ` stores its
!> derivative. If a neighbour is active and the face is not handled as
!> stream-aquifer interaction (`JCBC(j) /= 9`), the routine constructs lateral
!> conductances `CGAM1` and, for split-cell connections, `CGAM2`, using the
!> current cell area `CAIJ`, neighbour areas `CAIJ1`, face distance
!> `CDELL+CDELL1`, and the lateral w-mean `CWL`. These lateral conductances and
!> their derivatives are added into `CF` and `CDF`; [[vscoef]] leaves the
!> boundary-specific terms to [[vsbc]], [[vssai]], and [[vslowr]].
!>
!> The lateral split factors are:
!>
!> | Quantity | Definition | Effect |
!> |:---------|:-----------|:-------|
!> | `NIJ = abs(JCDEL(j,i)) + 1` | Number of current-column pieces represented by the neighbour area term. | Divides neighbour conductance-area products. |
!> | `NKJ = abs(JCDEL1(k,j)) + 1` | Number of neighbour-column pieces represented by the current cell face. | Divides current face area. |
!> | `CGAM1` | Conductance to neighbour cell `k`. | Always present for an active lateral connection. |
!> | `CGAM2` | Conductance to neighbour cell `k + JCDEL1(k,j)`. | Zero by construction when `JCDEL1(k,j)=0`; otherwise represents the split-cell second neighbour. |
!>
!> In detail, an active lateral connection `j` of cell `i` (one with
!> `JELDUM(j) > 0`, `JCACN(j,i) /= 0`, and `JCBC(j) /= 9`) must satisfy
!> `1 <= k, k1 <= LLEE` and `|JCDEL(j,i)|, |JCDEL1(k,j)| <= 1`, with positive
!> `CAIJ(j,i)`, `CAIJ1(k,j)`, `CAIJ1(k1,j)`, `CKIJ1(k,j)`, and `CKIJ1(k1,j)`,
!> where `k = JCACN(j,i)` and `k1 = k + JCDEL1(k,j)`. `VSK3D(ICSOIL(i),1:3)`
!> must be positive for every active cell.
!>
!> @note
!> `CKIJ` and `CDKIJ` are set for every local cell and face. `CGAM1/2` and
!> `CDGAM1/2` are assigned only when `JCACN(j,i) /= 0`, `JELDUM(j) >= 1`, and
!> `JCBC(j) /= 9`; callers should only use those arrays on the same active
!> lateral-connection mask.
!> @endnote
!>
!> @history
!>
!> | Date | Author | Version | Description |
!> |:-----|:-------|:--------|:------------|
!> | 1994-08-22 | GP | 4.0 | Written; version 4.0 completed 1995-12-20. |
!> | 1996-12-28 | RAH | 4.1 | Removed leading comments; removed arguments `IEL` and `NIT`; added arguments `CWV` and `CWL` (previously in `VSCOLM.INC`). |
!> | 1997-01-15 | RAH | 4.1 | Dispensed with the `VSCOLM.INC` arrays `CKZ`/`CDKZ`; rewrote the vertical sections to use fewer operations and to stop overwriting `CDELZ`. |
!> | 1997-01-16 | RAH | 4.1 | Rewrote the lateral sections in the same style, fixing an error in `CDGAM*` when `CWL /= 1`; removed lower-case code. |
!> | 1997-01-22 | RAH | 4.1 | Passed data through arguments instead of `COMMON`. |
!> | 1997-01-23 | RAH | 4.1 | Scrapped the outputs `CBETP`, `CDBETP`, `CDBTPP`, `CDFM`, `CDFP`, `CG`, and `CDG`. |
!> | 1997-05-13 | RAH | 4.1 | Swapped the `JCACN`, `JCDEL`, and `CAIJ` indices; renamed the local `DUM`; replaced `CKZS`/`CKIJS` with the new arguments `NSEE`, `ICSOIL`, and `VSK3D`. |
!> @endhistory"
VSCOLM,subroutine,src/subsurface/VSmod.f90,VSmod,989,1219,888,888,False,src/subsurface/vs_column_solver.f90,vs_column_solver,Assembles and solves the tridiagonal pressure-head correction.,0,,0,,"!> Solves the variably saturated flow equations for one element column.
!>
!> `VSCOLM` is the local nonlinear solve used by [[vssim]] for one active
!> vertical column. It updates pressure head `CPSI`, water content `CTHETA`,
!> relative conductivity `CKR`, vertical flux `CQV`, lateral flux `CQH`, well
!> flux `CQWI`, spring flux `CQSP`, and phreatic-surface level `CPSL`.
!>
!> Required entry conditions are established by [[vsconc]], [[vsconl]], and
!> [[vssim]]: `1 <= ICBOT <= ICSPCE, ICWLBT, ICWLTP <= ICTOP < LLEE`, with
!> `ICWLBT <= ICWLTP`; face boundary codes are limited to internal/no-flow
!> (`0`), lateral flow/head/gradient (`3:5`), or stream-aquifer interaction
!> (`9` or `10`); lateral boundary faces have no regular neighbour in
!> `JELDUM`; type `9` faces have no internal lateral cell connectivity; and
!> type `10` stream-aquifer faces have no connectivity above the river-bed cell
!> `ICBED`. `CQWI`/`CQWIN` are meaningful only for well columns
!> (`JCBC(5)=1`), while `ICSPCE`, `CCS`, `CQSP`, and `CZSP` are meaningful only
!> for spring columns (`JCBC(5)=2`). `ICBED`, `ICBOT`, `ICLFL`, `ICLFN`,
!> `ICLHL`, `ICLHN`, `ICLYRB`, `ICTOP`, `JCACN`, `JCBC`, and `JELDUM` are static
!> functions of `IEL`, fixed once by the setup phase and unchanged thereafter.
!>
!> For each local iteration, the routine:
!>
!> | Step | Routine/action |
!> |:-----|:---------------|
!> | Hydraulic functions | [[vsfunc]] interpolates \(\theta\), storage, \(K_r\), and derivatives from the [[vssoil]] tables. |
!> | Internal coefficients | [[vscoef]] builds vertical and lateral conductance terms. |
!> | Matrix assembly | [[vsintc]] forms the tridiagonal arrays `CA`, `CB`, `CC`, and `CR`. |
!> | Upper boundary | [[vsuppr]] applies infiltration/exfiltration from surface water. |
!> | Well or spring | [[vswell]] or [[vsspr]] adds type 1 or 2 source/sink terms. |
!> | Lateral/stream boundaries | [[vsbc]] handles manual lateral boundary types 3-5; [[vssai]] handles stream-aquifer types 9 and 10. |
!> | Lower boundary | [[vslowr]] adds bottom flow/head/free-drainage terms. |
!> | Linear solve | `TRIDAG` solves for pressure-head increments `CDPSI`. |
!>
!> A column is computationally converged when
!>
!> \[
!>   \max_c |\Delta\psi_c| \le 10^{-4}
!> \]
!>
!> within the 100 local iterations, exiting the loop immediately via `EXIT
!> OUT500`.
!>
!> After the pressure update, internal vertical fluxes are recomputed as
!>
!> \[
!>   CQV_c =
!>   {\beta_{c+1}\left[(z_c+\psi_c)-(z_{c+1}+\psi_{c+1})\right]\over CA0},
!> \]
!>
!> and regular lateral fluxes as
!>
!> \[
!>   CQH_{j,c} =
!>   \gamma_1(H_1-H_0)+\gamma_2(H_2-H_0),
!> \]
!>
!> where the \(\beta\) and \(\gamma\) conductances come from [[vscoef]]. The
!> phreatic-surface level is taken from the highest cell whose pressure head is
!> non-negative, bounded below by the bottom-cell base elevation.
!>
!> @warning
!> The error-reporting block only checks `NIT > NITMAX .AND. ELEVEL > 0`, i.e.
!> whether the loop ran to completion without converging; the severity
!> argument passed to `ERROR` is the caller-supplied `ELEVEL`, not a fixed
!> `ERRLVL_warn`. Repeated messages are limited by the saved `errorcount` and
!> `errcntallowed`.
!> @endwarning
!>
!> @note
!> `EESN`, `ICLGN`, `ICLGL`, and `CLG` are not used in this routine. Manual
!> lateral head-gradient boundary categories are therefore not applied here;
!> `JCBC=5` reaches [[vsbc]], which only prints its unfinished-code message.
!> `CQH` is not reset for all faces and cells; entries are assigned only by the
!> active boundary/stream-aquifer calls or by the final active-neighbour flux
!> loop.
!> @endnote
!>
!> @history
!>
!> | Date | Author | Version | Description |
!> |:-----|:-------|:--------|:------------|
!> | 1994-07-29 | GP | 4.0 | Written; version 4.0 completed 1996-07-17. |
!> | 1996-12-20 | RAH | 4.1 | Removed commented-out lines. |
!> | 1996-12-28 | RAH | 4.1 | Arguments: added `CWV`/`CWL`, removed `BUG`; made `IFA` local. Removed `COMMON /CCCOLM/` and the `CETAO`/`CKRO` lines. [[vscoef]] arguments: removed `IEL`/`NIT`, added `CWV`/`CWL`. |
!> | 1997-01-21 | RAH | 4.1 | Made `CEPSMX` and `NITMAX` constants; used a `DO 500` loop instead of `GOTO`; used generic intrinsics; removed the redundant `ICPSL`; extended (and de-duplicated) the [[vsfunc]] argument list. |
!> | 1997-01-22 | RAH | 4.1 | Extended the [[vscoef]] argument list. |
!> | 1997-01-23 | RAH | 4.1 | Made the [[vscoef]] outputs arguments and `CETA`, `CDETA`, `CDKR` local; eliminated further arguments, including `CBETP` (now `CBETM(ICL+1)`). |
!> | 1997-01-26 | RAH | 4.1 | Gave [[vsintc]] a full argument list and made `CA`/`CC` local. |
!> | 1997-01-27 | RAH | 4.1 | Gave [[vsuppr]], [[vswell]], [[vsspr]], and [[vsbc]] full argument lists. |
!> | 1997-01-31 | RAH | 4.1 | Gave [[vslowr]] a full argument list and made its call unconditional; removed the redundant `I1`. |
!> | 1997-02-03 | RAH | 4.1 | Gave [[vssai]] a full argument list and repositioned its call; replaced input `CV` with `CA0`/`CDELZ`; made `CDPSI`, `CB`, `CR` local; replaced output `CQINF` with `CQV(ICTOP)`; passed `CA0` to [[vswell]]; simplified the `CPSL` code; added the `CGAM2` term to `CQH` unconditionally. |
!> | 1997-02-07 | RAH | 4.1 | Removed the [[vswell]] output `CQW`. |
!> | 1997-02-10 | RAH | 4.1 | Removed the output argument `NITC` and the `CQBK*` commons; moved inputs `BCHELE`, `CA0`, `CZG`, `DT`, `CPSIN` and outputs `CQSP`, `CPSL` from `VSCOLM.INC` into the argument list; moved input `SIGMA` into [[vsintc]]; initialised `CQH`. |
!> | 1997-05-13 | RAH | 4.1 | Used `VSK3D(ICSOIL(ICL),?)` for `CKIJS(ICL,?)`/`CKZS(ICL)`; swapped the `CAIJ`, `CQH`, `JCACN`, and `JCDEL` indices; replaced `VSCOLM.INC` with arguments. |
!> | 1997-05-14 | RAH | 4.1 | [[vsbc]] arguments: removed `DWORK2`, added `IFA` (also to [[vssai]]). [[vsuppr]] arguments: replaced `CDW`, `CEW`, `CQP` with `CDNET`. [[vswell]] arguments: reordered; stopped initialising `CQH`. Added local `DPSI`; removed the block-`IF` when setting `CPSL`. |
!> | 1997-05-15 | RAH | 4.1 | Reordered the argument list. |
!> | 1998-04-02 | RAH | 4.2 | Replaced the local `ERR` with the new argument `ELEVEL` (see [[vssim]]). |
!> | 1998-11-03 | SPA | - | Added the `depadj` argument, carrying the adjacent channel water depth through to [[vssai]] for the channel-aquifer flow correction. |
!> | 2009-01 | JE | 4.3.5F90 | Restructured loops for automatic differentiation. |
!> | 2026-04-06/07 | SvB | 4.6 | The `GOTO`-driven `g510`/label-510 exit flag was replaced with a direct `EXIT OUT500`; the non-convergence report now checks `NIT > NITMAX` instead of a separate flag, and uses `ELEVEL` (not a fixed `ERRLVL_warn`) as the reported severity. The phreatic-surface search loop was rewritten from a labelled `DO`/`GOTO` pair to `EXIT search_loop`, with equivalent behaviour. The explicit array-section copy into `TRIDAG` was replaced with scalar-start dummy arguments (relies on sequence association). |
!> @endhistory"
VSCONC,subroutine,src/subsurface/VSmod.f90,VSmod,1297,1798,1221,1221,False,src/subsurface/vs_connectivity.f90,vs_connectivity,"Builds the cell, layer and link connectivity of the subsurface mesh.",0,,0,,"!> Builds VSS cell thicknesses, node elevations, and cell connectivity.
!>
!> `VSCONC` translates the manual `VS06` soil-zone cell depths, `VS07`
!> river-bed cell depths, `VS08` aquifer-zone layer definitions, `VS09` river
!> bed geometry, and the layer connectivity prepared by [[vsconl]] into the
!> cell mesh used by the VSS solver.
!>
!> Required setup conditions include positive VSS array bounds, `VSZMAX > 0`,
!> non-negative `VSZMIN`, `NCSZON`, and `NCRBED`, `LLEE >= NCSZON`, and enough
!> model layer capacity (`NLYREE > NLYR`) for active land elements. Soil-zone
!> cell depths `DCSZON` must be at least `VSZMIN`; aquifer layer boundaries
!> must be ordered and compatible with the prescribed soil-zone depths; and
!> regular neighbour faces in `ICMREF` must reference valid elements and faces.
!> The routine is designed to be called once during VSS initialisation.
!>
!> Cell construction proceeds bottom-up. Aquifer layers are subdivided into
!> equal cells no larger than `VSZMAX`, unless later connectivity checks require
!> additional subdivision. The soil zone is then appended from the manual
!> top-down `DCSZON` depths, and link elements receive additional river-bed
!> cells from `DCRBED`. Bank elements are mirrored across each link when
!> explicit banks are enabled.
!>
!> The main outputs are:
!>
!> | Array | Meaning |
!> |:------|:--------|
!> | `DELTAZ(cell,element)` | VSS cell thickness. |
!> | `ZVSNOD(cell,element)` | Cell-node elevation. |
!> | `NLYRBT(element,layer)` | Bottom-cell index for each model layer. |
!> | `top_cell_no` / `LL` | Maximum active cell index after renumbering. |
!> | `JVSACN(face,cell,element)` | Adjacent cell connected across a face. |
!> | `JVSDEL(face,cell,element)` | Split-cell offset used when one cell connects to two neighbour cells. |
!> | `NHBED`, `FHBED` | River-bed cell index and bed fraction metadata for channel links. |
!>
!> Connectivity is first direct-matched in the soil zone and below river beds.
!> Aquifer-zone connectivity follows `JVSALN`, which encodes the layer ranges
!> allowed to exchange laterally. When two connected layer ranges have too few
!> cells to represent the required one-to-one or one-to-two split-cell
!> connections, `VSCONC` records extra layer subdivisions in `LRENUM` and
!> rebuilds the mesh. If repeated rebuilding reaches the element-count limit,
!> the routine exits through the existing fatal-error path.
!>
!> @note
!> `LRENUM` and `NRENUM` are module-lifetime state (an initialised local array
!> and a `SAVE`d counter) and therefore retain state between calls. The routine
!> also calls [[initialise_vsmod]] and `INITIALISE_AL_C` after each
!> mesh-construction pass, before the final rebuild test can loop back for
!> another pass. This matches the original one-call setup assumption; repeated
!> calls, or a rebuild after allocation routines that do not tolerate repeated
!> allocation, are not safe.
!> @endnote
!>
!> @note
!> The local `nlyrmax` is declared but not used anywhere in the routine body.
!> @endnote
!>
!> @history
!>
!> | Date | Author | Version | Description |
!> |:-----|:-------|:--------|:------------|
!> | 1994-07-20 | GP | 4.0 | Written; version 4.0 completed 1996-01-17. |
!> | 1997-03-26 | RAH | 4.1 | Generic intrinsics; moved the `ERROR` calls to the end; new locals `ZAQTOP`, `ZLBOT`, `ZNODE`, `ICOL1`, `ICL0`, `NCL`; scrapped local `ZDUM1`; automatic type conversion; renamed locals `NDUM`, `ZDUM2`, `ZDUM3`, `Zasum`, `Zasum1`; replaced label/`GOTO 970` with `MAX(ZERO,VSZMIN)`; swapped the `DELTAZ`/`ZVSNOD` subscripts and moved `IBANK2`; moved a block-`IF` outside loop 974 and made it unconditional; put labels in order; defined `DELTAZ`/`ZVSNOD` for `ICL=1`; ran loop 1100 only when `ICL0>0`, called `ALINIT`, and removed loop 1170 (zeroing sub-cells); initialised `NRENUM` in `DATA`; started the `NLYRBT` search at `ICL0+1` without testing `DELTAZ>0`. |
!> | 1997-04-02 | RAH | 4.1 | Started loop 1600 at `ICOL1` instead of using a `GOTO`; rationalised the tests in loop 1500; swapped the `JVSACN`/`JVSDEL` subscripts and initialised them to `0` (previously `IUNDEF`); declared `NCELL`, `NACELL`, `ZDIFF`. |
!> | 1997-04-22 | RAH | 4.1 | Initialised `LRENUM` to `0` (previously `IUNDEF`) and tested `NCLYR<=0`. |
!> | 1997-04-23 | RAH | 4.1 | Started loop 1000 at `NLF+1` rather than testing for element type 3. |
!> | 1997-05-22 | RAH | 4.1 | Removed the ""unfinished code"" message and simplified a test. |
!> | 1997-05-23 | RAH | 4.1 | Set `ZVSNOD(1,IEL)` less than `ZLYRBT(IEL,1)`. |
!> | 1997-06-12 | RAH | 4.1 | Simplified loop 1120, cancelling the two preceding modifications. |
!> | 1997-07-18 | RAH | 4.1 | Renamed `ZLBOT` to `ZAQBOT`; put labels in order; used `IEL <= NLF` in place of `ITYPE == 3`; used `GOTO 1585` instead of an `ELSE`; fixed an error setting `ITOP`/`JTOP` for links (previously `LL-NCSZON`); used `NMOD` instead of `100` and merged the layer `IF`-blocks; rationalised the tests for skipping loop 1590; renamed `IALDUM`/`JALDUM` to `IRANGE`/`JRANGE`; scrapped inconsistency error 1049; fixed an aquifer-zone error (skip if either, not both). |
!> | 1997-07-28 | RAH | 4.1 | Scrapped local `IUNDEF` and arrays `LIDUM`/`LJDUM`; fixed errors in message 1037 (print `I`/`J`, not `LIDUM`/`LJDUM`, which were always 1) and at the top of the aquifer zone (`GOTO 1585`, not `1590`, for `BDONE`). |
!> | 1997-07-30 | RAH | 4.1 | Refined the split-cell treatment so splits do not straddle null cells; flagged warnings 1037 and 1053 once only; scrapped inconsistency error 1050; completed the `IEL` loop before renumbering instead of jumping out immediately. |
!> | 1997-08-01 | RAH | 4.1 | Completed the split-cell logic by spreading foregone splits (previously ill-specified); reduced the `MSG` size; simplified a test; stopped connecting the ends of river-bed cells. |
!> | 1997-08-06 | RAH | 4.1 | Added further entry conditions. |
!> | 1997-08-11 | RAH | 4.1 | Amended the `PAIR` logic to use `MISS`. |
!> | 2026-04-06/07 | SvB | 4.6 | Rewrote the cell-renumbering outer loop, layer-matching search, and split-cell pairing loop from labelled `GOTO`s to `DO`/`DO WHILE` constructs with `CYCLE`/`EXIT`; replaced `CALL ALINIT` zero-initialisation with Fortran 90 array-slice assignment; converted the obsolete `FNCELL` statement function (never actually defined as a callable in the pre-modernisation source) into the contained function below; replaced the non-standard `IDIMJE` intrinsic with an equivalent `MAX(0, ...)` expression. All of these are direct control-flow/style translations with the same per-cell arithmetic. |
!> @endhistory"
FNCELL,function,src/subsurface/VSmod.f90,VSmod,1790,1796,1784,1784,True,src/subsurface/vs_connectivity.f90,vs_connectivity,"Builds the cell, layer and link connectivity of the subsurface mesh.",0,,0,,"!> Returns the number of VSS cells spanned by one model layer interval.
      !>
      !> Replaces the obsolete Fortran statement function of the same name
      !> (the pre-modernisation source only commented out its definition, so
      !> `FNCELL` had never actually been a callable statement function; this
      !> contained function restores it with the same formula)."
VSCONL,subroutine,src/subsurface/VSmod.f90,VSmod,1869,2110,1800,1800,False,src/subsurface/vs_connectivity.f90,vs_connectivity,"Builds the cell, layer and link connectivity of the subsurface mesh.",0,,0,,"!> Builds the layer-to-layer lateral connectivity matrix.
!>
!> `VSCONL` builds the layer-level lateral connectivity used later by
!> [[vsconc]] to create cell-level links. It combines default aquifer-zone
!> matching with the manual `VS10`/`VS10a` user-defined aquifer connectivity
!> records (`IAQCON`).
!>
!> Required setup conditions are that the routine is called at most once per
!> run; `NAQCON` does not exceed `NVSEE` (the declared second dimension of
!> `IAQCON`); `1 <= NEL <= NELEE`, `NLF >= 0`, and `1 <= NLYR(1:NEL) <= NLYREE`;
!> and, for every element `e` from `ICOL1` to `NEL` and every face `1:4`, the
!> adjacent element `ea = ICMREF(e,4+face)` satisfies `ea <= NEL`, with
!> `1 <= ICMREF(e,8+face) <= 4` whenever `ea >= ICOL1`. If explicit banks are
!> not present, active VSS columns start at `NLF+1`; otherwise links and bank
!> elements are included from element 1.
!>
!> `JVSALN(element,layer,face)` stores the range of layers in the adjacent
!> element connected to this layer. A value of zero means no lateral connection.
!> Non-zero ranges are encoded compactly as
!>
!> \[
!>   JVSALN = NMOD\,l_{min}+l_{max},\qquad NMOD=NLYREE+1.
!> \]
!>
!> For each neighbouring element pair, `IAQCON(:,i)` records are first checked
!> for this pair. Layer numbers must be in range. Positive user records are
!> accumulated into inclusive connected-layer ranges, while conflicting
!> null/non-null records are reported as error 1038 and counted in `NVSERR`.
!>
!> Default matching starts immediately below the soil-zone depth
!> \(ZGRUND-DCSTOT\), using a small tolerance to avoid roundoff at exact layer
!> boundaries. When no user record overrides the pair, layers with the same
!> soil/lithology type are connected one-to-one. If soil types differ, the
!> routine skips downward through one or both columns until it finds the next
!> compatible soil type or user-specified connection, trying to preserve
!> continuity where possible. Boundary faces, branched channels, and link-flank
!> faces receive null connectivity.
!>
!> @warning
!> The legacy comments describe layer zero in `IAQCON` as an explicit null
!> connection, but a new one-sided zero record is not stored as a simple null
!> marker by the current range-building code. Use positive layer-pair records
!> for user-defined connectivity and do not rely on one-sided zero records to
!> block default matching.
!> @endwarning
!>
!> @note
!> The local `BDONE` array is `DATA`-initialised and retained between calls.
!> This is another reason the routine follows the original one-call setup
!> assumption. Note also that `NAQCON` and `IAQCON` carry no `INTENT`
!> attribute in the current declaration (both are read-only in this routine).
!> @endnote
!>
!> @history
!>
!> | Date | Author | Version | Description |
!> |:-----|:-------|:--------|:------------|
!> | 1994-07-20 | GP | 4.0 | Written; version 4.0 completed 1995-08-08. |
!> | 1997-05-08 | RAH | 4.1 | New locals `ICOL1`, `JTYPE`, `LYR`, `NLYRI`; simplified the null-connectivity test and amended its comment; generic intrinsics; removed the illegal `DATA` statement for `JVSALN`. |
!> | 1997-05-22 | RAH | 4.1 | Fixed an error setting `JLMAX` (used `JLMIN`, not `ILMIN`); scrapped the ""null connectivity"" message (error 1047). |
!> | 1997-06-30 | RAH | 4.1 | Moved `NAQCON`/`IAQCON` from `VSINIT.INC` into the argument list and swapped their indices (see [[vsread]]). |
!> | 1997-07-03 | RAH | 4.1 | Initialised `JVSALN` to `0` (previously `IUNDEF`) once and for all, but only for active elements and only up to `NLYR(iel)+1`. |
!> | 1997-07-10 | RAH | 4.1 | Redefined `IUNDEF` (previously `9999`); used `NMOD` instead of `100`; added detail to the `ERROR` message; put labels in order; rewrote loop 110 and fixed an error there (multiply `JLYR` by `NMOD+1` on first assignment); trapped invalid `JLYR`. |
!> | 1997-07-11 | RAH | 4.1 | New local `ZSMALL`; rewrote loop 200 and fixed errors there: set `JVSALN` on both sides for user-defined connectivity, corrected the expressions for `ILMIN` and similar, and generalised the default strategy (previously it checked/set a single embedded layer, missing some, else matched soils, else moved down a layer). Used `-1` for `IUNDEF`. |
!> | 1997-07-14 | RAH | 4.1 | Left bank-link faces at zero (never used anyway); moved the loop 200 criterion to the start (previously at the end); set `ISOILP=0` for `ILYR=NLYRI` and used `JSOILP`. |
!> | 1997-07-21 | RAH | 4.1 | Made `JVSALN` always either `0` or `NMOD*imin+imax`. |
!> | 1997-08-13 | RAH | 4.1 | Stopped giving up on a face when no match is found for `ILYR`/`JLYR`. |
!> | 2026-04-06/07 | SvB | 4.6 | Rewrote labelled `GOTO` loops (default-connectivity initialisation, per-pair layer counters, the layer-matching search, and the connected-range walk) as `DO`/`DO WHILE` constructs with `CYCLE`/`EXIT`; no change to the matching arithmetic. |
!> @endhistory"
VSFUNC,subroutine,src/subsurface/VSmod.f90,VSmod,2188,2330,2112,2112,False,src/subsurface/vs_column_solver.f90,vs_column_solver,Assembles and solves the tridiagonal pressure-head correction.,0,,0,,"!> Interpolates soil hydraulic functions for a column.
!>
!> `VSFUNC` evaluates the soil hydraulic functions needed by [[vscolm]] for
!> every active cell in one column, using the lookup tables prepared by
!> [[vssoil]]. Given pressure potential `CPSI`, it returns moisture content
!> `CTHETA`, storage coefficient `CETA`, relative hydraulic conductivity `CKR`,
!> derivative of storage `CDETA`, and derivative of relative conductivity
!> `CDKR`.
!>
!> Required entry conditions are: `1 < NVSSOL <= NSOLEE`; `VSPPSI` is strictly
!> decreasing; `ICBOT <= ICTOP`; `ICSOIL(ICBOT:ICTOP)` contains valid soil
!> indices, i.e. `0 < ICSOIL <= NS`, where `NS` is the size of the second
!> dimension of `VSPTHE`, `VSPKR`, `VSPETA`, `VSPDKR`, and `VSPDET`; and the
!> print/error unit is available for diagnostics.
!>
!> For each cell, the previous interval index `ICSTOR(c)` is used as the first
!> guess. The routine then hunts up or down the monotonic pressure-head table
!> with doubling increments and finishes with bisection, following the `HUNT`
!> search pattern from Press et al. (1992), *Numerical Recipes in FORTRAN: The
!> Art of Scientific Computing*, 2nd ed., p. 112. It stores the lower bracket
!> `j = ICSTOR(c)` such that, after clipping to the valid table range,
!>
!> \[
!>   VSPPSI_j \ge CPSI_c \ge VSPPSI_{j+1}.
!> \]
!>
!> The interpolation fraction is
!>
!> \[
!>   p = {CPSI_c - VSPPSI_j\over VSPPSI_{j+1}-VSPPSI_j}.
!> \]
!>
!> `CTHETA`, `CKR`, `CDKR`, and `CDETA` are linearly interpolated as
!>
!> \[
!>   X_c = X_j + p(X_{j+1}-X_j),
!> \]
!>
!> using `VSPTHE`, `VSPKR`, `VSPDKR`, and `VSPDET`, respectively. `CETA` is
!> assigned from `VSPETA(j+1,soil)` as in the legacy implementation.
!>
!> On a successful return, for each cell `c` in `ICBOT:ICTOP`, with
!> `j = ICSTOR(c)` and `s = ICSOIL(c)`, the stored interval and returned values
!> satisfy the bracketing implied by the strictly decreasing `VSPPSI` table:
!>
!> | Quantity | Exit condition |
!> |:---------|:---------------|
!> | `ICSTOR(c)` | `0 < j < NVSSOL` |
!> | `CPSI(c)` | `VSPPSI(j) >= CPSI(c) >= VSPPSI(j+1)` because `VSPPSI` is strictly decreasing. |
!> | `CTHETA(c)` | Bounded by the bracketing `VSPTHE(j,s)` and `VSPTHE(j+1,s)` values. |
!> | `CETA(c)` | Taken from `VSPETA(j+1,s)`; for monotone table segments this lies between `VSPETA(j,s)` and `VSPETA(j+1,s)`. |
!> | `CKR(c)` | Bounded by the bracketing `VSPKR(j,s)` and `VSPKR(j+1,s)` values. |
!> | `CDETA(c)` | Bounded by the bracketing `VSPDET(j,s)` and `VSPDET(j+1,s)` values. |
!> | `CDKR(c)` | Bounded by the bracketing `VSPDKR(j,s)` and `VSPDKR(j+1,s)` values. |
!>
!> If \(p\) falls outside `[0,1]`, the routine raises fatal error 1034 or 1035
!> with a wet/dry diagnostic for the offending element and cell.
!>
!> @note
!> In the current restructured loop, an out-of-range cell sets the local
!> `IS_ERROR` flag and exits the cell loop immediately (`EXIT OUT100`) before
!> the fatal `ERROR` call is made after the loop. Output values after the
!> offending cell should therefore be treated as undefined on this path.
!> @endnote
!>
!> @history
!>
!> | Date | Author | Version | Description |
!> |:-----|:-------|:--------|:------------|
!> | 1994-08-18 | GP | 4.0 | Written. |
!> | 1996-12-20 | RAH | 4.1 | Removed long and leading comments; declared externals; used explicit sizes where possible; made `ICSTOR` in+out; removed redundant execution and lower-case code. |
!> | 1997-01-21 | RAH | 4.1 | Passed data through arguments instead of `COMMON`; allowed the end-point cases; removed redundant arguments and commented-out code. |
!> | 1997-01-22 | RAH | 4.1 | Amended the entry conditions; used a branch for the `ERROR` call. |
!> | 2009-01 | JE | 4.3.5F90 | Restructured loops for automatic differentiation. |
!> | 2026-04-06/07 | SvB | 4.6 | Rewrote the labelled `GOTO`-driven hunt/bisection search as `DO WHILE` loops with named `EXIT`s; renamed the GOTO-era `g8100` flag to `IS_ERROR`. Same search algorithm and bracketing result. |
!> @endhistory"
VSIN,subroutine,src/subsurface/VSmod.f90,VSmod,2394,2613,2332,2332,False,src/subsurface/vs_input.f90,vs_input,Reads the subsurface data and initial-condition files.,1,src/frame/FRmod.f90,0,,"!> Initialises the VSS component.
!>
!> `VSIN` controls one-time setup of the VSS component before the first
!> timestep. It allocates shared run-size arrays, reads the manual VSS data
!> file through [[vsread]], initialises time-varying boundary input streams,
!> constructs layer and cell connectivity, builds soil hydraulic lookup tables,
!> and creates the initial pressure-head and conductivity fields.
!>
!> The setup sequence is:
!>
!> | Step | Action |
!> |:-----|:-------|
!> | Allocate shared storage | `INITIALISE_AL_C2` allocates arrays needed before `top_cell_no` is known. |
!> | Read VSS input | [[vsread]] loads `VSD` data and returns user aquifer connectivity `IAQCON`. |
!> | Prime boundary files | First records are read for well, lateral-flow/head, and bottom-flow/head files when their category counts are non-zero. |
!> | Build connectivity | [[vsconl]] creates layer connectivity and [[vsconc]] creates cells, node elevations, and cell connectivity. |
!> | Locate wells/springs | `NWELBT`, `NWELTP`, and `NVSSPC` are set from well screen depths and spring source depths. |
!> | Soil tables | [[vssoil]] builds pressure-head lookup tables for each soil/lithology. |
!> | Initial conditions | `INITYP` selects the initial pressure-head setup. |
!> | Initial conductivity | [[vsfunc]] checks/interpolates initial pressure heads and fills `VSKR`; `IVSSTO` stores lookup-table interval indices. |
!>
!> Initial-condition handling follows the manual `VS03`/`VSI` options:
!>
!> | `INITYP` | Initialisation |
!> |:---------|:---------------|
!> | 1 | Uniform phreatic-surface depth `VSIPSD`; equilibrium profile \(VSPSI=z_{psl}-z_{node}\). |
!> | 2 | Phreatic-surface elevations read from the `VSI` file; equilibrium profile. |
!> | 3 | Full cell pressure potentials read from `VSI`; `ZVSPSL` is derived from the highest non-negative pressure head. |
!>
!> Main outputs are well screen cell bounds `NWELBT`/`NWELTP`, spring source
!> cell `NVSSPC`, pressure heads `VSPSI`, phreatic-surface levels `ZVSPSL`,
!> lookup interval state `IVSSTO`, and initial relative conductivity `VSKR`.
!> Data-reading or initialisation errors accumulate in `NVSERR`; any non-zero
!> count raises fatal error 1040 via the contained `ABORT_VSIN`.
!>
!> @note
!> `ISTART` is `1` when explicit banks are present and `total_no_links+1`
!> otherwise. `INITYP=2` and `INITYP=3` therefore read `VSI` data only for
!> `ISTART:total_no_elements`, not necessarily for every manual element listed
!> in the `VSI` table. For `INITYP=3`, each element record must appear in that
!> exact increasing order; a mismatched `IEL` raises error 1041 and then the
!> accumulated fatal error 1040.
!> @endnote
!>
!> @warning
!> Well-screen depths (`VS12b`) and spring source depths (`VS13b`) are assumed
!> to fall inside the generated column cells. If a depth search fails, the code
!> falls through with the loop index beyond the searched range rather than
!> reporting a dedicated bounds error.
!> @endwarning
!>
!> @history
!>
!> | Date | Author | Version | Description |
!> |:-----|:-------|:--------|:------------|
!> | 1994-07-20 | GP | 4.0 | Written; version 4.0 completed 1996-10-21. |
!> | 1997-01-22 | RAH | 4.1 | Removed long/leading comments and lower-case code; amended the externals list; extended the [[vsfunc]] argument list. |
!> | 1997-05-12 | RAH | 4.1 | Swapped the `IVSSTO`/`VSKR` indices and scrapped the local arrays `ICSDUM`/`CKRDUM`; likewise swapped `DELTAZ`, `ZVSNOD`, `VSPSI` and scrapped `CPSDUM`; scrapped the outputs `VSETAN`/`VSKRN`; rationalised and initialised loops 800 and 950; generic intrinsics; made more use of `ISTART`; put labels in order. |
!> | 1997-05-22 | RAH | 4.1 | Defaulted `NWELTP` to 1; used `GOTO` for errors and fixed an error in message 1041. |
!> | 1997-06-30 | RAH | 4.1 | Brought `NAQCON`/`IAQCON` from `VSINIT.INC`, swapped their indices, and passed them to [[vsread]] and [[vsconl]]; used format 9010 in place of 9020; replaced `NGDBGN` with `NLF+1`. |
!> | 2026-04-06/07 | SvB | 4.6 | Replaced the `GOTO 8900`-based fatal-error exit with the contained `ABORT_VSIN` routine, called from the two error sites; converted well/spring search loops and the `INITYP=3` layer loop from labelled `GOTO`s to named `DO`/`EXIT` constructs. Same error conditions and search results. |
!> @endhistory"
ABORT_VSIN,subroutine,src/subsurface/VSmod.f90,VSmod,2605,2611,2602,2602,True,src/subsurface/vs_input.f90,vs_input,Reads the subsurface data and initial-condition files.,0,,0,,"!> Reports the accumulated VSS data-reading/initialisation error count
      !> and stops via fatal error 1040. Replaces the legacy `GOTO 8900` exit
      !> from [[vsin]]."
VSINTC,subroutine,src/subsurface/VSmod.f90,VSmod,2692,2806,2615,2615,False,src/subsurface/vs_sources.f90,vs_sources,"Well, spring, boundary and interception source terms.",0,,0,,"!> Adds inter-column exchange coefficients to the column system.
!>
!> `VSINTC` assembles the base tridiagonal system for one VSS column before
!> [[vscolm]] adds upper, lower, well, spring, lateral-boundary, and
!> stream-aquifer terms. It combines storage, vertical inter-cell flow, internal
!> lateral exchange to already known neighbour heads, and existing source/sink
!> terms `CQ`.
!>
!> Required entry conditions are `1 <= ICBOT <= ICTOP <= LLEE` and `DT > 0`. In
!> addition, for every face `j` with `JELDUM(j) > 0` and `JCBC(j) /= 9`, and
!> every cell `i` with `JCACN(j,i) /= 0`, both `k = JCACN(j,i)` and
!> `k1 = k + JCDEL1(k,j)` must lie in `1:LLEE`.
!> For any face with a regular neighbour (`JELDUM(j)>0`) that is not handled as
!> stream-aquifer interaction (`JCBC(j) /= 9`), each non-zero `JCACN(j,i)` must
!> point to a valid neighbour cell `k`, and `k1 = k + JCDEL1(k,j)` must also be
!> valid. The neighbour heads and conductances supplied by [[vssim]] and
!> [[vscoef]] are assumed to be consistent with those indices.
!>
!> The scheme is currently fully implicit (`SIGMA = 1`). Effective hydraulic
!> head is formed as
!>
!> \[
!>   H_i = \sigma\psi_i + (1-\sigma)\psi_i^n + z_i,\qquad \sigma=1.
!> \]
!>
!> For each cell, the storage volume factor and linearised storage terms are
!>
!> \[
!>   V_i/\Delta t = {CDELZ_i\,CA0\over DT},\qquad
!>   G_i = CETA_i\,V_i/\Delta t,\qquad
!>   G'_i = CDETA_i\,V_i/\Delta t .
!> \]
!>
!> Using the vertical conductances `CBETM(i)` and `CBETM(i+1)` from [[vscoef]],
!> the routine fills lower diagonal `CA`, upper diagonal `CC`, diagonal `CB`,
!> and right-hand side `CR`. In compact form, the residual being linearised is
!>
!> \[
!>   R_i =
!>   H_{i-1}\beta_i - H_i CF_i + H_{i+1}\beta_{i+1}
!>   -(\psi_i-\psi_i^n)G_i + CQ_i ,
!> \]
!>
!> with derivative terms from `CDBETM`, `CDBTMM`, and `CDF` included in the
!> assembled matrix.
!>
!> Lateral neighbour contributions are then added for regular faces:
!>
!> \[
!>   CR_i \leftarrow CR_i - H_k\gamma_1 - H_{k1}\gamma_2,\qquad
!>   CB_i \leftarrow CB_i + H_k\gamma'_1 + H_{k1}\gamma'_2,
!> \]
!>
!> where `CGAM1/2` and `CDGAM1/2` are lateral conductances and derivatives from
!> [[vscoef]]. Faces with `JCBC=9` are skipped here because [[vssai]] adds those
!> stream-aquifer terms separately. Faces with `JCBC=10` are not skipped by this
!> routine; any non-zero `JCACN` entries still contribute regular lateral terms,
!> and [[vssai]] then adds the stream-aquifer contribution.
!>
!> @note
!> `CQ` is already premultiplied by the cell volume factor in [[vssim]], as of
!> the 1997-05-14 change recorded below. This routine treats it as an assembled
!> residual/source term, not as a flux density to be scaled again.
!> @endnote
!>
!> @history
!>
!> | Date | Author | Version | Description |
!> |:-----|:-------|:--------|:------------|
!> | 1994-08-20 | GP | 4.0 | Written; version 4.0 completed 1995-06-22. |
!> | 1997-01-20 | RAH | 4.1 | Rewritten to use fewer operations and to stop overwriting the input arrays. |
!> | 1997-01-26 | RAH | 4.1 | Dispensed with the inputs `IEL`, `CB*P`, `CD*P`, `CDFM`, and `C*G`; passed data through arguments instead of `COMMON`. |
!> | 1997-02-03 | RAH | 4.1 | Replaced input `CV` with `CA0` and `CDELZ`. |
!> | 1997-02-10 | RAH | 4.1 | Made the input `SIGMA` a local. |
!> | 1997-05-14 | RAH | 4.1 | `CQ` is now pre-multiplied by `CA0*CDELZ` by the caller (see [[vssim]]); swapped the `JCACN` indices. |
!> | 2026-04-06/07 | SvB | 4.6 | Rewrote the lateral-terms `GOTO`-skip logic as `CYCLE` on named loops; added the `PURE` attribute (the routine performs no I/O and modifies only its `INTENT(OUT)` dummy arguments). No change to the assembled coefficients. |
!> @endhistory"
VSLOWR,subroutine,src/subsurface/VSmod.f90,VSmod,2864,2914,2808,2808,False,src/subsurface/vs_sources.f90,vs_sources,"Well, spring, boundary and interception source terms.",0,,0,,"!> Adds lower boundary-condition terms to the bottom VSS cell.
!>
!> `VSLOWR` applies the manual bottom boundary categories (`VS17`/`VS18`) to the
!> bottom cell of the column matrix assembled by [[vscolm]]. The required entry
!> condition is `CDELZ > 0`.
!>
!> Implemented behaviour is:
!>
!> | `JCBC` | Manual boundary type | Code behaviour |
!> |:-------|:---------------------|:---------------|
!> | 6 | prescribed column-base flow | Uses `CBF` directly. |
!> | 7 | prescribed column-base head | Applies a conductance term to head `CBH`. |
!> | 8 | free drainage | Currently falls through to zero lower-boundary flux. |
!> | other | no-flow/default | Zero lower-boundary flux. |
!>
!> For prescribed flow,
!>
!> \[
!>   q_b = CBF,\qquad {dq_b\over d\psi}=0.
!> \]
!>
!> For prescribed head, with bottom cell centre elevation `CZ`, pressure head
!> `CPSI`, saturated vertical conductivity `CKZS`, relative conductivity `CKR`,
!> and derivative `CDKR`,
!>
!> \[
!>   \Delta h = CBH - CZ - CPSI,\qquad
!>   K_{\Delta z} = {CKZS\over 0.5\,CDELZ},
!> \]
!>
!> \[
!>   q_b = K_{\Delta z}CKR\,\Delta h,\qquad
!>   {dq_b\over d\psi} = K_{\Delta z}(CDKR\,\Delta h - CKR).
!> \]
!>
!> The diagnostic/output lower flux is `CQV = q_b`. The linearised contribution
!> is inserted into the bottom-cell equation as
!>
!> \[
!>   CB \leftarrow CB + CA0\,{dq_b\over d\psi},\qquad
!>   CR \leftarrow CR - CA0\,q_b .
!> \]
!>
!> @note
!> None of this routine's dummy arguments carry an `INTENT` attribute in the
!> current declarations, unlike most other routines in this module.
!> @endnote
!>
!> @history
!>
!> | Date | Author | Version | Description |
!> |:-----|:-------|:--------|:------------|
!> | 1994-08-22 | GP | 4.0 | Written. |
!> | 1997-01-20 | RAH | 4.1 | Removed leading comments and lower-case code; combined `IF`-blocks; introduced the local `CQVDUM`. |
!> | 1997-01-31 | RAH | 4.1 | Passed data through arguments instead of `INCLUDE` blocks; declared `CDQDUM` as `DBLE` rather than `DOUBLEPRECISION`. |
!> @endhistory"
VSMB,subroutine,src/subsurface/VSmod.f90,VSmod,2974,3094,2916,2916,False,src/subsurface/vs_driver.f90,vs_driver,Iterates the coupled subsurface columns and checks their mass balance.,0,,0,,"!> Applies a post-solve mass-balance correction to VSS flux arrays.
!>
!> `VSMB` adjusts reported lateral VSS fluxes after [[vssim]] has solved the
!> pressure-head and water-content fields. It uses the previous water contents
!> `VSTHEN`, current `VSTHE`, vertical fluxes `QVSV`, lateral fluxes `QVSH`,
!> root extraction `ERUZ`, soil evaporation `ESOILA`, well fluxes `QVSWLI`,
!> cell volumes (`AREA*DELTAZ`), and timestep `DTUZ` to reduce residual
!> cell-scale mass-balance error.
!>
!> The correction is applied only to selected lateral faces:
!>
!> | Element type from `ICMREF(iel,1)` | Faces adjusted |
!> |:----------------------------------|:---------------|
!> | grid (`0`) | none |
!> | bank (`1` or `2`) | the outer face adjacent to a grid element, if present |
!> | link/other | the two bank-facing side faces, selected using `LINKNS` |
!>
!> For each adjusted cell, the residual volume rate is assembled as
!>
!> \[
!>   E =
!>   AREA\left[
!>     -QVSV_{c-1}+QVSV_c+ERUZ_c
!>     + {\Delta z_c(VSTHE_c-VSTHEN_c)\over DTUZ}
!>     + QVSWLI_c + ESOILA_{top}
!>   \right]
!>   - \sum_{f=1}^4 QVSH_{f,c}.
!> \]
!>
!> Well flux is included only when `NVSWLI(iel)>0`, and `ESOILA` is included
!> only for the top cell. If the sum of the selected adjustable lateral fluxes
!> is non-zero,
!>
!> \[
!>   QVSH_{f,c} \leftarrow QVSH_{f,c}
!>   \left(1 + {E\over\sum_{adjusted}QVSH_{f,c}}\right)
!> \]
!>
!> for each selected face. The corrected flux is then copied to the adjacent
!> element with opposite sign using `JVSACN`/`ICMREF`, so paired cells report
!> equal and opposite exchange.
!>
!> @warning The split-cell branch is not implemented. If `JVSDEL` indicates a
!> split-cell lateral connection, the routine stops immediately with
!> `UNFINISHED CODE FOR SPLIT CELLS IN SUBROUTINE VSMB`.
!> @endwarning
!>
!> @history
!>
!> | Date | Author | Version | Description |
!> |:-----|:-------|:--------|:------------|
!> | 1995-03-08 | GP | 4.0 | Written; version 4.0 completed 1996-07-17. |
!> | 1996-12-28 | RAH | 4.1 | Removed the variable `ILINK` and the leading comments. |
!> | 1997-01-18 | RAH | 4.1 | Swapped the `JVSACN`, `QVSV`, `QVSWLI`, and `VSTHE` subscripts, fixing an error in the `QVSWLI` index (use `IW`, not `IEL`); removed temporary code that set `VSSTMP`; made locals `DBLE`; stopped including `VSCOM1.INC`. |
!> | 1997-02-14 | RAH | 4.1 | Reversed the `DELTAZ` and `QVSH` indices; declared `JCL` and `JFA`; moved `VSTHEN` from `VSCOM1.INC` into the argument list, reversing its subscripts. |
!> | 1997-05-09 | RAH | 4.1 | Scrapped the output `QVSBF` (now set in [[vssim]]); put labels in order; removed the redundant local `BDONE`; added a trap for non-zero `JVSDEL`. |
!> | 2026-04-06/07 | SvB | 4.6 | Replaced the `GOTO`-driven `iscycle` deferred-stop flag with an immediate `STOP` at the point the split-cell condition is detected. Both versions terminate the run on the same condition; the current version does so without first finishing the remaining bookkeeping for the current/later elements. |
!> @endhistory"
VSPREP,subroutine,src/subsurface/VSmod.f90,VSmod,3153,3284,3096,3096,False,src/subsurface/vs_driver.f90,vs_driver,Iterates the coupled subsurface columns and checks their mass balance.,0,,0,,"!> Reads and interpolates time-varying VSS boundary-condition series.
!>
!> `VSPREP` is the timestep preparatory reader for the VSS boundary data files
!> described in the manual's time-varying boundary-condition section. Flow
!> files are processed with `FINPUT`, which returns the timestep-averaged value
!> for a piecewise-constant input series,
!> \[
!>   \bar q(t_n,t_{n+1}) =
!>   {1 \over \Delta t}\int_{t_n}^{t_{n+1}} q_b(t)\,dt ,
!> \]
!> while head files are processed with `HINPUT`, which linearly interpolates the
!> breakpoint series to the current computational time,
!> \[
!>   h(t) = h_i + {t-t_i \over t_{i+1}-t_i}\,(h_{i+1}-h_i).
!> \]
!>
!> Boundary categories and selected-layer counts are defined by [[vsread]] from
!> `VS11` and `VS16`; this routine expands the compact time-series values back
!> into the category/layer arrays used by [[vsbc]], [[vslowr]], and [[vscolm]].
!>
!> | File/unit | Data represented | Count used | Output array |
!> |:----------|:-----------------|:-----------|:-------------|
!> | `WLD` | pumping-well abstraction, m3/s | `NVSWL` | `WLNOW` |
!> | `LFB` | lateral subsurface flow, m3/s | `NVSLFT` | `RLFNOW` |
!> | `LHB` | lateral subsurface head, m above datum | `NVSLHT` | `RLHNOW` |
!> | `LGB` | lateral head-gradient boundary | `NVSLGT` | `RLGNOW` |
!> | `BFB` | bottom flow boundary, m/s | `NVSBF` | `RBFNOW` |
!> | `BHB` | bottom head boundary, m above datum | `NVSBH` | `RBHNOW` |
!>
!> If a boundary file reaches its missing/end marker before the required model
!> time, `EQMARKER` triggers a fatal `ERROR` call (`1042`-`1046` or `1052`) so
!> the solver cannot continue with stale boundary conditions.
!>
!> @note
!> Lateral head-gradient data (`LGB`/`RLGNOW`) are still read and interpolated
!> when `NVSLG > 0`, but the downstream `JCBC=5` implementation in [[vsbc]]
!> only prints an unfinished-code message and does not apply those values to the
!> matrix.
!> @endnote
!>
!> @note
!> The saved interpolation state (`WLLAST`, `WLTIME`, `RWELIN`, and similar
!> `RL*`/`RB*` arrays for each boundary category) lives in module-level storage
!> declared near the top of `VSmod`, rather than as `SAVE` locals of this
!> routine.
!> @endnote
!>
!> @history
!>
!> | Date | Author | Version | Description |
!> |:-----|:-------|:--------|:------------|
!> | 1994-07-29 | GP | 4.0 | Written; version 4.0 completed 1995-05-03. |
!> | 1996-12-28 | RAH | 4.1 | Removed the variables `IEL` and `ICL` and the leading comments; declared `ERROR` external; removed lower-case code; used `SAVE` instead of an ineffectual `COMMON`. |
!> | 1997-02-13 | RAH | 4.1 | Reversed the `RLFNOW`, `RLHNOW`, and `RLGNOW` subscripts (see [[vssim]]). |
!> | 1997-05-22 | RAH | 4.1 | Initialised the saved locals. |
!> | 2026-04-03 | SvB | 4.6 | Moved the saved interpolation state out of routine `SAVE` locals into module-level storage, so it survives independently of this routine's declarations. |
!> @endhistory"
VSREAD,subroutine,src/subsurface/VSmod.f90,VSmod,3366,4009,3286,3286,False,src/subsurface/vs_input.f90,vs_input,Reads the subsurface data and initial-condition files.,0,,0,,"!> Reads static VSS data from the subsurface input file.
!>
!> `VSREAD` reads the manual `VSD` groups `VS01`-`VS18` and populates the module
!> state used by [[vsconl]], [[vsconc]], [[vssoil]], [[vsin]], and the timestep
!> solver. The routine uses `ALREAD` for labelled blocks and increments
!> `NVSERR` or raises fatal errors when required layer/table data are
!> inconsistent.
!>
!> Main input groups and destinations:
!>
!> | Group | Data read | Main arrays/variables filled |
!> |:------|:----------|:-----------------------------|
!> | `VS01` | VSD title | Printed to `FID_logfile`. |
!> | `VS02` | logical flags | `BFAST`, `BSOILP`, `BHELEV`. |
!> | `VS03` | counts and initialisation type | `NS`, `NCSZON`, `NCRBED`, `INITYP`. |
!> | `VS04` | initial phreatic depth and mesh/averaging controls | `VSIPSD`, `VSZMIN`, `VSZMAX`, `VSWV`, `VSWL`. |
!> | `VS05`, `VS05a` | soil/lithology hydraulic parameters and optional tables | `IVSFLG`, `IVSNTB`, `VSK3D`, `VSPOR`, `VSTRES`, `VSPSS`, `VSVGN`, `VSALPH`, `TBPSI`, `TBTHE`, `TBKR`, spline coefficients. |
!> | `VS06`, `VS07` | soil-zone and river-bed cell depths | `DCSZON`, `DCSTOT`, `DCRBED`, `DCRTOT` and helper node-depth arrays. |
!> | `VS08`-`VS08d` | aquifer-zone layer categories, grids, and individual elements | `NLYR`, `NTSOIL`, `ZLYRBT` for grids, banks, and links. |
!> | `VS09`, `VS09a` | river-bed soil type and depth | `ISRBED`, `DRBED`, link bed layers. |
!> | `VS10`, `VS10a` | user-defined aquifer connectivity | `NAQCON`, `IAQCON` for [[vsconl]]. |
!> | `VS11` | boundary category counts | `NVSWL`, `NVSSP`, `NVSLF`, `NVSLH`, `NVSLG`, `NVSBF`, `NVSBH`, `NVSBD`. |
!> | `VS12`-`VS13b` | wells and springs | `NVSWLI`, `NVSWLC`, `NVSWLT`, `VSZWLB`, `VSZWLT`, `NVSSPT`, `VSSPD`, `VSSPZ`, `VSSPCO`. |
!> | `VS14`-`VS16b` | lateral boundary type/category grids and selected-layer lists | `NLBTYP`, `NLBCAT`, `NVSLFN/HN/GN`, `NVSLFL/HL/GL`, `NVSLFT/HT/GT`. |
!> | `VS17`, `VS18` | bottom boundary type/category grids | `NBBTYP`, `NBBCAT`. |
!>
!> Conductivities from `VS05` are converted from m/day to m/s for the solver.
!> `VSZMAX` from `VS04` is stored as the input value plus `1.0e-6`, matching
!> the legacy tolerance used when deciding aquifer-zone cell subdivisions.
!> For tabulated soil options (`IVSFLG = 2` or `4`), the routine reads
!> \(\psi\), \(\theta\), and \(K_r\) tables and builds natural cubic-spline
!> second-derivative coefficients in log10(-\(\psi\)) space. For `IVSFLG = 4`,
!> the manual says entered `K_r` values are not used, but the table still has to
!> be present for input compatibility.
!>
!> Layer category data are expanded to element arrays. Category grids may cover
!> links and grid elements; individual `VS08d` records fill elements whose
!> category is zero. Soil-zone and river-bed layer boundaries are snapped to the
!> computational cell-depth sequences so later cell construction in [[vsconc]]
!> is consistent with `DCSZON` and `DCRBED`.
!>
!> `VS13` itself is treated as a dummy record in this implementation: the number
!> of spring records read from `VS13a`/`VS13b` is `NVSSP` from `VS11`. For `VS16`
!> selected-layer boundary categories, a category with `NLDUM` selected layers
!> contributes `NLDUM` time-series values, while an unlisted category contributes
!> one full-column value; this is why `NVSLFT`, `NVSLHT`, and `NVSLGT` start at
!> their category counts and add `NLDUM - 1` for each selected-layer record.
!>
!> On exit, for each element `e = 1:NEL`, the boundary type arrays are
!> non-negative and the boundary category arrays have valid defaults:
!>
!> | Array | Exit condition |
!> |:------|:---------------|
!> | `NLBTYP(e)` | `0 <= NLBTYP(e)` |
!> | `NBBTYP(e)` | `0 <= NBBTYP(e)` |
!> | `NLBCAT(e)` | `1 <= NLBCAT(e)` |
!> | `NBBCAT(e)` | `1 <= NBBCAT(e)` |
!> | `NVSWLC(e)` | `1 <= NVSWLC(e)` |
!>
!> @note
!> The category/layer work buffers (`IVSDUM_VSREAD`, `IVSCAT_VSREAD`,
!> `ISDUM_VSREAD`, `RVSDUM_VSREAD`, `RSDUM_VSREAD`, `BDONE_VSREAD`) are
!> allocated once in module state by [[initialise_vsread_buffers]], called at
!> the start of every `VSREAD` entry, rather than being routine-local arrays as
!> in the historical `.F`-era implementation; see the module-level history for
!> why.
!> @endnote
!>
!> @history
!>
!> | Date | Author | Version | Description |
!> |:-----|:-------|:--------|:------------|
!> | 1994-07-20 | GP | 4.0 | Written; version 4.0 completed 1996-01-31. |
!> | 1997-02-13 | RAH | 4.1 | Initialised `NLBTYP`, `NLBCAT`, `NVSWLC`, `NBBTYP`, and `NBBCAT`; reversed the `NVSLFL`, `NVSLHL`, and `NVSLGL` subscripts (see [[vssim]]). |
!> | 1997-05-22 | RAH | 4.1 | Initialised `NVSWLI`; fixed errors: used `TBKR` rather than `TBTHE` in loop 21 (`IVSFLG=2`), and added `-1` to `NVSLHT` and `NVSLGT`. |
!> | 1997-06-30 | RAH | 4.1 | Brought `NAQCON`/`IAQCON` from `VSINIT.INC` into the argument list and swapped their indices, fixing an error in the `ALREAD` call; restricted the `VS08b` `ALREAD` call to `NLF > 0`. |
!> | 1997-08-05 | RAH | 4.1 | Ensured `NLBCAT`, `NBBCAT`, and `NVSWLC` are all at least 1. |
!> | 2026-04-06/07 | SvB | 4.6 | Rewrote the labelled `GOTO`-driven ""find first free layer slot"" and ""count link-bed layers"" searches (both duplicated for category and per-element data) as `DO WHILE` loops with `CYCLE`d element-skip logic. Same search results. |
!> | 2026-05-03 | SvB | 4.6 | Moved `IVSDUM`, `IVSCAT`, `ISDUM`, `RVSDUM`, `RSDUM`, and `BDONE` from routine-local arrays into allocatable module state (`*_VSREAD`), allocated by [[initialise_vsread_buffers]], to fix a stack-related crash from their combined size. |
!> @endhistory"
VSSAI,subroutine,src/subsurface/VSmod.f90,VSmod,4067,4136,4011,4011,False,src/subsurface/vs_sources.f90,vs_sources,"Well, spring, boundary and interception source terms.",0,,0,,"!> Adds stream-aquifer interaction terms to the column system.
!>
!> `VSSAI` applies the channel-aquifer exchange correction (added 1998-11 by
!> SPA) for boundary types `JCBC = 9` (no explicit banks) and `JCBC = 10`
!> (explicit banks) on one face of the column assembled by [[vscolm]]. Entry
!> conditions are `1 <= FACE <= 4`, `ICBOT <= ICBED+1, ICTOP`, and `CDELL > 0`.
!>
!> The lowest affected cell is `ICBOT` for `JCBC = 9` (the stream bed is
!> effectively at the base of the land element) or `ICBED+1` for `JCBC = 10`
!> (interaction starts above the explicit river-bed cell). For each affected
!> cell,
!>
!> \[
!>   \Delta h = CZS - CZ_c - CPSI_c .
!> \]
!>
!> The channel-to-aquifer contact area is limited when the channel water depth
!> is low or the cell would otherwise be losing water to a shallow channel:
!>
!> \[
!>   f =
!>   \begin{cases}
!>     \min(1,\;depadj/CDELZ_c), & \Delta h > 0,\\
!>     1, & \text{otherwise},
!>   \end{cases}
!>   \qquad A/L = {f\,CAIJ(FACE,c)\over CDELL}.
!> \]
!>
!> The exchange flux and its derivative are
!>
!> \[
!>   Q_c = CKIJ_c\,\Delta h\,(A/L),\qquad
!>   {dQ_c\over d\psi_c} = -CKIJ_c\,(A/L).
!> \]
!>
!> `CQH(FACE,c)` stores the diagnostic flux, and the linearised term is added
!> as `CB(c) += dQ_c/d\psi_c` and `CR(c) -= Q_c`.
!>
!> @note
!> `CDKIJ` is a dummy argument but not used in the current formula: the
!> derivative term omits the `CDKIJ*DH` contribution used in the original 1994
!> formula, matching the 1998-11 SPA revision noted in the header comments.
!> @endnote
!>
!> @history
!>
!> | Date | Author | Version | Description |
!> |:-----|:-------|:--------|:------------|
!> | 1994-08-22 | GP | 4.0 | Written; version 4.0 completed 1996-01-15. |
!> | 1997-01-21 | RAH | 4.1 | Declared `IDUM` as `INTEGER` rather than `DOUBLEPRECISION`; introduced `AOL`, `DH`, and `KIJ` to reduce the number of operations. |
!> | 1997-02-03 | RAH | 4.1 | Passed data through arguments instead of `INCLUDE` blocks; added explanatory comments. |
!> | 1997-02-11 | RAH | 4.1 | Removed the outputs `CQBKB` and `CQBKF` (now handled in [[vssim]]). |
!> | 1997-05-14 | RAH | 4.1 | Added the argument `FACE` and a leading dimension to `CAIJ` and `CQH`. |
!> | 1998-11-03 | SPA | - | Added the `depadj` channel-depth contact-area limit and changed the derivative definition to the current form. |
!> | 2026-04-06/07 | SvB | 4.6 | Added the `PURE` attribute; no other change. |
!> @endhistory"
VSSIM,subroutine,src/subsurface/VSmod.f90,VSmod,4259,4626,4138,4138,False,src/subsurface/vs_driver.f90,vs_driver,Iterates the coupled subsurface columns and checks their mass balance.,1,src/driver/run_sim.f90,0,,"!> Runs the VSS solver for one model timestep.
!>
!> `VSSIM` is the timestep controller for the variably saturated subsurface
!> component. It prepares time-varying boundary values, builds the per-element
!> column work arrays, iterates the coupled column solves, and then reconciles
!> the reported fluxes with the final water-content change.
!>
!> Main timestep sequence:
!>
!> | Stage | Work performed | Main routines/arrays |
!> |:------|:---------------|:---------------------|
!> | One-time setup | Initialise static column boundary flags, face areas, soil-type lookup, and stream-aquifer boundary types. | `JCBCsv`, `VSAIJsv`, `ICSOILsv` |
!> | Boundary preparation | Read/interpolate current VSS boundary data. | [[vsprep]], `WLNOW`, `RLFNOW`, `RLHNOW`, `RLGNOW`, `RBFNOW`, `RBHNOW` |
!> | Surface forcing | Convert rainfall, evaporation, soil evaporation, root extraction, and surface-water depth to column source terms. | `CDNET`, `CQ`, `ESOILA`, `ERUZ`, `PNETTO`, `EEVAP` |
!> | State save | Store pressure head and water content from time level \(n\). | `VSPSIN`, `VSTHEN` |
!> | Global nonlinear iteration | Visit elements in `ISORT`, assemble neighbour data, solve each active column with [[vscolm]], and track the largest pressure-head correction. | `VSPSI`, `VSTHE`, `VSKR`, `QVSH`, `QVSV` |
!> | Flux correction/output | Apply mass-balance correction and derive VSS-to-OC/bank summary fluxes. | [[vsmb]], `QVSBF`, `QH`, `QVSWEL`, `QBKB`, `QBKF`, `QBKI` |
!>
!> The surface forcing depth passed into each active column is
!> \[
!>   CDNET_e = \left(PNETTO_e - (EEVAP_e-ESOILA_e)\right)DTUZ
!>             + (h_{rf,e}-z_{g,e}),
!> \]
!> where `GETHRF(e)-ZGRUND(e)` is the current surface-water depth. Root uptake
!> and soil evaporation are assembled as source terms in `CQ`: cells in the
!> rooting zone receive \(-ERUZ(e,c)A_e\), and the top cell also receives
!> \(-ESOILA(e)A_e\). When explicit bank elements are disabled, link `CDNET`
!> values are set only to link water depth before active land columns are
!> solved; rainfall and evaporation on channels are handled later in the main
!> simulation sequence.
!>
!> The active element range starts at `ISTART = 1` when explicit bank elements
!> are enabled (`BEXBK`), so links and banks are solved as VSS columns; otherwise
!> it starts at `total_no_links + 1` and only land/grid columns are solved.
!> Stream-aquifer interaction is still accounted for without explicit banks by
!> assigning boundary type `9` on land faces adjacent to links; with banks it
!> uses type `10` on link-bank faces.
!>
!> The global iteration stops when
!> \[
!>   \max_e\max_i |\psi_i^{m+1}(e)-\psi_i^m(e)| \le 10^{-4}\ {\rm m},
!> \]
!> or after `NITMAX = 10` iterations. After `NITMIN = 2`, elements whose own
!> pressure change and neighbouring pressure changes are below the tolerance are
!> marked converged and skipped in later global iterations. If convergence is
!> not reached, warning 1039 is issued with rate-limited repeated reporting.
!> On the final global iteration `ELEVEL` is passed to [[vscolm]] as `ERRLVL_error`,
!> but the non-convergence `ERROR` call in this routine uses `ERRLVL_warn`.
!>
!> Boundary-condition flags used in the column solve:
!>
!> | `JCBC` value | Meaning |
!> |:-------------|:--------|
!> | `0` | internal face or no-flow boundary |
!> | `1` | well |
!> | `2` | spring |
!> | `3` | lateral flow boundary |
!> | `4` | lateral head boundary |
!> | `5` | lateral head-gradient boundary |
!> | `6` | column-base flow boundary |
!> | `7` | column-base head boundary |
!> | `8` | column-base free drainage |
!> | `9` | stream-aquifer interaction without explicit banks |
!> | `10` | stream-aquifer interaction with explicit banks |
!>
!> Key entry conditions carried over from the legacy interface:
!>
!> | Requirement | Purpose |
!> |:------------|:--------|
!> | `1 <= LLEE`, `LL <= LLEE`, `NEL <= NELEE`, `0 <= NLF <= NLFEE` | Global dimensions must cover the active catchment. |
!> | `LL = NLYRBT(e,NLYR(e)+1)` and ordered `NLYRBT` layer bounds | Each element must have a valid active cell range. |
!> | If `BEXBK`, link neighbours must be typed as link/bank/grid elements. | Stream-bank connectivity is required before assigning `JCBC = 10`. |
!> | For `e = ISTART:NEL`, boundary types are non-negative and categories are at least one. | `VSREAD`/`VSIN` must have assigned valid defaults. |
!> | `NLBTYP(e) > 0` implies `NBFACE(e) > 0`; wells and springs are mutually exclusive on an element. | Column boundary setup assumes one lateral-boundary face and one vertical source type. |
!> | Faces to elements earlier than `ISTART` have zero `JVSACN` connectivity. | Non-solved neighbours are represented through boundary/stream terms instead of lateral column coupling. |
!>
!> Limited ranges: element/cell arrays are used over
!> `NLYRBT(e,1):LL`; link arrays are used over `1:NLF`; and `VSKR` may be input
!> from any neighbour already visited in `ISORT`, then overwritten for active
!> elements after their column solve.
!>
!> Output summary terms after [[vsmb]]:
!>
!> | Array | Value assigned here |
!> |:------|:--------------------|
!> | `QVSBF(e)` | Bottom vertical flux `QVSV(ICBOT-1,e)`. |
!> | `QH(e)` | Top vertical flux `QVSV(ICTOP,e)`. |
!> | `QVSWEL(e)` | Sum of `QVSWLI` over the well screen when `NVSWLI(e)>0`. |
!> | `QBKF(link,bank)` | Sum of lateral VSS fluxes from the bank/grid side above the channel bed. |
!> | `QBKB(link,bank)` | Half-link surface exchange `-0.5*A_link*QH(link)` only with explicit banks and a wet link. |
!> | `QBKI(link,bank)` | Same half-link exchange only with explicit banks and a dry link. |
!>
!> @note
!> `FIRSTvssim` gates the setup of `JCBCsv`, `VSAIJsv`, and `ICSOILsv`. Changes
!> to boundary-type arrays, layer soil types, element geometry, or explicit-bank
!> mode after the first call are therefore not reflected in the cached column
!> metadata. If an element were both a well and a spring, the spring flag would
!> overwrite the well flag in `JCBCsv(5,e)`; valid input should avoid that case.
!> @endnote
!>
!> @history
!>
!> | Date | Author | Version | Description |
!> |:-----|:-------|:--------|:------------|
!> | 1994-07-29 | GP | 4.0 | Written; version 4.0 completed 1996-07-17. |
!> | 1996-12-28 | RAH | 4.1 | Removed temporary debug code; made `DPSIEL`/`DPSIMX` non-negative; brought `CWV`/`CWL` from `VSCOLM.INC` and passed them to [[vscolm]]. |
!> | 1997-02-07 | RAH | 4.1 | Dispensed with `CNOW`, `CTHEN`, `CV`, `CWV`, `CWL`, `VSPOR1`, `VSSTMP`; replaced `CQINF` with `CQV(ICTOP)`; used a `DO 660` loop instead of `GOTO`; redefined `CQWI` (see [[vswell]]); accumulated `QVSWEL` locally; used `OK` to simplify the convergence test. |
!> | 1997-02-10 | RAH | 4.1 | Removed `CETAN`, `CKRN`, `CPSIM`, `NVSCIT`; made `PSIM` one-dimensional; dispensed with `BCHELE`, `CA0`, `CPSIN`, `CPSL`, `CQSP`, `CZG`, `DT`; used `ALINIT` and `DCOPY`; brought `VSPSIN`/`VSTHEN` from `VSCOM1.INC` with reversed indices; set `JCACN=0` (and skipped `JCDEL*`, `C*IJ1`, `CZ1`, `CPSI*1`) when `JEL <= 0`; moved the `CQH` initialisation into [[vscolm]] and `SIGMA` into [[vsintc]]; set `ICTOP`, `QH`, `QVSBF`, and `QBK*` once. |
!> | 1997-02-11 | RAH | 4.1 | Replaced `CES`, `CDW`, `CEW`, `CQP` with `CDNET`; brought `CQ` (with `ICBED`, `ICLYRB`, `ICSOIL`) from `VSCOLM.INC`, added a dimension, and set it once; scrapped `ICWL*`, `ICSP*`, `CZSP`, `CCS`; initialised `QH` and `QVSH`. |
!> | 1997-02-13 | RAH | 4.1 | Brought `JCBC`, `ICWCAT`, `ICLBCT`, `ICBBCT`, `CZS` from `VSCOLM.INC` and scrapped `CQWIN`, `CLF`, `ICLFL`, `ICLFN`, `CLH`, `ICLHL`, `ICLHN`, `CLG`, `ICLGL`, `ICLGN`, `CBF`, `CBH`; included `VSSOIL.INC`; removed `NVSSPT`/`NVSWLT`; gave `JCBC` a dimension and defined it once; swapped the `NVSL*L`/`RL*NOW` subscripts. |
!> | 1997-02-14 | RAH | 4.1 | Brought `CDELL`, `CDELL1`, `CAIJ`, `CAIJ1` from `VSCOLM.INC`; replaced `CAIJ` with `VSAIJ`, set once and reused for `CAIJ1`; reversed the `DELTAZ`/`QVSH` subscripts and passed them to [[vscolm]]; scrapped `CDELZ` and `CQH`. |
!> | 1997-02-17 | RAH | 4.1 | Swapped the `JVSACN`, `JVSDEL`, `ZVSNOD`, `QVSV`, `QVSWLI`, `VSPSI`, `VSTHE`, `IVSSTO`, and `VSKR` subscripts, which also fixed an error whereby `ICSTOR` was left uninitialised; scrapped `JCACN`, `JCDEL`, `CZ`, `CQV`, `CQWI`, `CPSI`, `ICSTOR`, `CTHETA`, `CKR` from `VSCOLM.INC` and brought the remainder (`CPSI1`, `CPSIN1`, `CZ1`, `CKIJ1`, `JCDEL1`); added a dimension to `ICSOIL` and set it once; scrapped `CKZS`/`CKIJS` in favour of `VSK3D`, also used for `CKIJ1`; redefined `CQ` to be premultiplied by `AREA*DELTAZ` (see [[vsintc]]); moved `QVSWEL` outside the loop and placed the [[vsmb]] call straight after it. |
!> | 1997-05-15 | RAH | 4.1 | Reordered the [[vscolm]] arguments. |
!> | 1997-05-22 | RAH | 4.1 | Removed the now-unnecessary `MAX` on `ICWLBT` and similar. |
!> | 1997-06-18 | RAH | 4.1 | Stopped calling `VSCOLP`; ran loop 285 when `JEL >= ISTART` (previously `>= 1`). |
!> | 1998-04-02 | RAH | 4.2 | Passed the new local `ELEVEL` to [[vscolm]]. |
!> | 1998-11-03 | SPA | - | Passed adjacent surface-water depth (`depadj`) to [[vscolm]], as well as the adjacent water-surface elevation, for the channel-aquifer flow correction. |
!> | 1998-11-04 | SPA | - | Made reported bank exchange flows consistent with BALWAT. |
!> | 2009-01 | JE | 4.3.5F90 | Restructured loops for automatic differentiation. |
!> | 2026-04-06/07 | SvB | 4.6 | Rewrote the labelled `GOTO`-driven element/face/cell loops as `DO`/`CYCLE` constructs; removed the `ALINIT` calls in favour of array-slice zero-assignment. Same convergence test and reported fluxes. |
!> @endhistory"
VSSOIL,subroutine,src/subsurface/VSmod.f90,VSmod,4695,4923,4627,4627,False,src/subsurface/vs_soil_tables.f90,vs_soil_tables,Generates and stores the soil hydraulic-property lookup tables.,0,,0,,"! 26/1/96

!> Builds soil/lithology hydraulic-property lookup tables.
!>
!> `VSSOIL` is called once by [[vsin]] to generate the pressure-head lookup
!> tables (`VSPPSI`, `VSPTHE`, `VSPKR`, `VSPETA`, and their derivatives
!> `VSPDTH`/`VSPDKR`/`VSPDET`) interpolated at runtime by [[vsfunc]]. The table
!> size is `NVSSOL = min(100,NSOLEE)` when `BFAST` is set, or
!> `min(500,NSOLEE)` otherwise.
!>
!> Rows `5:NVSSOL-1` cover a log-spaced pressure-head range from
!> \(-10^{-2}\) to \(-10^4\), with each soil/lithology type (`1:NS`) evaluated
!> according to its `IVSFLG` option:
!>
!> | `IVSFLG` | Model | Formula |
!> |:---------|:------|:--------|
!> | 1 | van Genuchten | \(\theta=\theta_r+(\theta_s-\theta_r)(1+(\alpha\lvert\psi\rvert)^n)^{-m}\), \(m=1-1/n\); `VSPDET` is set to zero rather than the commented-out analytic derivative. |
!> | 2 | user table | Natural cubic-spline interpolation of `TBTHE`/`TBKR` in `log10(-psi)` from [[vsread]], scaled by `VSPOR`. |
!> | 3 | exponential | \(\theta=\theta_r+(\theta_s-\theta_r)e^{\alpha\psi}\), \(K_r=e^{\alpha\psi}\). |
!> | 4 | tabulated theta / Averjanov Kr (for SHETRAN V3.4 compatibility) | Not implemented; the routine stops with `UNFINISHED code for soil properties type 4`. |
!>
!> Row `NVSSOL` is set to fixed dry-end values (`VSPTHE=VSTRES`, conductivity
!> and derivatives zero, `VSPPSI=-1e6`). For `IVSFLG` 2 or 4, storage
!> derivatives `VSPDTH`/`VSPDET` for interior rows are then overwritten by
!> finite differences of the interpolated `VSPTHE`/`VSPDTH` values with respect
!> to `VSPPSI`.
!>
!> Rows `1:4` extend the table to near-saturation, working down in pressure
!> head from `VSPPSI(4)=0`: `VSPKR` is fixed at 1, `VSPETA`/`VSPDTH`/`VSPDKR`
!> are carried down from rows 5/4 or set to `VSPSS`/zero, and each `VSPTHE`
!> row is built recursively from the row above using the corresponding
!> `VSPETA`/`VSPSS`:
!>
!> \[
!>   VSPTHE(4)=VSPOR,\quad
!>   VSPTHE(k) = VSPTHE(k{+}1) + VSPETA(k{+}1)\bigl(VSPPSI(k)-VSPPSI(k{+}1)\bigr)
!>   \ \text{for } k=3,2,
!> \]
!> \[
!>   VSPTHE(1) = VSPTHE(2) + VSPSS\bigl(VSPPSI(1)-VSPPSI(2)\bigr).
!> \]
!>
!> Finally, for rows `5:NVSSOL` the routine rescales `VSPKR` using a
!> DSATG-style saturation ratio,
!> \[
!>   K_r(i) = \left({\theta(i)-\theta_r\over\theta_s-\theta_r}\right)^2,
!> \]
!> so that `Kr` approaches unity at saturation even for van Genuchten `n < 2`,
!> where the original curve drops rapidly and unphysically below one just below
!> saturation. This overwrite runs after the derivative tables are already
!> finalised. If `BSOILP` is set, the completed tables are printed to `FID_logfile`.
!>
!> @note
!> The DSATG saturation-ratio rescale (see above) replaces `VSPKR` without
!> recomputing `VSPDKR`, so the relative-conductivity derivative used later by
!> [[vsfunc]] does not correspond to the final `VSPKR` curve for
!> `IVSFLG = 1` or `3`. This is a pre-existing characteristic of the table
!> construction, not something introduced by the 2026 modernisation.
!> @endnote
!>
!> @history
!>
!> | Date | Author | Version | Description |
!> |:-----|:-------|:--------|:------------|
!> | 1994-07-20 | GP | 4.0 | Written. Called only from [[vsin]]. |
!> | 2026-04-06/07 | SvB | 4.6 | Replaced the manual `EDUM**x` exponentiation (`EDUM` a hardcoded `e` constant) with the `EXP` intrinsic for the `IVSFLG=3` branch; equivalent result. |
!> | 2026-04-10 | SvB | 4.6 | Fixed the near-saturation `VSPTHE` initialisation: row 3 had collapsed to `VSPTHE(3,IS) = VSPOR(IS)` (the same value as row 4, with no correction term), which is now corrected to the recursive `VSPTHE(4,IS) + VSPETA(4,IS)*(VSPPSI(3)-VSPPSI(4))` form shown above. |
!> @endhistory"
VSSPR,subroutine,src/subsurface/VSmod.f90,VSmod,4971,5007,4925,4925,False,src/subsurface/vs_sources.f90,vs_sources,"Well, spring, boundary and interception source terms.",0,,0,,"!> Adds spring discharge terms to one VSS cell.
!>
!> `VSSPR` implements the spring boundary type (`JCBC(5) = 2`) for the single
!> cell selected by [[vsin]] from the manual `VS13b` spring source depth
!> `VSSPD`. The discharge elevation and spring coefficient are the `VS13b`
!> inputs passed here as `CZSP` and `CCS`.
!>
!> The spring is inactive while the hydraulic head in the source cell is below
!> the discharge elevation:
!> \[
!>   H - z_{\rm sp} = z_i + \psi_i - z_{\rm sp} < 0 .
!> \]
!> If the head is high enough, the routine computes the spring outflow as
!> \[
!>   Q_{\rm sp} = C_{\rm sp}\,K_r\,\left(z_i + \psi_i - z_{\rm sp}\right),
!> \]
!> where `CZ` is \(z_i\), `CPSI` is \(\psi_i\), `CKR` is the current relative
!> hydraulic conductivity from [[vsfunc]], and `CCS` is the spring coefficient.
!>
!> For an active spring, `CQSP` receives \(Q_{\rm sp}\), `CR` is increased by the
!> same flux, and `CB` is updated with the implemented linearisation term
!> `-CCS * CDKR`. For an inactive spring, `CQSP` is set to zero and the column
!> coefficients are unchanged.
!>
!> @note
!> This is not the full derivative of
!> \(C_{\rm sp}K_r(z_i+\psi_i-z_{\rm sp})\) with respect to pressure head,
!> which would include both the direct `CKR` term and the head-excess multiplier
!> on `CDKR`. The active implementation uses only `-CCS * CDKR`. Because the
!> activation test is `GEZERO`, a zero head excess gives zero spring flux but
!> still applies this coefficient term.
!> @endnote
!>
!> @note
!> None of this routine's dummy arguments carry an `INTENT` attribute in the
!> current declarations.
!> @endnote
!>
!> @history
!>
!> | Date | Author | Version | Description |
!> |:-----|:-------|:--------|:------------|
!> | 1994-08-22 | GP | 4.0 | Written. |
!> | 1997-01-20 | RAH | 4.1 | Removed the leading comments; introduced the local `DHDUM`. |
!> | 1997-01-27 | RAH | 4.1 | Passed data through arguments instead of `INCLUDE` blocks. |
!> @endhistory"
VSUPPR,subroutine,src/subsurface/VSmod.f90,VSmod,5069,5112,5009,5009,False,src/subsurface/vs_sources.f90,vs_sources,"Well, spring, boundary and interception source terms.",0,,0,,"!> Adds the upper infiltration/exfiltration boundary to the top VSS cell.
!>
!> `VSUPPR` forms the top-boundary contribution for one VSS column. The input
!> `CDNET` is the net surface-water depth available over the timestep after
!> evaporation has been applied by [[vssim]], and `CKZS` is the vertical
!> saturated conductivity of the top cell. The routine uses the model flux
!> convention that `CQINF > 0` is upward from the subsurface to the surface, so
!> infiltration is negative. Entry conditions: `CDELZ > 0` and `DT > 0`.
!>
!> The water-availability limit is
!> \[
!>   q_{\rm in} = {d_{\rm net} \over \Delta t},
!> \]
!> the rate that would exhaust the available surface depth during the timestep
!> (Fortran name `QIN`). The hydraulic-capacity expression is
!> \[
!>   q_{\rm out} =
!>   {K_{zs} \over \Delta z/2}
!>   \left[\psi -
!>   \left(\max(d_{\rm net},0)+{\Delta z\over2}\right)\right],
!> \]
!> where `CPSI` is top-cell pressure head and `CDELZ` is top-cell thickness
!> (Fortran name `QOUT`).
!>
!> If available water is limiting (`q_in < -q_out`), the returned flux is
!> `CQINF = -q_in` and the derivative contribution is set to zero. Otherwise
!> the boundary is hydraulic-capacity limited, or exfiltrating, and
!> `CQINF = q_out` with derivative `CKZS/(CDELZ/2)`.
!>
!> The column-system updates are
!> \[
!>   CB \leftarrow CB - {K_{zs}\over\Delta z/2}\,A,\qquad
!>   CR \leftarrow CR + q_{\rm inf} A,
!> \]
!> except in the water-limited case where the coefficient term is zero.
!>
!> @note
!> `CKZS` is the saturated vertical conductivity passed from `VSK3D(SOIL,3)`;
!> the upper-boundary capacity does not use the current relative conductivity
!> `CKR` from [[vsfunc]]. Positive `CDNET` is treated as ponded depth in the
!> hydraulic head term. Negative `CDNET` can limit upward extraction through
!> `q_in = CDNET/DT`, but `MAX(CDNET,0)` means it does not impose a negative
!> surface-water head in `q_out`.
!> @endnote
!>
!> @note
!> None of this routine's dummy arguments carry an `INTENT` attribute in the
!> current declarations.
!> @endnote
!>
!> @history
!>
!> | Date | Author | Version | Description |
!> |:-----|:-------|:--------|:------------|
!> | 1994-08-22 | GP | 4.0 | Written; version 4.0 completed 1995-12-20. |
!> | 1997-01-20 | RAH | 4.1 | Removed leading/long comments and lower-case code; used the generic `MAX`; rearranged expressions; stopped including `AL.G`. |
!> | 1997-01-27 | RAH | 4.1 | Passed data through arguments instead of `COMMON`. |
!> | 1997-05-14 | RAH | 4.1 | Replaced `CDW + (CQP - CEW)*DT` with the single input `CDNET` (see [[vssim]]). |
!> | 1998-11-04 | RAH | 4.2 | Renamed the `DUM?` locals to `QIN` and similar. |
!> @endhistory"
VSWELL,subroutine,src/subsurface/VSmod.f90,VSmod,5170,5228,5114,5114,False,src/subsurface/vs_sources.f90,vs_sources,"Well, spring, boundary and interception source terms.",0,,0,,"!> Distributes a prescribed well abstraction over screened VSS cells.
!>
!> `VSWELL` implements the well boundary type (`JCBC(5) = 1`) for the screen
!> interval `ICWLBT:ICWLTP`, which is derived in [[vsin]] from the manual
!> `VS12b` well-screen depths. The prescribed input `CQWIN` is the total well
!> abstraction rate in m3/s, read for the current timestep by [[vsprep]] from
!> the well data file.
!>
!> Each screened cell is first assigned a saturated lateral
!> conductivity-depth weight,
!> \[
!>   w_i = {K_{x,i}+K_{y,i} \over 2}\,\Delta z_i,\qquad
!>   W = \sum_{i=I_b}^{I_t} w_i .
!> \]
!> The available saturated thickness factor is then limited using the current
!> pressure head:
!> \[
!>   f_i =
!>   {\min\left(d_i,\max(\psi_i,0)\right) \over d_i},\qquad
!>   d_i = { \Delta z_i+\Delta z_{i+1} \over 2}.
!> \]
!>
!> The cell abstraction is
!> \[
!>   Q_i = Q_{\rm well}\,{w_i \over W}\,f_i ,
!> \]
!> so the total realised abstraction can be less than the prescribed value when
!> screened cells are partly or fully unsaturated. `CQWI(i)` stores the
!> corresponding areal rate \(Q_i/A\) in m/s, and `CR(i)` is increased by
!> \(Q_i\) for the column right-hand side.
!>
!> Entry conditions: `ICWLBT <= ICWLTP`;
!> `1 <= ICSOIL(ICWLBT:ICWLTP) <= NSEE`; and positive `CA0`, screened-cell
!> thicknesses including `CDELZ(ICWLTP+1)`, and a positive total
!> conductivity-depth weight \(W\) from
!> `VSK3D(ICSOIL(ICWLBT:ICWLTP),1:2)`.
!>
!> @note
!> The pressure-head reduction factor is evaluated explicitly. The routine does
!> not add a diagonal coefficient for the dependence of \(f_i\) on `CPSI(i)`, so
!> well abstraction changes affect the nonlinear iteration only through the next
!> column assembly. The sign convention assumes positive `CQWIN` is abstraction
!> from the VSS column.
!> @endnote
!>
!> @history
!>
!> | Date | Author | Version | Description |
!> |:-----|:-------|:--------|:------------|
!> | 1994-08-22 | GP | 4.0 | Written; version 4.0 completed 1995-02-28. |
!> | 1997-01-20 | RAH | 4.1 | Used generic intrinsics; introduced the local `QDUM`. |
!> | 1997-01-27 | RAH | 4.1 | Passed data through arguments instead of `INCLUDE` blocks. |
!> | 1997-02-07 | RAH | 4.1 | Redefined `CQWI` to be divided by `CA0`; removed the output `CQW`. |
!> | 1997-05-14 | RAH | 4.1 | Replaced `LLEE`/`CKIJS` with the new arguments `NSEE`, `ICSOIL`, and `VSK3D`; rearranged the `QDUM` expression. |
!> | 2026-04-06/07 | SvB | 4.6 | Added the `PURE` attribute; no other change. |
!> @endhistory"
err_set_wait_on_exit,subroutine,src/util/mod_error.f90,mod_error,108,112,90,90,False,src/util/error/error_reporting.f90,error_reporting,"Error/warning reporting, severity levels, counters and termination.",0,,0,,"!> summary: Selects whether [[mod_error:ERR_STOP]] waits before terminating.
   !> author: S. Berendsen, Southampton University
   !>
   !> Intended for interactive launches, where the console window closes as
   !> soon as the process exits and the user would otherwise never get to read
   !> the final diagnostics. `error_mode` still overrides the request, so a run
   !> started with `-error` stays noninteractive either way.
   !>
   !> @note
   !> No current caller sets this flag, so `ERR_STOP` does not yet wait on the
   !> strength of it alone. Wiring it to the launch mode is pending.
   !> @endnote
   !>
   !> @history
   !> | Date | Author | Description |
   !> |:-----|:-------|:------------|
   !> | 2026-08-31 | SvB | Initial version. |
   !> @endhistory"
errstat_fileopen,subroutine,src/util/mod_error.f90,mod_error,129,143,114,114,False,src/util/error/error_status.f90,error_status,"IOSTAT/STAT wrappers for open, close, read, write, rewind and (de)allocate.",3,src/driver/run_sim.f90;src/frame/FRmod.f90;src/overland_channel/ZQmod.f90,0,,"!> summary: Standardised check for opening file return status.
   !> author: S. Berendsen, Southampton University
   !>
   !> Standardised check for opening file return status.
   !>
   !> Pass `iomsg` the string filled by the `IOMSG=` specifier of the failing
   !> `OPEN` statement to have the processor's explanatory text for `status`
   !> included in the diagnostic.
   !>
   !> @history
   !> | Date | Author | Description |
   !> |:-----|:-------|:------------|
   !> | 2026-08-31 | SvB | Initial version. |
   !> | 2026-09-06 | SvB | Report the `status` value and the optional `IOMSG=` text. |
   !> @endhistory"
errstat_fileclose,subroutine,src/util/mod_error.f90,mod_error,167,202,145,145,False,src/util/error/error_status.f90,error_status,"IOSTAT/STAT wrappers for open, close, read, write, rewind and (de)allocate.",6,src/frame/FRmod.f90;src/nitrate/MNmod.f90;src/overland_channel/ZQmod.f90;src/util/mod_load_filedata.f90;src/visualisation/visualisation_metadata.f90;src/visualisation/visualisation_read.f90,0,,"!> summary: Standardised check for closing file return status.
   !> author: S. Berendsen, Southampton University
   !>
   !> Standardised check for closing file return status.
   !>
   !> Pass `iomsg` the string filled by the `IOMSG=` specifier of the failing
   !> `CLOSE` statement to have the processor's explanatory text for `status`
   !> included in the diagnostic.
   !>
   !> Both `filename` and `fid` are optional, but at least one of them should be
   !> given so that the report identifies the file. If `filename` is absent the
   !> name is recovered from `fid` with an `INQUIRE`, which works as long as the
   !> unit is still connected to a named file. Where no name can be established
   !> the unit number is reported instead.
   !>
   !> @history
   !> | Date | Author | Description |
   !> |:-----|:-------|:------------|
   !> | 2026-08-31 | SvB | Initial version. |
   !> | 2026-09-06 | SvB | Report the `status` value and the optional `IOMSG=` text. |
   !> | 2026-09-06 | SvB | Added `fid` and derive the filename from it via `INQUIRE`. |
   !> @endhistory"
errstat_alloc,subroutine,src/util/mod_error.f90,mod_error,219,233,204,204,False,src/util/error/error_status.f90,error_status,"IOSTAT/STAT wrappers for open, close, read, write, rewind and (de)allocate.",25,src/contaminant/CONT_CC.F90;src/contaminant/column/colm_cg.f90;src/contaminant/column/colm_co.f90;src/core/state/AL_C.F90;src/driver/rest.f90;src/driver/run_sim.f90;src/evapotranspiration/ETmod.f90;src/frame/FRmod.f90;src/nitrate/MNmod.f90;src/overland_channel/OCmod.f90;src/overland_channel/OCmod2.f90;src/overland_channel/ZQmod.f90;src/sediment/SYmod.f90;src/snow/SMmod.f90;src/subsurface/VSmod.f90;src/visualisation/visualisation_extras.f90;src/visualisation/visualisation_hdf5.f90;src/visualisation/visualisation_interface_centre.f90;src/visualisation/visualisation_interface_left.f90;src/visualisation/visualisation_interface_right.f90;src/visualisation/visualisation_map.f90;src/visualisation/visualisation_metadata.f90;src/visualisation/visualisation_pass.f90;src/visualisation/visualisation_read_parser.f90;src/visualisation/visualisation_structure.f90,0,,"!> summary: Standardised check for allocate memory return status.
   !> author: S. Berendsen, Southampton University
   !>
   !> Standardised check for allocate memory return status.
   !>
   !> Pass `errmsg` the string filled by the `ERRMSG=` specifier of the failing
   !> `ALLOCATE` statement to have the processor's explanatory text for `status`
   !> included in the diagnostic.
   !>
   !> @history
   !> | Date | Author | Description |
   !> |:-----|:-------|:------------|
   !> | 2026-08-31 | SvB | Initial version. |
   !> | 2026-09-06 | SvB | Report the `status` value and the optional `ERRMSG=` text. |
   !> @endhistory"
errstat_dealloc,subroutine,src/util/mod_error.f90,mod_error,250,264,235,235,False,src/util/error/error_status.f90,error_status,"IOSTAT/STAT wrappers for open, close, read, write, rewind and (de)allocate.",17,src/contaminant/column/colm_cg.f90;src/driver/rest.f90;src/driver/run_sim.f90;src/frame/FRmod.f90;src/nitrate/MNmod.f90;src/overland_channel/OCmod.f90;src/overland_channel/OCmod2.f90;src/snow/SMmod.f90;src/subsurface/VSmod.f90;src/visualisation/visualisation_extras.f90;src/visualisation/visualisation_hdf5.f90;src/visualisation/visualisation_interface_left.f90;src/visualisation/visualisation_interface_right.f90;src/visualisation/visualisation_map.f90;src/visualisation/visualisation_metadata.f90;src/visualisation/visualisation_read_parser.f90;src/visualisation/visualisation_structure.f90,0,,"!> summary: Standardised check for deallocating memory return status.
   !> author: S. Berendsen, Southampton University
   !>
   !> Standardised check for deallocating memory return status.
   !>
   !> Pass `errmsg` the string filled by the `ERRMSG=` specifier of the failing
   !> `DEALLOCATE` statement to have the processor's explanatory text for
   !> `status` included in the diagnostic.
   !>
   !> @history
   !> | Date | Author | Description |
   !> |:-----|:-------|:------------|
   !> | 2026-08-31 | SvB | Initial version. |
   !> | 2026-09-06 | SvB | Report the `status` value and the optional `ERRMSG=` text. |
   !> @endhistory"
errstat_read,subroutine,src/util/mod_error.f90,mod_error,283,300,266,266,False,src/util/error/error_status.f90,error_status,"IOSTAT/STAT wrappers for open, close, read, write, rewind and (de)allocate.",7,src/driver/rest.f90;src/frame/FRmod.f90;src/overland_channel/OCmod.f90;src/overland_channel/ZQmod.f90;src/subsurface/VSmod.f90;src/util/utilsmod.f90;src/visualisation/visualisation_interface_left.f90,0,,"!> summary: Standardised check for reading data return status.
   !> author: S. Berendsen, Southampton University
   !>
   !> Standardised check for reading data return status.
   !> For special end-of-file or end-of-record conditions, the caller should
   !> check `status` and handle them before calling this routine.
   !>
   !> Pass `iomsg` the string filled by the `IOMSG=` specifier of the failing
   !> `READ` statement to have the processor's explanatory text for `status`
   !> included in the diagnostic.
   !>
   !> @history
   !> | Date | Author | Description |
   !> |:-----|:-------|:------------|
   !> | 2026-08-31 | SvB | Initial version. |
   !> | 2026-09-06 | SvB | Report the `status` value and the `IOMSG=` text. |
   !> @endhistory"
errstat_write,subroutine,src/util/mod_error.f90,mod_error,317,332,302,302,False,src/util/error/error_status.f90,error_status,"IOSTAT/STAT wrappers for open, close, read, write, rewind and (de)allocate.",4,src/driver/run_sim.f90;src/frame/FRmod.f90;src/nitrate/MNmod.f90;src/overland_channel/ZQmod.f90,0,,"!> summary: Standardised check for opening file return status.
   !> author: S. Berendsen, Southampton University
   !>
   !> Standardised check for opening file return status.
   !>
   !> Pass `iomsg` the string filled by the `IOMSG=` specifier of the failing
   !> `WRITE` statement to have the processor's explanatory text for `status`
   !> included in the diagnostic.
   !>
   !> @history
   !> | Date | Author | Description |
   !> |:-----|:-------|:------------|
   !> | 2026-08-31 | SvB | Initial version. |
   !> | 2026-09-06 | SvB | Report the `status` value and the `IOMSG=` text. |
   !> @endhistory"
errstat_rewind,subroutine,src/util/mod_error.f90,mod_error,354,389,334,334,False,src/util/error/error_status.f90,error_status,"IOSTAT/STAT wrappers for open, close, read, write, rewind and (de)allocate.",5,src/driver/run_sim.f90;src/frame/FRmod.f90;src/overland_channel/OCmod.f90;src/overland_channel/ZQmod.f90;src/visualisation/visualisation_interface_left.f90,0,,"!> summary: Standardised check for rewinding file return status.
   !> author: S. Berendsen, Southampton University
   !>
   !> Standardised check for rewinding file return status.
   !>
   !> Pass `iomsg` the string filled by the `IOMSG=` specifier of the failing
   !> `REWIND` statement to have the processor's explanatory text for `status`
   !> included in the diagnostic.
   !>
   !> Both `filename` and `fid` are optional, but at least one of them should be
   !> given so that the report identifies the file. If `filename` is absent the
   !> name is recovered from `fid` with an `INQUIRE`, which works as long as the
   !> unit is still connected to a named file. Where no name can be established
   !> the unit number is reported instead.
   !>
   !> @history
   !> | Date | Author | Description |
   !> |:-----|:-------|:------------|
   !> | 2026-09-07 | SvB | Initial version. |
   !> @endhistory"
RAISE_ERROR,subroutine,src/util/mod_error.f90,mod_error,487,627,391,391,False,src/util/error/error_reporting.f90,error_reporting,"Error/warning reporting, severity levels, counters and termination.",13,src/contaminant/CMmod.f90;src/driver/rest.f90;src/driver/run_sim.f90;src/evapotranspiration/ETmod.f90;src/frame/FRmod.f90;src/nitrate/MNmod.f90;src/overland_channel/OCmod.f90;src/overland_channel/OCmod2.f90;src/sediment/SYmod.f90;src/subsurface/VSmod.f90;src/util/mod_load_filedata.f90;src/util/utilsmod.f90;src/visualisation/visualisation_interface_left.f90,0,,"!> summary: Reports a SHETRAN diagnostic, records it, and terminates fatal runs.
   !>
   !> @author R. A. Heath, Newcastle University
   !>
   !> This is the shared reporter used by 159 active call sites across the
   !> input utilities, process modules, simulation driver, and visualisation
   !> interface. In agreement with User Manual section 1.6.6, ordinary calls
   !> write a numbered diagnostic to a component print unit such as PRI, SPR,
   !> CPR, or MNPR. `IEL` and `CELL` add spatial context when their zero sentinel
   !> is not used, and the module time `UZNOW` supplies the reported time [h].
   !>
   !> Message selectors have the following current behavior:
   !>
   !> | `ETYPE` | Immediate record and accounting | Control behavior |
   !> |:--------|:--------------------------------|:-----------------|
   !> | `ERRLVL_fatal=1` | Writes a `FATAL ERROR` header and `TEXT` to `OUT`; increments `error_counter_total` and, for a representable code, `error_counter`. | Prints the summary, then calls [[mod_error:ALSTOP]] for error termination. |
   !> | `ERRLVL_error=2` | Writes an `ERROR` header and `TEXT`; increments the counters as above. | Returns to the caller. |
   !> | `ERRLVL_warn=3` | Writes a `WARNING` header and `TEXT`; increments the counters as above. | Returns to the caller. |
   !> | `0` | Writes `TEXT` without a severity header and does not increment either counter. | `ERRNUM=0` would also request a summary; current callers use code 12 only for continuation text from [[mod_load_filedata:ALCHK]] and [[mod_load_filedata:ALCHKI]]. |
   !>
   !> Every call writes `TEXT` to `OUT`, even if `ETYPE` lies outside zero
   !> through three. Only selectors one through three receive a formatted
   !> severity line, and only `ERRLVL_fatal` terminates. A zero `IEL`
   !> suppresses both spatial fields; otherwise a zero `CELL` suppresses only
   !> the cell field. Codes 1003 and 1024 append a numeric line read from
   !> `EARRAY(1)`.
   !>
   !> The per-code summary decomposes `ERRNUM` into `AMODL=ERRNUM/1000` and
   !> `ERRN=MOD(ERRNUM,1000)`. `error_counter(0:ERR_limit_error_codes,0:3)`,
   !> with `ERR_limit_error_codes=100`, can therefore represent only these
   !> inclusive domains:
   !>
   !> | Representable codes | Current component convention |
   !> |:--------------------|:-----------------------------|
   !> | 0000--0100 | General library and input utilities. |
   !> | 1000--1100 | Water-flow components. |
   !> | 2000--2100 | Sediment component. |
   !> | 3000--3100 | Contaminant and nitrate components. |
   !>
   !> `error_counter_total` counts every nonzero-selector call regardless of
   !> whether its code is representable. `error_counter` aggregates by code, not
   !> by severity. A fatal call or any regular call with `ERRNUM=0` writes the
   !> summary heading to standard output and `OUT`, obtains the connected
   !> filename for `OUT`, and tells the user to inspect it. Per-code counts,
   !> constructed help paths, help text, and the final total are then written
   !> only to standard output.
   !>
   !> Errors 1024 and 1030 request the stronger timestep reduction through
   !> `flag_runtime_reduction_errors`; error 1060 requests the separate
   !> reduction through `flag_runtime_reduction_e1060`. [[rest:TMSTEP]] divides
   !> its proposed timestep by 100 or 10 respectively, subject to a 0.0003 h
   !> floor, and clears the flags after consuming them.
   !>
   !> @warning
   !> This routine clears both timestep-reduction flags at the start of every
   !> call. Consequently the flags describe only the most recent diagnostic:
   !> any later unrelated error or warning can erase a pending request before
   !> `TMSTEP` reads it.
   !> @endwarning
   !>
   !> @warning
   !> No current source assignment initializes `EARRAY(1)`, although codes 1003
   !> and 1024 print it as maximum head difference and surface-water depth.
   !> Those appended numeric diagnostics are therefore undefined.
   !> @endwarning
   !>
   !> @warning
   !> Current calls with codes 4820, 4998, 4999, and 2107 lie outside the
   !> representable `error_counter` domains. Their immediate messages,
   !> `error_counter_total` increments, and fatal termination still occur, but
   !> their per-code counts and help-file lookups are omitted from the summary.
   !> The manual's numbered component list is also offset from the
   !> zero-through-three code groups used by the routine.
   !> @endwarning
   !>
   !> @warning
   !> Summary lookup uses the launch working directory followed by
   !> `/helpmessages`, a forward slash, and a four-digit code with a `.txt`
   !> extension; failed opens are silent, help lines are limited to
   !> `LENGTH_LINE` characters, and no `helpmessages` directory is present in
   !> this repository.
   !> @endwarning
   !>
   !> @history
   !> | Date | Author | Description |
   !> |:-----|:-------|:------------|
   !> | 1994-10-08 | RAH | Created v3.4.1 from v3.4: introduced severity zero, local/range-checked counters, conditional element/cell fields, help summaries, and fatal dispatch through `ALSTOP`. |
   !> | 1997-08-04 | RAH | Restored `EARRAY(1)` output for error 1024 in v4.1. |
   !> | 1997-08-11 | RAH | Added the legacy external declaration after the include block. |
   !> | 2020-07-07 | SB | Added the 1024/1030 and 1060 flags used to reduce the subsequent timestep. |
   !> | 2026-03-28 | SvB | Converted the interface and locals to selected kinds with input intents, replaced the `CTYPE` data statement, and added the initial FORD block. |
   !> | 2026-04-13 | SvB | Replaced labelled summary/help loops and error branches with named loops and `IOSTAT` handling. |
   !> | 2026-05-08 | SB | Reworked summary output to name the selected print file and write the summary heading to both standard output and `OUT`. |
   !> | 2026-05-10 | SvB | Removed the interactive wait before help-file lookup for noninteractive scripted use. |
   !> | 2026-08-31 | SvB | Moved from [[sglobal]] to [[mod_error]] and renamed the selectors and counters. |
   !> @endhistory"
ERR_STOP,subroutine,src/util/mod_error.f90,mod_error,654,675,629,629,False,src/util/error/error_reporting.f90,error_reporting,"Error/warning reporting, severity levels, counters and termination.",6,src/driver/rest.f90;src/frame/FRmod.f90;src/overland_channel/OCmod.f90;src/snow/SMmod.f90;src/subsurface/VSmod.f90;src/util/utilsmod.f90,0,,"!> summary: Terminates the run, distinguishing fatal from ordinary exits.
   !>
   !> A positive `error_number` selects error termination through `ERROR STOP`,
   !> so that the process reports a nonzero status to whatever launched it.
   !> Omitting the argument selects an ordinary `STOP`. [[mod_error:ERROR]]
   !> passes `1` after it has printed the fatal-error summary; the
   !> unrecoverable conditions detected directly in the process modules pass
   !> `255`.
   !>
   !> When `flag_wait_on_exit` has been set through
   !> [[mod_error:err_set_wait_on_exit]], the routine prompts and blocks on
   !> standard input first, so that an interactively launched console window
   !> does not close before the diagnostics can be read. `error_mode` (the
   !> `-error` command-line option) suppresses that wait unconditionally, which
   !> keeps scripted and batch runs noninteractive.
   !>
   !> @history
   !> | Date | Author | Description |
   !> |:-----|:-------|:------------|
   !> | 1994-09-17 | RAH | Created the v3.4.1 routine; the dated source note was added on 1994-09-30. |
   !> | 2000-03-07 | SB | Removed the legacy IEEE calls for the v4g-pc version. |
   !> | 2026-03-28 | SvB | Converted `FLAG` to selected integer kind with input intent, replaced the legacy pause with an explicit prompt/read, and added the initial FORD block. |
   !> | 2026-05-08 | SB | Skipped the interactive prompt when `error_mode` (the `-error` command-line flag) was set. |
   !> | 2026-08-31 | SvB | Made the argument optional, split fatal from ordinary termination, and gated the wait on `flag_wait_on_exit`. |
   !> @endhistory"
ALALLF,subroutine,src/util/mod_load_filedata.f90,mod_load_filedata,124,323,87,87,False,src/io/spatial_fields.f90,spatial_fields,"Reads and spreads per-element, per-layer and per-bank spatial fields.",2,src/nitrate/MNmod.f90;src/sediment/SYmod.f90,0,,"!> Reads and expands a floating-point element or column element-array.
   !>
   !> `ALALLF` implements the manual's FA/FC composite formats. It first reads
   !> the category count from the section headed by `LINE`, then consumes the
   !> applicable suffixed components and expands them into `AEL`.
   !>
   !> | Category count | Records consumed and result |
   !> |:---------------|:----------------------------|
   !> | Below `MINCAT` | Fatal invalid-option error. |
   !> | Negative but allowed by `MINCAT` | Return immediately; `AEL` is not filled. |
   !> | `0` | For every output component, read optional link values from suffix `a` and an indexed real grid from suffix `b`. |
   !> | `1` | Read one value per output component from suffix `c` and fill every selected element uniformly. |
   !> | Greater than `1` | Read category values from `c`, optional link category codes from `d`, and grid category codes from `e`. |
   !>
   !> `FLAG=0` selects all elements and permits explicit link records;
   !> `FLAG=1` selects column/bank elements `NLF+1:NEL`. `N2` is the number of
   !> values per selected element. For a multi-category field the temporary
   !> category table requires `N2*NUM_CATEGORIES_TYPES <= NELEE`. Active grid
   !> positions are mapped by `ICMXY`; if banks exist, non-uniform gridded data
   !> are copied to them through [[ALBANK]]. This is the legacy SSR74 routine.
   !>
   !> @warning
   !> `FLAG` is assumed to be exactly zero or one, `N2` must be positive, and
   !> `LINE` must fit with its one-character suffix in the eight-character
   !> `NEXT` buffer. These preconditions are not checked. The multi-category
   !> path also relies on `DUMMY` retaining real category values across
   !> integer-only [[ALREAD]] calls, despite `ALREAD` declaring `RDATA` as
   !> `INTENT(OUT)` on every call.
   !> @endwarning
   !>
   !> @history
   !> | Date | Author | Version | Description |
   !> |:-----|:-------|:--------|:------------|
   !> | 1994-05-27 | - | - | Initial version. |
   !> | 1994-09-19 | AB/RAH | 3.4.1 | Revised the legacy distributed-array reader. |
   !> | 2026-04-05 | SvB | - | Replaced the uniform-field `ALINIT` call with an equivalent array-slice assignment. |
   !> @endhistory"
ALALLI,subroutine,src/util/mod_load_filedata.f90,mod_load_filedata,351,458,325,325,False,src/io/spatial_fields.f90,spatial_fields,"Reads and spreads per-element, per-layer and per-bank spatial fields.",2,src/contaminant/CMmod.f90;src/nitrate/MNmod.f90,0,,"!> Reads a distributed integer category field for column elements.
   !>
   !> The indexed grid under `LINE` is read by [[ALREDI]] and mapped through
   !> `ICMXY` into `CATTYP(NLF+1:NEL)`. Every active grid code must lie in
   !> `1:NUM_CATEGORIES_TYPES`; error 3090 is fatal otherwise. When `BEXBK` is
   !> true, each bank takes the category of the grid element across its outer
   !> face, falling back to the grid on the opposite side of the channel when
   !> that outer neighbour is absent.
   !>
   !> Unlike the stale legacy header, the implementation is not limited to
   !> nine categories. Counts below ten select the manual's compact `I1`
   !> integer-grid representation; larger counts use list-directed rows.
   !>
   !> @warning
   !> The bank-copy path assumes valid `ICMBK` references and at least one
   !> nonzero outer-grid reference for each link. It performs no topology or
   !> bounds check before indexing `CATTYP`.
   !> @endwarning
   !>
   !> @history
   !> | Date | Author | Version | Description |
   !> |:-----|:-------|:--------|:------------|
   !> | - | - | 4.2 or earlier | Created the integer distributed-category reader. |
   !> | 2025-10 | SB | 4.5.3 | Replaced a nitrate-specific invalid-category message with the current generic `ALALLI` diagnostic. |
   !> | 2026-04-06 | SvB | - | Replaced the legacy error jump with structured fatal-error handling. |
   !> @endhistory"
ALBANK,subroutine,src/util/mod_load_filedata.f90,mod_load_filedata,481,542,460,460,False,src/io/spatial_fields.f90,spatial_fields,"Reads and spreads per-element, per-layer and per-bank spatial fields.",0,,0,,"!> Copies adjacent grid values into the bank entries of an element array.
   !>
   !> For every active link, the link orientation selects the outer bank faces:
   !> north-south links use faces 1 and 3; east-west links use faces 2 and 4.
   !> `ICMREF(bank,face,2)` provides the grid element beyond each bank. If one
   !> side has no grid neighbour, the grid on the opposite side supplies both
   !> bank values. This implements the bank rule in User Manual Appendix A's
   !> floating-point element-array format and corresponds to legacy SSR51.
   !>
   !> @warning
   !> `ICMBK(link,1:2)` must contain valid bank elements and at least one of the
   !> two selected `ICMREF` values must be nonzero. If both are zero, the code
   !> indexes `A(0)`; the routine does not validate these entry conditions.
   !> @endwarning
   !>
   !> @history
   !> | Date | Author | Version | Description |
   !> |:-----|:-------|:--------|:------------|
   !> | 1994-04-22 | - | - | Initial version. |
   !> | 1994-05-23 | AB/RAH | 3.4.1 | Revised the bank-value propagation routine. |
   !> @endhistory"
ALCHK,subroutine,src/util/mod_load_filedata.f90,mod_load_filedata,588,749,544,544,False,src/io/input_validation.f90,input_validation,Range and consistency checks applied to freshly read input.,5,src/evapotranspiration/ETmod.f90;src/frame/FRmod.f90;src/nitrate/MNmod.f90;src/overland_channel/OCmod.f90;src/sediment/SYmod.f90,0,,"!> Checks real values against a scalar or element-wise relation.
   !>
   !> `ALCHK` tests `SUBJ(N0:N1)` against either the scalar `OBJ(N0)` or the
   !> corresponding `OBJ(i)`. The last character `a` selects the array form;
   !> otherwise the object index remains `N0`. The first two operator
   !> characters select the relation:
   !>
   !> | `OP(1:2)` | Required relation | Failure test for finite values |
   !> |:----------|:------------------|:-------------------------------|
   !> | `LT` | `SUBJ < OBJ` | `SUBJ-OBJ >= TOL*MAX(ABS(SUBJ),ABS(OBJ))` |
   !> | `GT` | `SUBJ > OBJ` | `OBJ-SUBJ >= TOL*MAX(ABS(SUBJ),ABS(OBJ))` |
   !> | `LE` | `SUBJ <= OBJ` | `SUBJ-OBJ > TOL*MAX(ABS(SUBJ),ABS(OBJ))` |
   !> | `GE` | `SUBJ >= OBJ` | `OBJ-SUBJ > TOL*MAX(ABS(SUBJ),ABS(OBJ))` |
   !> | Any other second character | approximate equality | `ABS(SUBJ-OBJ) > TOL*MAX(ABS(SUBJ),ABS(OBJ))` |
   !>
   !> Every failure sets `NOTOK(i)` and increments cumulative `COUNT`. A
   !> negative `ACTION` first replaces each failing subject with its comparison
   !> value; `ABS(ACTION)` is then passed to [[sglobal:ERROR]] as the severity
   !> selector. The diagnostic gives the lowest-index failure and, for a
   !> nonfatal action, a continuation reports how many other entries failed.
   !> Up to three indices are inferred from commas in `SNAME`; `IX2` and `IX3`
   !> supply the fixed outer indices. This is the legacy SSR62 real checker.
   !>
   !> @warning
   !> `OP` must contain at least two characters and `TOL` is assumed finite and
   !> nonnegative. IEEE NaNs make every comparison used here false and can
   !> therefore pass validation; infinities can likewise produce unordered
   !> differences. No finite-value check is performed.
   !> @endwarning
   !>
   !> @note
   !> Legacy comments said [[ALCHKI]] was generated from this routine by a
   !> makefile. No such generator exists in the current build; the two source
   !> bodies are now maintained separately and should remain behaviorally
   !> aligned.
   !> @endnote
   !>
   !> @history
   !> | Date | Author | Version | Description |
   !> |:-----|:-------|:--------|:------------|
   !> | 1994-07-22 | - | - | Initial version. |
   !> | 1994-08-17 | AB/RAH | 3.4.1 | Revised the relation checker. |
   !> | 2026-04-06 | SvB | - | Replaced the subscript-parser jump with a named-loop exit. |
   !> @endhistory"
ALCHKI,subroutine,src/util/mod_load_filedata.f90,mod_load_filedata,788,947,751,751,False,src/io/input_validation.f90,input_validation,Range and consistency checks applied to freshly read input.,4,src/frame/FRmod.f90;src/nitrate/MNmod.f90;src/overland_channel/OCmod.f90;src/sediment/SYmod.f90,0,,"!> Checks integer values against a scalar or element-wise relation.
   !>
   !> `ALCHKI` is the exact-integer counterpart of [[ALCHK]]. The optional
   !> trailing `a` in `OP` selects `OBJ(i)`; otherwise every subject is compared
   !> with `OBJ(N0)`.
   !>
   !> | `OP(1:2)` | Required relation | Failure test |
   !> |:----------|:------------------|:-------------|
   !> | `LT` | `SUBJ < OBJ` | `SUBJ-OBJ >= 0` |
   !> | `GT` | `SUBJ > OBJ` | `OBJ-SUBJ >= 0` |
   !> | `LE` | `SUBJ <= OBJ` | `SUBJ-OBJ > 0` |
   !> | `GE` | `SUBJ >= OBJ` | `OBJ-SUBJ > 0` |
   !> | Any other second character | equality | `ABS(SUBJ-OBJ) > 0` |
   !>
   !> Failure accounting, optional reset, severity selection, `SNAME` subscript
   !> parsing, and reporting are identical to `ALCHK`: `NOTOK` receives the
   !> mask, `COUNT` is cumulative, and a negative `ACTION` resets bad subjects
   !> before calling [[sglobal:ERROR]] with `ABS(ACTION)`.
   !>
   !> @warning
   !> `OP` must contain at least two characters. The subtraction, sign
   !> multiplication, and `ABS` operations use `INTEGER(kind=I_P)` without
   !> overflow checks, so extreme operands can invalidate the relation test.
   !> @endwarning
   !>
   !> @note
   !> The legacy makefile-generation warning is obsolete: no current build rule
   !> generates this routine from `ALCHK`; the two bodies are maintained by hand.
   !> @endnote
   !>
   !> @history
   !> | Date | Author | Version | Description |
   !> |:-----|:-------|:--------|:------------|
   !> | 1994-07-22 | - | - | Initial version. |
   !> | 1994-08-17 | AB/RAH | 3.4.1 | Revised the integer relation checker. |
   !> | 2026-04-06 | SvB | - | Replaced the subscript-parser jump with a named-loop exit. |
   !> @endhistory"
ALINTP,subroutine,src/util/mod_load_filedata.f90,mod_load_filedata,990,1073,949,949,False,src/util/interpolation.f90,interpolation,Table and time-series interpolation.,2,src/frame/FRmod.f90;src/nitrate/MNmod.f90,0,,"!> Interpolates category-specific depth profiles onto active column cells.
   !>
   !> For each non-link element `NELM`, `NCATTY(NELM)` selects a table with
   !> `NTAB(category)` depth/value pairs. The top cell is assigned the first
   !> table value directly. For successively deeper cells down to
   !> `NCOLMB(NELM)`, the routine advances through the ordered table and uses
   !> linear interpolation:
   !>
   !> \[
   !> V(z)=V_{j-1}+(V_j-V_{j-1})
   !>       \frac{z-z_{j-1}}{z_j-z_{j-1}}.
   !> \]
   !>
   !> Here `z` is accumulated cell-centre depth from `DELTAZ` and `ZVSNOD`.
   !> Values at or below the final table depth are clamped to the final value.
   !> The value units are those of `TABLE_CONCENTRATION`; despite its legacy
   !> name this argument also carries nitrate process-parameter profiles in
   !> [[mnmod]]. [[frmod:INCM]] uses the routine for initial contaminant
   !> concentration profiles. Depths and vertical geometry are in metres.
   !>
   !> Only `CELL_CONCENTRATION(NLF+1:NEL,NCOLMB(element):NCETOP)` is defined.
   !> Link rows, cells below each active column, and any unused capacity are
   !> outside the result domain. This is the interpolation described for the
   !> contaminant and nitrate depth tables in the manual and legacy SSR51.
   !>
   !> @warning
   !> Category codes and table counts are used without bounds checks. Every
   !> active category needs a first entry at depth zero and strictly increasing
   !> depths. A column with cells below the top also needs at least two entries;
   !> otherwise `NTABLE` can identify a nonexistent second entry or the
   !> denominator can be zero. The routine assumes cell-centre depths increase
   !> monotonically while cell indices descend.
   !> @endwarning
   !>
   !> @history
   !> | Date | Author | Version | Description |
   !> |:-----|:-------|:--------|:------------|
   !> | - | - | - | Created the category depth-table interpolation routine. |
   !> | 2025-10 | SB | 4.5.3 | Changed the result extent from capacity bounds to active `NEL` and `NCETOP` bounds. |
   !> | 2026-04-06 | SvB | - | Replaced the interval-search jump with a named-loop exit. |
   !> @endhistory"
ALREAD,subroutine,src/util/mod_load_filedata.f90,mod_load_filedata,1124,1342,1075,1075,False,src/io/record_readers.f90,record_readers,Heading-and-value record readers for the component data files.,2,src/sediment/SYmod.f90;src/subsurface/VSmod.f90,0,,"!> Performs mixed file-status, character, integer, real, grid, and VSS input operations.
   !>
   !> For positive `FLAG`, `ALREAD` first reads an 80-character heading and
   !> checks whether it contains `LINE`. A mismatch raises warning 2 but does
   !> not prevent the selected data read. Zero and negative modes instead use
   !> `LINE` as the label in the file-status message.
   !>
   !> | `FLAG` | Operation | Principal dimensions/count |
   !> |:-------|:----------|:---------------------------|
   !> | `-1` | Close `IUNIT` and echo its status. | None. |
   !> | `0` | Require `IUNIT` to be open and echo its status. | None. |
   !> | `1` | Read one `(A)` character record into `CDATA`. | Character length of `CDATA`. |
   !> | `2` | Read a list-directed integer array. | `IDATA(N1,N2)`. |
   !> | `3` | Read a list-directed real array. | `RDATA(N1,N2)`. |
   !> | `4` | Read indexed integer-grid rows from `N2` down to 1. | `NUM_CATEGORIES_TYPES < 10` selects compact `I1`; otherwise list-directed input. |
   !> | `5` | Read indexed list-directed real-grid rows from `N2` down to 1. | Each record starts with the expected row number. |
   !> | `6` | Read indexed VSS item records. | Repeat `NUM_CATEGORIES_TYPES` times: item number, item count, integer values, then real values. |
   !> | `7` | Read VSS soil physical-property records. | For each category, three integers whose first value is the sequential ID, then eight reals. |
   !>
   !> Successful calls store the current heading or status in the private
   !> `HEAD0_alread`, which a later heading-read failure includes in its message.
   !> Error codes 3--7, 10--11, 14, and 16 distinguish heading, file/data,
   !> grid-row, soil, and VSS-record failures; contained helper `throw_fatal` dispatches
   !> each through [[sglobal:ERROR]] with fatal severity.
   !>
   !> @warning
   !> There is no `CASE DEFAULT`; unsupported flags may consume a heading and
   !> return without reading data, while unsupported negative flags can copy an
   !> undefined `HEAD` into `HEAD0_alread`. Modes 6 and 7 do not validate input
   !> item indices/counts against `N1` and `N2` before using them as subscripts.
   !>
   !> Because `CDATA`, `IDATA`, and `RDATA` all have `INTENT(OUT)`, standard
   !> Fortran makes every actual destination undefined on entry regardless of
   !> which `FLAG` is selected. Callers must not rely on either unused array
   !> retaining its previous value, although current [[ALALLF]] does so in its
   !> multi-category path.
   !> @endwarning
   !>
   !> @history
   !> | Date | Author | Version | Description |
   !> |:-----|:-------|:--------|:------------|
   !> | 1993-12-10 | - | - | Initial mixed-format reader. |
   !> | 1994-09-12 | GP | 4.0 | Added VSS modes 6 and 7. |
   !> | 1994-09-16 | AB/RAH | 3.4.1 | Revised the legacy input reader. |
   !> | 1997-08-04 | RAH | 4.1 | Added end-of-file handling to modes 6 and 7 and renumbered the VSS error as 16. |
   !> | 2025-10-02 | SB | - | Increased the diagnostic message buffer from 132 to 140 characters. |
   !> | 2026-04-06 | SvB | - | Replaced error jumps with `SELECT CASE`, `IOSTAT`, and the contained fatal-error helper. |
   !> | 2026-09-06 | SvB | - | Checked the `CLOSE` through [[mod_error:errstat_fileclose]], reporting `IOSTAT`/`IOMSG`. |
   !> @endhistory"
throw_fatal,subroutine,src/util/mod_load_filedata.f90,mod_load_filedata,1335,1340,1323,1323,True,src/io/record_readers.f90,record_readers,Heading-and-value record readers for the component data files.,0,,0,,"!> Reports one `ALREAD` I/O failure as fatal.
      !>
      !> This contained helper host-associates `OUNIT` from [[ALREAD]] and calls
      !> [[sglobal:ERROR]] with `ERRLVL_fatal`, the supplied legacy error identifier,
      !> no element/cell context, and the already formatted message. `ERROR`
      !> terminates normal execution for fatal severity.
      !>
      !> @history
      !> | Date | Author | Version | Description |
      !> |:-----|:-------|:--------|:------------|
      !> | 2026-04-06 | SvB | - | Extracted repeated fatal-error dispatch while replacing `GOTO` paths. |
      !> @endhistory"
ALRED2,subroutine,src/util/mod_load_filedata.f90,mod_load_filedata,1375,1437,1344,1344,False,src/io/record_readers.f90,record_readers,Heading-and-value record readers for the component data files.,2,src/contaminant/CMmod.f90;src/nitrate/MNmod.f90,0,,"!> Checks or closes a legacy AL-family input file and echoes its status.
   !>
   !> `ALRED2` obtains the connection state and filename for `IUNIT`. With
   !> `FLAG=0` it requires the unit to be open; any other flag closes the unit.
   !> It writes a blank-line-terminated status message containing `LINE`, the
   !> operation, unit number, and filename to `OUNIT`, then stores that message
   !> in private `HEAD0_alred2`.
   !>
   !> The old header's statement that this routine contains `ENTRY` statements
   !> is obsolete. The 1995 refactor separated the character, real, integer,
   !> and logical operations into [[ALREDC]], [[ALREDF]], [[ALREDI]], and
   !> [[ALREDL]]; callers invoke those routines independently after this file
   !> lifecycle check.
   !>
   !> @note
   !> `HEAD0_alred2` has no current reader, so storing the status has no effect
   !> on later diagnostics. Its 80-character length also truncates the
   !> 152-character `HEAD`, as reported by gfortran. Closing is selected by
   !> every nonzero `FLAG`, not only by one distinguished value.
   !> @endnote
   !>
   !> @history
   !> | Date | Author | Version | Description |
   !> |:-----|:-------|:--------|:------------|
   !> | 1993-12-10 | - | - | Initial input-file management routine. |
   !> | 1994-09-16 | AB/RAH | 3.4.1 | Revised the legacy routine. |
   !> | 1995-03-22 | RAH | - | Replaced the former `ENTRY` interface with separate type-specific `ALRED*` routines. |
   !> | 2025-10 | SB | - | Expanded the status, filename, and diagnostic buffers. |
   !> | 2026-04-06 | SvB | - | Replaced the file-not-open jump with structured error handling. |
   !> | 2026-09-06 | SvB | - | Checked the `CLOSE` through [[mod_error:errstat_fileclose]], reporting `IOSTAT`/`IOMSG`. |
   !> @endhistory"
ALREDC,subroutine,src/util/mod_load_filedata.f90,mod_load_filedata,1460,1510,1439,1439,False,src/io/record_readers.f90,record_readers,Heading-and-value record readers for the component data files.,2,src/contaminant/CMmod.f90;src/nitrate/MNmod.f90,0,,"!> Reads a heading followed by fixed-format character records.
   !>
   !> `ALREDC` reads a heading into a 150-character buffer and tests whether it
   !> contains `LINE`. A mismatch raises warning 2 and input continues. It then
   !> reads `CDATA(N1,N2)` with format `(A)`; format reversion advances through
   !> successive records when more than one array item is requested. Current
   !> contaminant and nitrate callers request a single item.
   !>
   !> `FLAG` is retained for family-wide call compatibility but is not read.
   !> Heading and character-data failures are fatal errors 3 and 5. The heading
   !> error reports `HEAD0_alredc`, but that module field is never updated and
   !> therefore always says that nothing has yet been read.
   !>
   !> @history
   !> | Date | Author | Version | Description |
   !> |:-----|:-------|:--------|:------------|
   !> | 1993-12-10 | - | - | Initial character input routine. |
   !> | 1994-09-16 | AB/RAH | 3.4.1 | Revised the legacy routine. |
   !> | 1995-03-22 | RAH | - | Created the separate character reader during removal of the former `ENTRY` interface. |
   !> | 2025-10 | SB | - | Increased heading and message buffers to 150 and 200 characters. |
   !> @endhistory"
ALREDF,subroutine,src/util/mod_load_filedata.f90,mod_load_filedata,1532,1615,1512,1512,False,src/io/record_readers.f90,record_readers,Heading-and-value record readers for the component data files.,2,src/contaminant/CMmod.f90;src/nitrate/MNmod.f90,0,,"!> Reads a heading followed by a real list or indexed real grid.
   !>
   !> A heading containing `LINE` is expected first. A mismatch raises warning
   !> 2 but reading continues. `FLAG=0` reads all of `FDATA(N1,N2)` by
   !> list-directed input. Any nonzero flag reads `N2` indexed grid records in
   !> north-to-south order (`IY=N2,...,1`), each containing its row number and
   !> `N1` floating-point values. An I/O failure or wrong row number raises
   !> fatal error 11; heading and simple-array failures use errors 3 and 7.
   !>
   !> `HEAD0_alredf` is displayed on a heading-read failure but is never updated,
   !> so its text remains `( nothing read yet )` throughout the run.
   !>
   !> @history
   !> | Date | Author | Version | Description |
   !> |:-----|:-------|:--------|:------------|
   !> | 1993-12-10 | - | - | Initial real input routine. |
   !> | 1994-09-16 | AB/RAH | 3.4.1 | Revised the legacy routine. |
   !> | 1995-03-22 | RAH | - | Created the separate real reader and renamed the destination `FDATA`. |
   !> | 2026-04-06 | SvB | - | Replaced error jumps with `IOSTAT` checks and structured returns. |
   !> @endhistory"
ALREDI,subroutine,src/util/mod_load_filedata.f90,mod_load_filedata,1644,1737,1617,1617,False,src/io/record_readers.f90,record_readers,Heading-and-value record readers for the component data files.,2,src/contaminant/CMmod.f90;src/nitrate/MNmod.f90,0,,"!> Reads a heading followed by an integer list or indexed integer grid.
   !>
   !> A heading containing `LINE` is expected first; a mismatch raises warning
   !> 2 and reading continues. `FLAG=0` reads `IDATA(N1,N2)` by list-directed
   !> input. A nonzero flag reads indexed rows from `N2` down to 1. For flags
   !> below ten it generates format `(I7,1X,N1 I1)`, matching the manual's
   !> compact integer-grid form; flags of ten or more use list-directed rows.
   !> Every row number must equal the expected `IY`.
   !>
   !> Heading, list, and grid failures are fatal errors 3, 6, and 10.
   !> `HEAD0_alredi`, used in the heading error, is never updated and always
   !> retains its initial `( nothing read yet )` text.
   !>
   !> @warning
   !> Nonzero negative flags also enter the compact-grid branch because the
   !> code tests only `FLAG < 10`; callers are expected to pass a positive
   !> category limit for grid input.
   !> @endwarning
   !>
   !> @history
   !> | Date | Author | Version | Description |
   !> |:-----|:-------|:--------|:------------|
   !> | 1993-12-10 | - | - | Initial integer input routine. |
   !> | 1994-09-16 | AB/RAH | 3.4.1 | Revised the legacy routine. |
   !> | 1995-03-22 | RAH | - | Created the separate integer reader during removal of the former `ENTRY` interface. |
   !> | 2026-04-06 | SvB | - | Replaced error jumps with `IOSTAT` checks and structured returns. |
   !> @endhistory"
ALREDL,subroutine,src/util/mod_load_filedata.f90,mod_load_filedata,1756,1807,1739,1739,False,src/io/record_readers.f90,record_readers,Heading-and-value record readers for the component data files.,2,src/contaminant/CMmod.f90;src/nitrate/MNmod.f90,0,,"!> Reads a heading followed by list-directed logical data.
   !>
   !> The routine checks the heading for the case-sensitive substring `LINE`,
   !> warning on a mismatch, then reads `LDATA(N1,N2)` by list-directed input.
   !> `FLAG` is accepted for interface compatibility but not used. Heading and
   !> logical-data failures invoke fatal errors 3 and 14.
   !>
   !> `HEAD0_alredl` is used by the heading-error message but never updated, so
   !> it retains the initial `( nothing read yet )` text.
   !>
   !> @history
   !> | Date | Author | Version | Description |
   !> |:-----|:-------|:--------|:------------|
   !> | 1993-12-10 | - | - | Initial logical input routine. |
   !> | 1994-09-16 | AB/RAH | 3.4.1 | Revised the legacy routine. |
   !> | 1995-03-22 | RAH | - | Added the logical reader while replacing the former `ENTRY` interface with separate routines. |
   !> @endhistory"
ALSPRD,subroutine,src/util/mod_load_filedata.f90,mod_load_filedata,1833,1879,1809,1809,False,src/io/spatial_fields.f90,spatial_fields,"Reads and spreads per-element, per-layer and per-bank spatial fields.",1,src/subsurface/VSmod.f90,0,,"!> Chooses the start and stride of an approximately even subsequence.
   !>
   !> For `M` selected positions among `N` candidate positions, the returned
   !> indices are `N1`, `N1+DEL`, ..., `N1+(M-1)*DEL`. The calculation centres
   !> the unused positions as evenly as its integer arithmetic permits and
   !> adjusts their parity when that produces a more uniform spread.
   !>
   !> The only current caller is [[vsmod:VSCONC]], which uses these positions to
   !> distribute `M` foregone cell splits across `N` possible split locations.
   !> For `M=0`, `N1=N+1` selects no in-range position; for `M=1`, the one
   !> position is centred and `DEL=N`.
   !>
   !> @warning
   !> The intended domain is `0 <= M <= N` with positive `N`. It is not checked.
   !> Outside it the returned start/stride need not identify valid positions;
   !> `N=0` can return `DEL=0`, which is unsafe if a caller later uses it as a
   !> divisor or `MOD` argument.
   !> @endwarning
   !>
   !> @history
   !> | Date | Author | Version | Description |
   !> |:-----|:-------|:--------|:------------|
   !> | 1997-08-05 | RAH | 4.1 | Created the evenly spread subsequence calculation. |
   !> @endhistory"
ALTRAP,subroutine,src/util/mod_load_filedata.f90,mod_load_filedata,1903,1918,1881,1881,False,src/util/platform_traps.f90,platform_traps,Retained floating-point-trap hook.,1,src/Shetran.f90,0,,"!> Preserves the legacy startup hook for floating-point trap configuration.
   !>
   !> [[shetran]] calls `ALTRAP` once after command-line processing and before
   !> opening model files. The former platform-specific `IEEE_HANDLER` call has
   !> been commented out since version 4g-pc. The current routine sets its local
   !> status to zero and returns, so it enables no IEEE exceptions and can never
   !> issue its retained warning 13.
   !>
   !> @note
   !> The interface was removed as a no-op in April 2026 and restored during the
   !> May rebase because the main program still called it. Its presence must not
   !> be interpreted as active floating-point exception trapping.
   !> @endnote
   !>
   !> @history
   !> | Date | Author | Version | Description |
   !> |:-----|:-------|:--------|:------------|
   !> | 1994-09-30 | RAH | 3.4.1 | Created the floating-point trap setup hook (legacy SSR79). |
   !> | 2000-03-07 | StevenB | 4g-pc | Removed the platform-specific IEEE handler calls. |
   !> | 2026-04-04 | SvB | - | Removed the no-op routine. |
   !> | 2026-05-11 | SvB | - | Restored the public no-op interface during the current-code rebase. |
   !> @endhistory"
eqmarker,function,src/util/tolerance_testing.f90,tolerance_testing,61,64,25,25,False,src/util/float_compare.f90,float_compare,"Tolerance-based comparisons against zero, one and the end-of-input marker.",3,src/overland_channel/OCmod.f90;src/sediment/SYmod.f90;src/subsurface/VSmod.f90,0,,"!> summary: Detects the time-series end marker by integer truncation.
!>
!> Returns true when `INT(a)==imarker`, where `imarker` is
!> `INT(marker999)=999999`. For positive finite input this accepts the entire
!> half-open interval `999999.0 <= a < 1000000.0`, not only the real marker
!> value `999999.9`; it performs neither exact real equality nor a tolerance
!> comparison.
!>
!> [[utilsmod:FINPUT]] writes `marker999` after end-of-file, while
!> [[utilsmod:HINPUT]] writes it after any failed read. [[ocmod:OCEXT]] tests
!> its head and flux boundary times, and [[vsmod:VSPREP]] tests the well,
!> lateral-flow, lateral-head, lateral-head-gradient, base-flow, and base-head
!> times. Each current caller supplies a scalar and raises a fatal error for
!> the boundary data when this function returns true.
!>
!> The scalar dummy makes the `ELEMENTAL` function callable with either a
!> scalar or an array; an array call returns a conformable logical array. The
!> function has no side effects.
!>
!> @warning
!> A legitimate time in the accepted integer bucket is indistinguishable
!> from the marker. Conversion with `INT` also assumes `a` is finite and lies
!> within the range representable by the default integer kind; the function
!> performs no guard for unsupported values.
!> @endwarning
!>
!> @note
!> The pre-FORD source labelled this wrapper “needed for AD” but recorded no
!> further rationale.
!> @endnote
!>
!> @history
!> | Date | Author | Description |
!> |:-----|:-------|:------------|
!> | 2026-03-28 | SvB | Converted the helper to selected real kind, made it elemental, and added the initial FORD block. |
!> @endhistory"
gtzero,function,src/util/tolerance_testing.f90,tolerance_testing,83,86,66,66,False,src/util/float_compare.f90,float_compare,"Tolerance-based comparisons against zero, one and the end-of-input marker.",7,src/contaminant/CMmod.f90;src/evapotranspiration/ETmod.f90;src/overland_channel/OCmod.f90;src/overland_channel/OCmod2.f90;src/sediment/SYmod.f90;src/snow/SMmod.f90;src/subsurface/VSmod.f90,0,,"!> summary: Tests whether a value is strictly positive.
!>
!> Returns the result of `a > 0`. Unlike [[gezero]], this function does not
!> use the module tolerance `vsmall`: zero and every negative value,
!> including values within the zero band, return false. An unordered
!> comparison with a NaN also returns false.
!>
!> The `ELEMENTAL` interface accepts a scalar or a conformable array and has
!> no side effects. Current callers use scalar hydraulic, soil, sediment,
!> snowmelt, and contaminant values to guard calculations that require a
!> positive quantity.
!>
!> @history
!> | Date | Author | Description |
!> |:-----|:-------|:------------|
!> | 2026-03-28 | SvB | Converted the helper to selected real kind, made it elemental, and added the initial FORD block. |
!> @endhistory"
gezero,function,src/util/tolerance_testing.f90,tolerance_testing,104,107,88,88,False,src/util/float_compare.f90,float_compare,"Tolerance-based comparisons against zero, one and the end-of-input marker.",3,src/contaminant/CMmod.f90;src/sediment/SYmod.f90;src/subsurface/VSmod.f90,0,,"!> summary: Tests whether a value is positive or within the zero band.
!>
!> Returns `iszero(a) .OR. a > 0`. Because [[iszero]] uses the strict test
!> `ABS(a) < vsmall`, this is equivalent to `a > -vsmall` for finite input:
!> small negative values inside the band are accepted, but `-vsmall` is not.
!> A NaN returns false.
!>
!> The `ELEMENTAL` interface accepts a scalar or a conformable array and has
!> no side effects. Current scalar callers use the result in contaminant and
!> variably saturated subsurface calculations.
!>
!> @history
!> | Date | Author | Description |
!> |:-----|:-------|:------------|
!> | 2026-03-28 | SvB | Converted the helper to selected real kind, made it elemental, and added the initial FORD block. |
!> @endhistory"
ltzero,function,src/util/tolerance_testing.f90,tolerance_testing,125,128,109,109,False,src/util/float_compare.f90,float_compare,"Tolerance-based comparisons against zero, one and the end-of-input marker.",4,src/contaminant/CMmod.f90;src/evapotranspiration/ETmod.f90;src/snow/SMmod.f90;src/subsurface/VSmod.f90,0,,"!> summary: Tests whether a value is strictly negative.
!>
!> Returns the result of `a < 0`. Unlike [[lezero]], this function does not
!> use the module tolerance `vsmall`: zero and every positive value,
!> including values within the zero band, return false. An unordered
!> comparison with a NaN also returns false.
!>
!> The `ELEMENTAL` interface accepts a scalar or a conformable array and has
!> no side effects. Current callers use scalar contaminant, ET, snowmelt,
!> and variably saturated subsurface values to guard negative-value paths.
!>
!> @history
!> | Date | Author | Description |
!> |:-----|:-------|:------------|
!> | 2026-03-28 | SvB | Converted the helper to selected real kind, made it elemental, and added the initial FORD block. |
!> @endhistory"
lezero,function,src/util/tolerance_testing.f90,tolerance_testing,146,149,130,130,False,src/util/float_compare.f90,float_compare,"Tolerance-based comparisons against zero, one and the end-of-input marker.",2,src/evapotranspiration/ETmod.f90;src/snow/SMmod.f90,0,,"!> summary: Tests whether a value is negative or within the zero band.
!>
!> Returns `iszero(a) .OR. a < 0`. Because [[iszero]] uses the strict test
!> `ABS(a) < vsmall`, this is equivalent to `a < vsmall` for finite input:
!> small positive values inside the band are accepted, but `vsmall` is not.
!> A NaN returns false.
!>
!> The `ELEMENTAL` interface accepts a scalar or a conformable array and has
!> no side effects. Current scalar callers use the result in ET and snowmelt
!> calculations.
!>
!> @history
!> | Date | Author | Description |
!> |:-----|:-------|:------------|
!> | 2026-03-28 | SvB | Converted the helper to selected real kind, made it elemental, and added the initial FORD block. |
!> @endhistory"
iszero,function,src/util/tolerance_testing.f90,tolerance_testing,167,170,151,151,False,src/util/float_compare.f90,float_compare,"Tolerance-based comparisons against zero, one and the end-of-input marker.",7,src/contaminant/CMmod.f90;src/overland_channel/OCmod.f90;src/overland_channel/OCmod2.f90;src/sediment/SYmod.f90;src/snow/SMmod.f90;src/subsurface/VSmod.f90;src/util/utilsmod.f90,0,,"!> summary: Tests whether a value lies strictly inside the zero band.
!>
!> Returns `ABS(a) < vsmall`, where `vsmall` is `1.0e-20_R8P`. The boundary
!> values `-vsmall` and `vsmall` therefore return false. NaNs and infinities
!> also return false.
!>
!> The `ELEMENTAL` interface accepts a scalar or a conformable array and has
!> no side effects. This predicate supplies the zero-band semantics used by
!> [[gezero]], [[lezero]], [[notzero]], and [[iszero_a]], as well as by
!> numerical checks throughout the simulation modules.
!>
!> @history
!> | Date | Author | Description |
!> |:-----|:-------|:------------|
!> | 2026-03-28 | SvB | Converted the helper to selected real kind, made it elemental, and added the initial FORD block. |
!> @endhistory"
iszero_a,function,src/util/tolerance_testing.f90,tolerance_testing,194,202,172,172,False,src/util/float_compare.f90,float_compare,"Tolerance-based comparisons against zero, one and the end-of-input marker.",1,src/util/utilsmod.f90,0,,"!> summary: Tests whether every value in a rank-one array is in the zero band.
!>
!> Applies [[iszero]] to each element and returns true only if every element
!> satisfies `ABS(a(i)) < vsmall`. A zero-size array returns true because the
!> result is initialized to true and the loop has no iterations.
!>
!> [[utilsmod:AREADR]] is the only current caller; it passes the active slice
!> `AOUT(1:total_no_elements)` so that an all-zero real grid can be printed
!> compactly. The function is `PURE` and has no side effects.
!>
!> @note
!> After the first false result the loop continues, but the `CYCLE` statement
!> prevents any further array elements from being evaluated. The retained
!> source comment labels this control-flow form “FOR AD” without identifying
!> the automatic-differentiation tool or further rationale.
!> @endnote
!>
!> @history
!> | Date | Author | Description |
!> |:-----|:-------|:------------|
!> | 2026-03-28 | SvB | Converted the array and loop index to selected kinds, made the helper pure, and added the initial FORD block. |
!> @endhistory"
i_iszero_a2,function,src/util/tolerance_testing.f90,tolerance_testing,226,236,204,204,False,src/util/float_compare.f90,float_compare,"Tolerance-based comparisons against zero, one and the end-of-input marker.",1,src/util/utilsmod.f90,0,,"!> summary: Tests whether every value in a rank-two integer array is zero.
!>
!> Uses exact integer equality and returns true only if every `a(i,j)` is
!> zero. An array with either extent equal to zero returns true because the
!> result is initialized to true and no element changes it.
!>
!> [[utilsmod:AREADI]] is the only current caller; it passes the active slice
!> `IA(1:NX,1:NY)` so that an all-zero integer grid can be printed compactly.
!> The function is `PURE` and has no side effects.
!>
!> @note
!> After the first false result the nested loops continue, but the `CYCLE`
!> statement prevents any further array elements from being evaluated. The
!> retained source comment labels this control-flow form “FOR AD” without
!> identifying the automatic-differentiation tool or further rationale.
!> @endnote
!>
!> @history
!> | Date | Author | Description |
!> |:-----|:-------|:------------|
!> | 2026-03-28 | SvB | Converted the array and loop indices to selected kinds, made the helper pure, and added the initial FORD block. |
!> @endhistory"
notzero,function,src/util/tolerance_testing.f90,tolerance_testing,254,257,238,238,False,src/util/float_compare.f90,float_compare,"Tolerance-based comparisons against zero, one and the end-of-input marker.",8,src/contaminant/CMmod.f90;src/evapotranspiration/ETmod.f90;src/frame/FRmod.f90;src/overland_channel/OCmod.f90;src/overland_channel/OCmod2.f90;src/sediment/SYmod.f90;src/subsurface/VSmod.f90;src/util/utilsmod.f90,0,,"!> summary: Tests whether a value lies outside the strict zero band.
!>
!> Returns the logical complement of [[iszero]]. It is false only when
!> `ABS(a) < vsmall`; the boundary values `-vsmall` and `vsmall` return true.
!> Because `iszero` returns false for a NaN, this function returns true for a
!> NaN.
!>
!> The `ELEMENTAL` interface accepts a scalar or a conformable array and has
!> no side effects. Current callers use scalar values throughout the frame,
!> ET, OC, VSS, contaminant, and input-utility code.
!>
!> @history
!> | Date | Author | Description |
!> |:-----|:-------|:------------|
!> | 2026-03-28 | SvB | Converted the helper to selected real kind, made it elemental, and added the initial FORD block. |
!> @endhistory"
isone,function,src/util/tolerance_testing.f90,tolerance_testing,280,283,259,259,False,src/util/float_compare.f90,float_compare,"Tolerance-based comparisons against zero, one and the end-of-input marker.",2,src/sediment/SYmod.f90;src/subsurface/VSmod.f90,0,,"!> summary: Tests whether a value lies strictly inside the band around one.
!>
!> Returns `ABS(a-one) < vsmall`, using the same `1.0e-20_R8P` tolerance as
!> [[iszero]]. A mathematically exact tolerance boundary is excluded, as are
!> NaNs and infinities.
!>
!> @note
!> With the current gfortran `R8P` kind, `vsmall` is narrower than the spacing
!> between representable values around one. For that build this predicate is
!> therefore true only for the exactly represented value `1.0_R8P`.
!> @endnote
!>
!> The `ELEMENTAL` interface accepts a scalar or a conformable array and has
!> no side effects. [[vsmod:VSCOEF]] is the only current consumer and uses a
!> scalar result to select the arithmetic-mean conductivity case.
!>
!> @history
!> | Date | Author | Description |
!> |:-----|:-------|:------------|
!> | 2026-03-28 | SvB | Converted the helper to selected real kind, made it elemental, and added the initial FORD block. |
!> @endhistory"
notone,function,src/util/tolerance_testing.f90,tolerance_testing,306,309,285,285,False,src/util/float_compare.f90,float_compare,"Tolerance-based comparisons against zero, one and the end-of-input marker.",2,src/sediment/SYmod.f90;src/subsurface/VSmod.f90,0,,"!> summary: Tests whether a value lies outside the strict band around one.
!>
!> Returns the logical complement of [[isone]]. A mathematically exact
!> tolerance boundary returns true. Because `isone` returns false for a NaN,
!> this function returns true for a NaN.
!>
!> @note
!> With the current gfortran `R8P` kind, `vsmall` is narrower than the spacing
!> between representable values around one. For that build this predicate is
!> therefore false only for the exactly represented value `1.0_R8P`.
!> @endnote
!>
!> The `ELEMENTAL` interface accepts a scalar or a conformable array and has
!> no side effects. [[vsmod:VSCOEF]] is the only current consumer and uses a
!> scalar result to decide whether exponentiation is required.
!>
!> @history
!> | Date | Author | Description |
!> |:-----|:-------|:------------|
!> | 2026-03-28 | SvB | Converted the helper to selected real kind, made it elemental, and added the initial FORD block. |
!> @endhistory"
idimje,function,src/util/tolerance_testing.f90,tolerance_testing,336,344,311,311,False,src/util/float_compare.f90,float_compare,"Tolerance-based comparisons against zero, one and the end-of-input marker.",4,src/contaminant/CMmod.f90;src/frame/FRmod.f90;src/sediment/SYmod.f90;src/util/mod_load_filedata.f90,0,,"!> summary: Returns the positive part of an integer difference.
!>
!> Returns `x-y` when `x > y`, and zero otherwise. As an `ELEMENTAL`
!> function it accepts scalar or conformable array arguments and has no side
!> effects. Current scalar calls use it to derive non-fine sediment capacity
!> in [[symod:SYERR2]] and to round an input allocation extent upward in
!> [[mod_load_filedata:ALSPRD]].
!>
!> @warning
!> The function result is default integer because the function statement does
!> not declare `INTEGER(KIND=I_P)`, although both arguments use `I_P`. The
!> subtraction and conversion are not checked for overflow or an
!> unrepresentable result if those kinds differ on another compiler.
!> @endwarning
!>
!> @note
!> The pre-FORD source labelled this wrapper “AD PROBLEM” but recorded no
!> further rationale.
!> @endnote
!>
!> @history
!> | Date | Author | Description |
!> |:-----|:-------|:------------|
!> | 2026-03-28 | SvB | Converted the arguments to selected integer kind, made the helper elemental, and added the initial FORD block; the default-integer result was retained. |
!> @endhistory"
dimje,function,src/util/tolerance_testing.f90,tolerance_testing,367,376,346,346,False,src/util/float_compare.f90,float_compare,"Tolerance-based comparisons against zero, one and the end-of-input marker.",3,src/overland_channel/OCmod2.f90;src/sediment/SYmod.f90;src/subsurface/VSmod.f90,0,,"!> summary: Returns the positive part of a selected-kind real difference.
!>
!> Returns `x-y` when `x > y`, and `0.0_R8P` otherwise. An unordered
!> comparison, including one involving a NaN, follows the latter branch and
!> returns zero. The function does not apply `vsmall`.
!>
!> The `ELEMENTAL` interface accepts scalar or conformable array arguments
!> and has no side effects. Current scalar calls truncate negative depth,
!> stress, concentration, storage, and transport differences in OC and
!> sediment calculations.
!>
!> @note
!> The pre-FORD source labelled this wrapper “AD PROBLEM” but recorded no
!> further rationale.
!> @endnote
!>
!> @history
!> | Date | Author | Description |
!> |:-----|:-------|:------------|
!> | 2026-03-28 | SvB | Converted the result and arguments to selected real kind, made the helper elemental, and added the initial FORD block. |
!> @endhistory"
dcopy,subroutine,src/util/utilsmod.f90,utilsmod,54,95,39,39,False,src/util/linear_algebra.f90,linear_algebra,"Matrix and vector primitives: copy, multiply, tridiagonal solve, LU inversion.",4,src/contaminant/CMmod.f90;src/evapotranspiration/ETmod.f90;src/sediment/SYmod.f90;src/subsurface/VSmod.f90,0,,"!> Copies a double-precision vector into another vector.
   !>
   !> This is the BLAS `dcopy` operation implemented locally, including support
   !> for non-unit and negative increments.
   !>
   !> @note The routine follows the simple BLAS indexing convention but does not
   !> validate `incx` or `incy`. Zero increments and overlapping source/destination
   !> storage are therefore caller responsibilities.
   !> @endnote
   !>
   !> @history
   !> | Date | Author | Description |
   !> |:-----|:-------|:------------|
   !> | 2026-04-13 | SvB | Corrected the `n<-0` typo to `n<=0` (behaviour-preserving for `n=0`, since both the array-slice and strided branches already reduce to zero-trip no-ops); changed `dy`'s intent from `OUT` to `INOUT`, since an `OUT` array can be copied back from an uninitialised compiler temporary and overwrite elements skipped by a non-unit stride. |
   !> @endhistory"
FINPUT,subroutine,src/util/utilsmod.f90,utilsmod,147,227,97,97,False,src/io/timeseries_input.f90,timeseries_input,Reads the next dated value from a forcing or boundary time series.,2,src/overland_channel/OCmod.f90;src/subsurface/VSmod.f90,0,,"!> Reads breakpoint flux time-series data and averages over a timestep.
   !>
   !> The routine accumulates piecewise-constant flux values over the current
   !> simulation timestep and returns timestep-average values.
   !>
   !> `FINPUT` is the general reader for breakpoint flux time series. Input records
   !> contain a date/time followed by `NINP` flux values. Each flux value is treated
   !> as constant over the interval ending at its record time `INTIME`, and the
   !> returned `ARRAY(j)` is the average over the current simulation timestep
   !> `[SIMNOW, SIMNOW+SIMSTP]`.
   !>
   !> Parameters are:
   !>
   !> | Argument | Intent | Meaning |
   !> |:---------|:-------|:--------|
   !> | `IIN` | input | File unit number for reading data. |
   !> | `TIH` | input | Simulation start time since the reference date, in hours. |
   !> | `SIMNOW` | input | Start time of the current simulation timestep, in model hours. |
   !> | `SIMSTP` | input | Current simulation timestep length, in hours. |
   !> | `INLAST` | input/output | Last breakpoint time read, relative to `TIH`. |
   !> | `INTIME` | input/output | Current breakpoint time up to which `FNEXT` is valid. |
   !> | `FNEXT` | input/output | Current flux vector valid up to `INTIME`; overwritten by newly read interval values. |
   !> | `NINP` | input | Number of flux items to read from each record. |
   !> | `ARRAY` | output | Timestep-average flux vector. |
   !>
   !> If the existing breakpoint already extends beyond the timestep end,
   !> `ARRAY = FNEXT`. Otherwise the code integrates each piecewise-constant
   !> segment and divides by the timestep:
   !>
   !> \[
   !> ARRAY_j =
   !> \frac{1}{SIMSTP}
   !> \sum_m \Delta t_m\,F_{j,m},
   !> \]
   !>
   !> where each \(\Delta t_m\) is the overlap between the current simulation
   !> timestep and one breakpoint interval. Input dates are converted with
   !> [[hour_from_date]] and shifted by `TIH`. If end-of-file is reached before a
   !> complete timestep average can be formed, `INTIME` is set to `MARKER999`.
   !>
   !> @note A newly read record value is applied over `(INLAST, INTIME]`, where
   !> `INTIME` is the record time just read. The caller is expected to maintain
   !> `FNEXT`, `INLAST`, and `INTIME` between calls.
   !> @endnote
   !>
   !> @history
   !> | Date | Author | Description |
   !> |:-----|:-------|:------------|
   !> | 2026-04-03 | SvB | Replaced the `GOTO`-driven read loop and implied-`DO` slicing with a named `DO`/`EXIT` loop, `IOSTAT`-based end-of-file detection, and array-slice assignment. |
   !> @endhistory"
HINPUT,subroutine,src/util/utilsmod.f90,utilsmod,279,349,229,229,False,src/io/timeseries_input.f90,timeseries_input,Reads the next dated value from a forcing or boundary time series.,2,src/overland_channel/OCmod.f90;src/subsurface/VSmod.f90,0,,"!> Reads breakpoint head time-series data and interpolates to timestep midpoint.
   !>
   !> The routine advances through input records until it can interpolate head data
   !> at the midpoint of the current simulation timestep.
   !>
   !> `HINPUT` is the general reader for breakpoint head time series. Unlike
   !> [[finput]], head values are not averaged as fluxes; they are linearly
   !> interpolated to the midpoint of the current timestep,
   !> `SIMMID = SIMNOW + 0.5*SIMSTP`.
   !>
   !> Parameters are:
   !>
   !> | Argument | Intent | Meaning |
   !> |:---------|:-------|:--------|
   !> | `IIN` | input | File unit number for reading data. |
   !> | `TIH` | input | Simulation start time since the reference date, in hours. |
   !> | `SIMNOW` | input | Start time of the current simulation timestep, in model hours. |
   !> | `SIMSTP` | input | Current simulation timestep length, in hours. |
   !> | `INLAST` | input/output | Previous breakpoint time, relative to `TIH`. |
   !> | `INTIME` | input/output | Next breakpoint time, relative to `TIH`. |
   !> | `HLAST` | input/output | Head vector read at `INLAST`. |
   !> | `HNEXT` | input/output | Head vector read at `INTIME`; overwritten when new records are read. |
   !> | `NINP` | input | Number of head values to read from each record. |
   !> | `ARRAY` | output | Head vector interpolated to the timestep midpoint. |
   !>
   !> Once the midpoint lies between the stored breakpoint times,
   !> \(INLAST < SIMMID \le INTIME\), the interpolation is
   !>
   !> \[
   !> ARRAY_j =
   !> HLAST_j + (HNEXT_j-HLAST_j)
   !> \frac{SIMMID-INLAST}{INTIME-INLAST}.
   !> \]
   !>
   !> The routine then continues reading records until the current timestep end is
   !> covered. Input dates are converted with [[hour_from_date]] and shifted by
   !> `TIH`. If end-of-file is reached unexpectedly, `INTIME` is set to
   !> `marker999`.
   !>
   !> @note The interpolation assignment is made only when
   !> `INLAST < SIMMID <= INTIME`. The caller must carry `HLAST`, `HNEXT`,
   !> `INLAST`, and `INTIME` between calls so the timestep midpoint is bracketed,
   !> or can be bracketed by reading additional records.
   !> @endnote
   !>
   !> @history
   !> | Date | Author | Description |
   !> |:-----|:-------|:------------|
   !> | 2026-04-06 | SvB | Replaced the `GOTO`-driven read loop with a named `DO`/`EXIT` loop and `IOSTAT`-based end-of-file detection, and the implied-`DO` interpolation loop with array-slice assignment. |
   !> @endhistory"
hour_from_date,function,src/util/utilsmod.f90,utilsmod,386,427,351,351,False,src/util/datetime.f90,datetime,Calendar-date to simulation-hour conversion and leap-year helpers.,3,src/driver/rest.f90;src/frame/FRmod.f90;src/nitrate/MNmod.f90,0,,"!> Converts a calendar date/time to simulation hours since 1950-01-01 00:00.
   !>
   !> Leap years are accounted for. The function checks the round trip through
   !> `DATE_FROM_HOUR` and halts with a diagnostic if the supplied date is invalid.
   !>
   !> Entry requirements:
   !>
   !> | Requirement | Reason |
   !> |:------------|:-------|
   !> | `KYEAR >= 1949` | Required by the legacy year-offset calculation. |
   !> | `1 <= KMTH <= 12` | Required before indexing the month-offset table. |
   !>
   !> The legacy comments describe the returned value as hours since 1 January
   !> 1950 at 00:00. The implemented convention is the one used by the paired
   !> [[date_from_hour]] routine and includes the one-based calendar day in the
   !> accumulated day count:
   !>
   !> \[
   !> r = 24\left(D_y + D_m + KDAY\right) + KHOUR + \frac{KMIN}{60},
   !> \]
   !>
   !> where `D_y` is the number of days in complete years since 1950, including
   !> leap years, and `D_m` is the number of complete days before month `KMTH` in
   !> `KYEAR`. Thus `1950-01-01 00:00` maps to 24 hours under this convention, not
   !> zero. A small one-hundredth-second offset is added to avoid minute-level
   !> roundoff errors in the reverse conversion check.
   !>
   !> @history
   !> | Date | Author | Version | Description |
   !> |:-----|:-------|:--------|:------------|
   !> | 1993-12-09 | RAH | 3.4.1 | Removed `IMPLICIT INTEGER*2 (I-N)`. |
   !> | 1998-06-11 | RAH | 4.2 | Replaced `60.` with `6D1` to eliminate rounding error; added explicit typing. |
   !> | 2026-03-19 | SB | 4.6 | Replaced the bare `print*,' date trap'` with a message reporting the offending year/month/day/hour/minute values. |
   !> | 2026-05-10 | SvB | | Replaced the interactive pause-and-`STOP` with `ERROR STOP`, so an invalid date halts non-interactively instead of waiting for console input. |
   !> @endhistory"
days_in_years_since_1950,function,src/util/utilsmod.f90,utilsmod,433,458,429,429,False,src/util/datetime.f90,datetime,Calendar-date to simulation-hour conversion and leap-year helpers.,0,,0,,"!> Returns the number of days in complete years since 1950-01-01.
   !>
   !> Leap days are counted by iterating over candidate leap years from 1952 up to
   !> `y-1`, using [[is_leap]] for the Gregorian leap-year rule."
is_leap,function,src/util/utilsmod.f90,utilsmod,465,482,460,460,False,src/util/datetime.f90,datetime,Calendar-date to simulation-hour conversion and leap-year helpers.,0,,0,,"!> Returns whether a year is a leap year in the Gregorian calendar.
   !>
   !> A year will be a leap year if it is divisible by 4 but not by 100.
   !> If a year is divisible by 4 and by 100, it is not a leap year unless
   !> it is also divisible by 400."
days_to_start_month,function,src/util/utilsmod.f90,utilsmod,489,508,484,484,False,src/util/datetime.f90,datetime,Calendar-date to simulation-hour conversion and leap-year helpers.,0,,0,,"!> Returns the day offset to the start of a month in a given year.
   !>
   !> Month offsets are zero-based (`January -> 0`). Leap years add one day for
   !> months after February. The routine traps `m < 1` through `ERROR`, but it does
   !> not explicitly guard `m > 12` before indexing the month table."
date_from_hour,function,src/util/utilsmod.f90,utilsmod,516,557,510,510,False,src/util/datetime.f90,datetime,Calendar-date to simulation-hour conversion and leap-year helpers.,1,src/frame/FRmod.f90,0,,"!> Converts the model hour count used by [[hour_from_date]] to date components.
   !>
   !> The result array is `[year, month, day, hour, minute, second]`. The
   !> conversion uses deliberately low initial estimates (`days/366` for the year
   !> and `mthdays/32` for the month), then increments to the correct year/month.
   !> A day value of zero triggers a stop as a date-trapping guard."
jematmul_mm,function,src/util/utilsmod.f90,utilsmod,575,603,559,559,False,src/util/linear_algebra.f90,linear_algebra,"Matrix and vector primitives: copy, multiply, tridiagonal solve, LU inversion.",1,src/overland_channel/OCmod.f90,0,,"!> Multiplies two dense matrices using explicit loops.
   !>
   !> With the declared storage, the returned array satisfies
   !>
   !> \[
   !>   A(i,j)=\sum_{k=1}^{n2} C(i,k)\,B(k,j),
   !> \]
   !>
   !> for `A(n3,n1)`, `B(n2,n1)`, and `C(n3,n2)`. In conventional matrix
   !> notation this is `A = C * B`, despite the old inline comment `A = B * C`.
   !>
   !> @note The local `ZERO` parameter shadows the identical module-wide `ZERO`
   !> constant brought in via `USE SGLOBAL`; the added declaration is redundant
   !> (both equal `0.0D0`) but harmless. [[jematmul_vm]] below still relies on
   !> the module-wide constant directly.
   !> @endnote"
jematmul_vm,function,src/util/utilsmod.f90,utilsmod,615,637,605,605,False,src/util/linear_algebra.f90,linear_algebra,"Matrix and vector primitives: copy, multiply, tridiagonal solve, LU inversion.",1,src/overland_channel/OCmod.f90,0,,"!> Multiplies a dense matrix by a vector using explicit loops.
   !>
   !> The returned vector satisfies
   !>
   !> \[
   !>   A_i=\sum_{k=1}^{n2} B(k,i)\,C_k,
   !> \]
   !>
   !> so the declared `B(n2,n1)` is used as the transpose of the conventional
   !> `n1 x n2` matrix."
TERPO1,subroutine,src/util/utilsmod.f90,utilsmod,689,735,639,639,False,src/util/interpolation.f90,interpolation,Table and time-series interpolation.,1,src/driver/rest.f90,0,,"!> Interpolates a one-dimensional time-varying parameter.
   !>
   !> The routine updates one parameter value from a table of relative values and
   !> tabulated times, using the current simulation time in hours.
   !>
   !> `TERPO1` is a service routine for time-varying parameters whose tabulated
   !> values are stored as relative multipliers. The arguments are:
   !>
   !> | Argument | Meaning |
   !> |:---------|:--------|
   !> | `YCURR` | Current parameter array to update. |
   !> | `YTAB` | Tabulated relative values of the parameter. |
   !> | `YINIT` | Initial or reference parameter values. |
   !> | `TCURR` | Current simulation time, in hours. |
   !> | `TTAB` | Tabulated times, in days. |
   !> | `NCT` | Current table-position counter for each parameter. |
   !> | `NPAR` | Size of the parameter array. |
   !> | `I` | Parameter-array position being updated. |
   !>
   !> The routine advances `NCT(I)` to the interval containing `TCURR/24`, then
   !> linearly interpolates the relative multiplier:
   !>
   !> \[
   !> Y_{rel} =
   !> YTAB_{I,k}
   !> + \frac{TCURR-24\,TTAB_{I,k}}
   !>        {24\,(TTAB_{I,k+1}-TTAB_{I,k})}
   !>   \left(YTAB_{I,k+1}-YTAB_{I,k}\right),
   !> \]
   !>
   !> where \(k=NCT(I)\) after the interval update. The absolute value returned to
   !> the model is
   !>
   !> \[
   !> YCURR_I = Y_{rel}\,YINIT_I.
   !> \]
   !>
   !> @note `NCT(I)` may jump by more than one interval because `ITERP` is computed
   !> with integer division of the time offset by the current interval length. The
   !> caller must provide increasing `TTAB` values and enough table entries for the
   !> updated `NCT(I)+1`; no bounds or zero-interval checks are made here.
   !> @endnote
   !>
   !> @history
   !> | Date | Author | Version | Description |
   !> |:-----|:-------|:--------|:------------|
   !> | 1994-10-05 | RAH | 3.4.1 | Removed `IMPLICIT INTEGER*2`. |
   !> | 1997-05-16 | RAH | 4.1 | Added explicit typing; made `*TAB` assumed-size arrays; removed redundant `ITAB` argument. |
   !> | 2026-04-13 | SvB | | Made the routine `PURE`; gave `NCT` and `YCURR` explicit `INOUT` intent (they were previously declared with no intent attribute, an implicit F77-style dummy) to formalise that both are read and updated. |
   !> @endhistory"
TRIDAG,subroutine,src/util/utilsmod.f90,utilsmod,762,799,737,737,False,src/util/linear_algebra.f90,linear_algebra,"Matrix and vector primitives: copy, multiply, tridiagonal solve, LU inversion.",3,src/contaminant/CMmod.f90;src/nitrate/MNmod.f90;src/subsurface/VSmod.f90,0,,"!> Solves a tridiagonal linear system.
   !>
   !> This is the Thomas algorithm for a tridiagonal matrix with lower diagonal
   !> `A`, diagonal `B`, upper diagonal `C`, right-hand side `R`, and solution `U`.
   !> It solves for the vector `U` of length `N` in
   !>
   !> \[
   !> A_i U_{i-1} + B_i U_i + C_i U_{i+1} = R_i,
   !> \qquad i=1,\ldots,N,
   !> \]
   !>
   !> with the usual endpoint interpretation that `A(1)` and `C(N)` are not used.
   !> The routine performs a forward elimination followed by back substitution,
   !> overwriting only the output vector `U` and local work array `GAM`.
   !>
   !> @note No pivoting or zero-pivot protection is performed. `B(1)` and every
   !> subsequent reduced diagonal `BET` must be non-zero.
   !> @endnote
   !>
   !> @history
   !> | Date | Author | Description |
   !> |:-----|:-------|:------------|
   !> | 2026-04-06 | SvB | Made the routine `PURE`. |
   !> | 2026-04-06 | SvB | Changed `A`, `B`, `C`, `R`, and `U` from assumed-shape (`(:)`) to explicit-shape (`(N)`) arguments, guaranteeing no copy-in/copy-out overhead for non-contiguous actual arguments. |
   !> @endhistory"
invertmat,subroutine,src/util/utilsmod.f90,utilsmod,832,894,801,801,False,src/util/linear_algebra.f90,linear_algebra,"Matrix and vector primitives: copy, multiply, tridiagonal solve, LU inversion.",1,src/overland_channel/OCmod.f90,0,,"!> Inverts a dense matrix in place using LU decomposition.
   !>
   !> `invertmat` replaces the input matrix `A` by `A^{-1}`. For `N=1` it returns
   !> the scalar reciprocal directly. For `N>1` it forms the identity matrix,
   !> factors `A` with [[ludcmp]], and solves
   !>
   !> \[
   !> A x_j = e_j,\qquad j=1,\ldots,N,
   !> \]
   !>
   !> with [[lubksb]] for each identity-column right-hand side \(e_j\). The solved
   !> columns \(x_j\) are then copied back into `A`, giving
   !>
   !> \[
   !> A^{-1} = [x_1\;x_2\;\cdots\;x_N].
   !> \]
   !>
   !> `ICOD=0` indicates success. `ICOD=1` indicates an invalid size, a zero
   !> scalar, or a singular matrix detected by the LU factorisation.
   !>
   !> @note For `N > 1`, the input matrix is passed directly to [[ludcmp]] and is
   !> overwritten by the LU factors before singularity status is known. If
   !> `ICOD=1` is returned after factorisation, `A` should not be assumed to retain
   !> the original matrix.
   !> @endnote
   !>
   !> @history
   !> | Date | Author | Description |
   !> |:-----|:-------|:------------|
   !> | 2026-04-13 | SvB | Made the routine `PURE`; removed the local `ret` flag, which was set on the `N=1` branch but never read anywhere (the original `N<1`/`N=1`/else structure already dispatched correctly without it). |
   !> @endhistory"
lubksb,subroutine,src/util/utilsmod.f90,utilsmod,925,977,896,896,False,src/util/linear_algebra.f90,linear_algebra,"Matrix and vector primitives: copy, multiply, tridiagonal solve, LU inversion.",0,,0,,"!> Solves an LU-decomposed linear system by back substitution.
   !>
   !> `lubksb` applies the row permutation stored in `indx` and overwrites `b` with
   !> the solution vector for the matrix factors produced by [[ludcmp]]. This is
   !> the Numerical Recipes LU back-substitution algorithm used by [[invertmat]].
   !>
   !> After [[ludcmp]], the array `A` stores the combined lower and upper
   !> triangular factors of a pivoted decomposition
   !>
   !> \[
   !> P A_{orig} = L U,
   !> \]
   !>
   !> where `L` has an implicit unit diagonal and `U` is stored on and above the
   !> diagonal. `lubksb` solves
   !>
   !> \[
   !> L y = P b,\qquad U x = y,
   !> \]
   !>
   !> by forward substitution followed by back substitution, returning `x` in
   !> `b`. The `ii` marker skips leading zero terms in the permuted right-hand
   !> side, matching the Numerical Recipes implementation.
   !>
   !> @history
   !> | Date | Author | Description |
   !> |:-----|:-------|:------------|
   !> | 2026-04-03 | SvB | Replaced the labelled inner-product loops with `DOT_PRODUCT` over array sections. |
   !> @endhistory"
ludcmp,subroutine,src/util/utilsmod.f90,utilsmod,1011,1096,979,979,False,src/util/linear_algebra.f90,linear_algebra,"Matrix and vector primitives: copy, multiply, tridiagonal solve, LU inversion.",0,,0,,"!> Performs LU decomposition with partial pivoting.
   !>
   !> `ludcmp` factors `a` in place, records pivot rows in `indx`, returns the
   !> parity factor `d`, and sets `issing` when the matrix is singular or has a
   !> zero scaling row. The factorisation is used by [[invertmat]] before
   !> [[lubksb]] solves each right-hand side.
   !>
   !> The decomposition is a scaled partial-pivoting LU factorisation. For each
   !> row, the scaling value
   !>
   !> \[
   !> v_i = \frac{1}{\max_j |a_{ij}|}
   !> \]
   !>
   !> is used to choose the pivot row that maximises \(v_i |a_{ij}|\) in the
   !> current column. Row swaps are recorded in `INDX`, and each swap changes the
   !> sign of `D`. On successful return, `A` stores `L` below the diagonal and `U`
   !> on and above the diagonal:
   !>
   !> \[
   !> P A_{orig} = L U.
   !> \]
   !>
   !> If a row has zero scale the matrix is singular and `ISSING` is set. If a
   !> selected pivot is exactly zero after elimination, the routine substitutes the
   !> small value `TINY=1.0d-20`, preserving the legacy Numerical Recipes behaviour.
   !>
   !> @history
   !> | Date | Author | Description |
   !> |:-----|:-------|:------------|
   !> | 2026-04-03 | SvB | Replaced the labelled inner-product loops with `DOT_PRODUCT` over array sections, `MAXVAL` for the row-scaling search, and whole-row array slices for pivot swapping. |
   !> @endhistory"
AREADI,subroutine,src/util/utilsmod.f90,utilsmod,1151,1280,1098,1098,False,src/io/grid_arrays.f90,grid_arrays,Reads whole integer and real arrays laid out on the model grid.,2,src/frame/FRmod.f90;src/overland_channel/OCmod.f90,0,,"!> Reads and optionally echoes an integer grid/element array.
   !>
   !> `AREADI` implements the legacy `KON` control modes for integer AL input:
   !> read a grid and convert it to element order, convert an existing element
   !> array back to a grid, or read and print a grid without conversion. The
   !> resulting integer element array is returned in `IAOUT`.
   !>
   !> Control modes are:
   !>
   !> | `KON` | Action |
   !> |:------|:-------|
   !> | 0 | Read grid array `IA`, convert it to element array `IAOUT`, and do not print. |
   !> | 1 | Read grid array `IA`, convert it to element array `IAOUT`, and print the grid array. |
   !> | 2 | Do not read; convert the input element array `IAOUT` back to grid array `IA` and print it. |
   !> | 3 | Fill `IAOUT(NGDBGN:total_no_elements)` with the default value supplied in `INF`; no file read is performed. |
   !>
   !> Parameters are:
   !>
   !> | Argument | Meaning |
   !> |:---------|:--------|
   !> | `IAOUT` | Integer element array returned by the routine, or input element array when `KON=2`. |
   !> | `KON` | Control parameter selecting read/convert/print/default-fill behaviour. |
   !> | `INF` | Input file unit for read modes; default integer value when `KON=3`. |
   !> | `IOF` | Output file unit used when printing the grid array. |
   !> | `INUM` | Expected range/count of integer codes; zero selects old `20I4` input. |
   !>
   !> For read modes, the grid-to-element mapping is
   !>
   !> \[
   !> IAOUT_{ICMXY(i,j)} = IA_{i,j}
   !> \quad\text{for each active grid cell } ICMXY(i,j)\ne0.
   !> \]
   !>
   !> For `KON=2`, the reverse reporting grid is assembled from grid elements using
   !>
   !> \[
   !> IA_{ICMREF(iel,2),ICMREF(iel,3)} = IAOUT_{iel}
   !> \quad\text{where } ICMREF(iel,1)=0.
   !> \]
   !>
   !> @note Only `KON=0`, `1`, and `3` are tested explicitly. Any other value uses
   !> the `KON=2` convert-and-print path. The single-digit integer grid format
   !> (`0 < INUM < 10`) is hard-limited to `NX <= 500`.
   !> @endnote
   !>
   !> @history
   !> | Date | Author | Version | Description |
   !> |:-----|:-------|:--------|:------------|
   !> | 1994-09-28 | RAH | 3.4.1 | Added explicit `IMPLICIT` statement in the original source. |
   !> | 1995-07-24 | GP | 4.0 | Initialised `IAOUT` when `KON=0` or `KON=1`. |
   !> | 1997-08-04 | RAH | 4.1 | Added explicit typing; corrected `TITLE` from implicit double precision. |
   !> | 2026-04-03 | SvB | | Replaced numbered-`FORMAT`/labelled-`DO` I/O with named `DO` loops, inline `FORMAT` strings, and array-slice reads/assignments. |
   !> @endhistory"
AREADR,subroutine,src/util/utilsmod.f90,utilsmod,1340,1459,1282,1282,False,src/io/grid_arrays.f90,grid_arrays,Reads whole integer and real arrays laid out on the model grid.,2,src/frame/FRmod.f90;src/overland_channel/OCmod.f90,0,,"!> Reads and optionally echoes a double-precision grid/element array.
   !>
   !> `AREADR` mirrors [[AREADI]] for floating-point input. Depending on `KON`, it
   !> reads grid values and converts them to SHETRAN element order, converts an
   !> existing element array for reporting, or reads and prints a grid directly.
   !>
   !> Control modes are:
   !>
   !> | `KON` | Action |
   !> |:------|:-------|
   !> | 0 | Read double-precision grid array `A`, convert it to element array `AOUT`, and do not print. |
   !> | 1 | Read double-precision grid array `A`, convert it to element array `AOUT`, and print the grid array. |
   !> | 2 | Do not read; convert the input element array `AOUT` back to grid array `A` and print it. |
   !>
   !> Parameters are:
   !>
   !> | Argument | Meaning |
   !> |:---------|:--------|
   !> | `AOUT` | Double-precision element array returned by the routine, or input element array when `KON=2`. |
   !> | `KON` | Control parameter selecting read/convert/print behaviour. |
   !> | `INF` | Input file unit for read modes. |
   !> | `IOF` | Output file unit used when printing the grid and link/bank values. |
   !>
   !> For read modes, the grid-to-element mapping is
   !>
   !> \[
   !> AOUT_{ICMXY(i,j)} = A_{i,j}
   !> \quad\text{for each active grid cell } ICMXY(i,j)\ne0.
   !> \]
   !>
   !> For `KON=2`, the reverse reporting grid is assembled from grid elements using
   !>
   !> \[
   !> A_{ICMREF(iel,2),ICMREF(iel,3)} = AOUT_{iel}
   !> \quad\text{where } ICMREF(iel,1)=0.
   !> \]
   !>
   !> Printed output also includes link values and their associated bank-element
   !> values through `ICMBK`.
   !>
   !> @note Only `KON=0` and `KON=1` read from `INF`; any other value uses the
   !> convert-and-print path. The all-zero print shortcut tests the element array
   !> `AOUT(1:total_no_elements)`, then printed output includes the grid plus
   !> link/bank values.
   !> @endnote
   !>
   !> @note `KON`, `INF`, and `IOF` are declared with no `INTENT` attribute here,
   !> unlike most other routines in this module. This is retained legacy F77-style
   !> behaviour, not something introduced by the recent modernisation.
   !> @endnote
   !>
   !> @history
   !> | Date | Author | Version | Description |
   !> |:-----|:-------|:--------|:------------|
   !> | 1994-09-28 | RAH | 3.4.1 | Added explicit `IMPLICIT` statement in the original source. |
   !> | 1997-08-04 | RAH | 4.1 | Added explicit typing; corrected `TITLE` from implicit double precision. |
   !> | 2026-04-03 | SvB | | Replaced numbered-`FORMAT`/labelled-`DO` I/O with named `DO` loops, inline `FORMAT` strings, and array-slice reads/assignments. |
   !> @endhistory"
ran2,function,src/util/utilsmod.f90,utilsmod,1472,1551,1461,1461,False,src/util/random_numbers.f90,random_numbers,Uniform pseudo-random number generation.,0,,0,,"!> Returns a pseudo-random number from the legacy `ran2` generator.
   !>
   !> Long period (> 2 x 10^18) random number generator of L'Ecuyer with
   !> Bays-Durham shuffle and added safeguards. The generator updates `idum` in
   !> place and returns a uniform variate in `(0,1)`, exclusive. This is the
   !> combined multiplicative generator used in legacy Numerical Recipes code,
   !> retained for reproducibility of existing workflows.
   !>
   !> Passing `idum <= 0` reinitialises the saved shuffle table and secondary seed.
   !> Subsequent calls use saved module-local generator state, so independent random
   !> streams require explicit reseeding and are not thread-independent."
