variable_name,source_file,source_module,line,declared_type,attributes,dimensions,is_parameter,target_file,target_module,target_module_purpose,proposed_rename,referenced_by_n_files,referenced_by,possibly_referenced_by_n_files,possibly_referenced_by,documentation
JBK,src/contaminant/CMmod.f90,CMmod,78,INTEGER,,,False,src/contaminant/cm_column.f90,cm_column,Column advection-dispersion-reaction assembly and solution.,,0,,0,,"Current bank side, 1 or 2, shared by the column preparation and solve paths."
JFLINK,src/contaminant/CMmod.f90,CMmod,79,INTEGER,,,False,src/contaminant/cm_column.f90,cm_column,Column advection-dispersion-reaction assembly and solution.,,0,,0,,Face of the adjacent link for the current bank column.
JSOL,src/contaminant/CMmod.f90,CMmod,80,INTEGER,,(LLEE),False,src/contaminant/cm_column.f90,cm_column,Column advection-dispersion-reaction assembly and solution.,,0,,0,,Soil-type number for each current local column cell.
NWORK,src/contaminant/CMmod.f90,CMmod,81,INTEGER,,(4),False,src/contaminant/cm_column.f90,cm_column,Column advection-dispersion-reaction assembly and solution.,,0,,0,,Adjacent element number for each face of the current column.
NLINKA,src/contaminant/CMmod.f90,CMmod,82,INTEGER,,,False,src/contaminant/cm_column.f90,cm_column,Column advection-dispersion-reaction assembly and solution.,,0,,0,,"Link adjacent to the current bank column, or zero for an ordinary land column."
NCWELL,src/contaminant/CMmod.f90,CMmod,83,INTEGER,,,False,src/contaminant/cm_column.f90,cm_column,Column advection-dispersion-reaction assembly and solution.,,0,,0,,"Well/spring element associated with the current column, or zero."
VELDUM,src/contaminant/CMmod.f90,CMmod,84,DOUBLEPRECISION,,(LLEE),False,src/contaminant/cm_column.f90,cm_column,Column advection-dispersion-reaction assembly and solution.,,0,,0,,Bank-width correction applied to current local vertical-flow terms.
QQQWEL,src/contaminant/CMmod.f90,CMmod,85,DOUBLEPRECISION,,,False,src/contaminant/cm_column.f90,cm_column,Column advection-dispersion-reaction assembly and solution.,,0,,0,,Current well/spring water rate used by [[colmsm]].
QQQWL1,src/contaminant/CMmod.f90,CMmod,86,DOUBLEPRECISION,,,False,src/contaminant/cm_column.f90,cm_column,Column advection-dispersion-reaction assembly and solution.,,0,,0,,New well/spring water rate prepared by [[colmw]].
QQRV,src/contaminant/CMmod.f90,CMmod,87,DOUBLEPRECISION,,(LLEE),False,src/contaminant/cm_column.f90,cm_column,Column advection-dispersion-reaction assembly and solution.,,0,,0,,Bank-to-link lateral water rates by local cell.
ROH,src/contaminant/CMmod.f90,CMmod,88,DOUBLEPRECISION,,(LLEE),False,src/contaminant/cm_column.f90,cm_column,Column advection-dispersion-reaction assembly and solution.,,0,,0,,Fraction of a bank/link composite cell assigned to the bank column.
ISBDY,src/contaminant/CMmod.f90,CMmod,89,LOGICAL,,(4),False,src/contaminant/cm_column.f90,cm_column,Column advection-dispersion-reaction assembly and solution.,,0,,0,,True where the corresponding current-column face is a catchment boundary.
count,src/contaminant/CMmod.f90,CMmod,90,INTEGER,,,False,src/contaminant/cm_column.f90,cm_column,Column advection-dispersion-reaction assembly and solution.,,0,,0,,Unused legacy module counter; [[snl3]] owns its active saved warning counter.
LWORK,src/contaminant/CMmod.f90,CMmod,91,INTEGER,,(6),False,src/contaminant/cm_channel.f90,cm_channel,Channel-link advection-dispersion-reaction assembly and solution.,,0,,0,,Up to three adjacent-link entries at each end of the current link.
NBK,src/contaminant/CMmod.f90,CMmod,92,INTEGER,,(2),False,src/contaminant/cm_channel.f90,cm_channel,Channel-link advection-dispersion-reaction assembly and solution.,,0,,0,,Bank-column element numbers on the two sides of the current link.
nwell,src/contaminant/CMmod.f90,CMmod,93,INTEGER,,,False,src/contaminant/cm_channel.f90,cm_channel,Channel-link advection-dispersion-reaction assembly and solution.,,0,,0,,Intended current link irrigation-well number; shadowed in [[linkw]].
islk,src/contaminant/CMmod.f90,CMmod,94,LOGICAL,,(2),False,src/contaminant/cm_channel.f90,cm_channel,Channel-link advection-dispersion-reaction assembly and solution.,,0,,0,,True where the corresponding end of the current link connects to another link.
qqqdum,src/contaminant/CMmod.f90,CMmod,95,DOUBLEPRECISION,,,False,src/contaminant/cm_channel.f90,cm_channel,Channel-link advection-dispersion-reaction assembly and solution.,,0,,0,,Intended current link well inflow rate; shadowed in [[linkw]].
QQQSL1,src/contaminant/CMmod.f90,CMmod,96,DOUBLEPRECISION,,,False,src/contaminant/cm_channel.f90,cm_channel,Channel-link advection-dispersion-reaction assembly and solution.,,0,,0,,"Current effective rainfall input rate to the link, using the contaminant sign convention."
CCAPB,src/contaminant/CONT_CC.F90,CONT_CC,35,DOUBLEPRECISION,,"(NELEE, NCONEE)",False,src/contaminant/cm_parameters.f90,cm_parameters,Contaminant properties and shared transport state.,,1,src/frame/FRmod.f90,1,src/contaminant/CMmod.f90,Base concentration boundary by element and contaminant.
CCPBO,src/contaminant/CONT_CC.F90,CONT_CC,36,DOUBLEPRECISION,,"(NELEE, NCONEE)",False,src/contaminant/cm_parameters.f90,cm_parameters,Contaminant properties and shared transport state.,,0,,0,,Legacy companion to `CCAPB`; not referenced by current source.
CCAPE,src/contaminant/CONT_CC.F90,CONT_CC,37,DOUBLEPRECISION,,"(NELEE, NCONEE)",False,src/contaminant/cm_parameters.f90,cm_parameters,Contaminant properties and shared transport state.,,1,src/frame/FRmod.f90,1,src/contaminant/CMmod.f90,External-inflow concentration by element and contaminant.
CCAPI,src/contaminant/CONT_CC.F90,CONT_CC,38,DOUBLEPRECISION,,(NCONEE),False,src/contaminant/cm_parameters.f90,cm_parameters,Contaminant properties and shared transport state.,,1,src/frame/FRmod.f90,1,src/contaminant/CMmod.f90,Current rainfall concentration by contaminant.
CCAPIO,src/contaminant/CONT_CC.F90,CONT_CC,39,DOUBLEPRECISION,,(NCONEE),False,src/contaminant/cm_parameters.f90,cm_parameters,Contaminant properties and shared transport state.,,1,src/frame/FRmod.f90,1,src/contaminant/CMmod.f90,Previous rainfall concentration by contaminant.
CCAPR,src/contaminant/CONT_CC.F90,CONT_CC,40,DOUBLEPRECISION,,"(NELEE, NCONEE)",False,src/contaminant/cm_parameters.f90,cm_parameters,Contaminant properties and shared transport state.,,1,src/frame/FRmod.f90,1,src/contaminant/CMmod.f90,Base flux-boundary concentration by element and contaminant.
CCAPRO,src/contaminant/CONT_CC.F90,CONT_CC,41,DOUBLEPRECISION,,"(NELEE, NCONEE)",False,src/contaminant/cm_parameters.f90,cm_parameters,Contaminant properties and shared transport state.,,0,,0,,Legacy companion to `CCAPR`; not referenced by current source.
IIICF,src/contaminant/CONT_CC.F90,CONT_CC,42,DOUBLEPRECISION,,(NCONEE),False,src/contaminant/cm_parameters.f90,cm_parameters,Contaminant properties and shared transport state.,,1,src/frame/FRmod.f90,1,src/contaminant/CMmod.f90,Current dry-deposition rate by contaminant.
IIICFO,src/contaminant/CONT_CC.F90,CONT_CC,43,DOUBLEPRECISION,,(NCONEE),False,src/contaminant/cm_parameters.f90,cm_parameters,Contaminant properties and shared transport state.,,1,src/frame/FRmod.f90,1,src/contaminant/CMmod.f90,Previous dry-deposition rate by contaminant.
CCCCW,src/contaminant/CONT_CC.F90,CONT_CC,45,DOUBLEPRECISION,,"(NELEE, NCONEE)",False,src/contaminant/cm_parameters.f90,cm_parameters,Contaminant properties and shared transport state.,,1,src/frame/FRmod.f90,1,src/contaminant/CMmod.f90,Well-water concentration by well/element and contaminant.
CCCC,src/contaminant/CONT_CC.F90,CONT_CC,47,DOUBLEPRECISION,"DIMENSION(:, :, :), ALLOCATABLE","(:, :, :)",False,src/contaminant/cm_parameters.f90,cm_parameters,Contaminant properties and shared transport state.,,2,src/frame/FRmod.f90;src/visualisation/visualisation_interface_left.f90,1,src/contaminant/CMmod.f90,Current dynamic-region concentration.
CCCCO,src/contaminant/CONT_CC.F90,CONT_CC,48,DOUBLEPRECISION,"DIMENSION(:, :, :), ALLOCATABLE","(:, :, :)",False,src/contaminant/cm_parameters.f90,cm_parameters,Contaminant properties and shared transport state.,,1,src/frame/FRmod.f90,1,src/contaminant/CMmod.f90,Previous dynamic-region concentration.
SSSS,src/contaminant/CONT_CC.F90,CONT_CC,49,DOUBLEPRECISION,"DIMENSION(:, :, :), ALLOCATABLE","(:, :, :)",False,src/contaminant/cm_parameters.f90,cm_parameters,Contaminant properties and shared transport state.,,2,src/frame/FRmod.f90;src/visualisation/visualisation_interface_left.f90,1,src/contaminant/CMmod.f90,Current dead-space-region concentration.
SSSSO,src/contaminant/CONT_CC.F90,CONT_CC,50,DOUBLEPRECISION,"DIMENSION(:, :, :), ALLOCATABLE","(:, :, :)",False,src/contaminant/cm_parameters.f90,cm_parameters,Contaminant properties and shared transport state.,,1,src/frame/FRmod.f90,1,src/contaminant/CMmod.f90,Previous dead-space-region concentration.
SSS1,src/contaminant/CONT_CC.F90,CONT_CC,52,DOUBLEPRECISION,"DIMENSION(:, :, :), ALLOCATABLE","(:, :, :)",False,src/contaminant/cm_parameters.f90,cm_parameters,Contaminant properties and shared transport state.,,0,,1,src/contaminant/CMmod.f90,Dynamic-region nitrate/plant source-sink term.
SSS2,src/contaminant/CONT_CC.F90,CONT_CC,53,DOUBLEPRECISION,"DIMENSION(:, :, :), ALLOCATABLE","(:, :, :)",False,src/contaminant/cm_parameters.f90,cm_parameters,Contaminant properties and shared transport state.,,0,,1,src/contaminant/CMmod.f90,Dead-space-region nitrate/plant source-sink term.
GCPLA,src/contaminant/CONT_CC.F90,CONT_CC,55,DOUBLEPRECISION,,(NCONEE),False,src/contaminant/cm_parameters.f90,cm_parameters,Contaminant properties and shared transport state.,,1,src/frame/FRmod.f90,1,src/contaminant/CMmod.f90,Scaled chemical-decay coefficient by contaminant.
GGLMSO,src/contaminant/CONT_CC.F90,CONT_CC,56,DOUBLEPRECISION,,(NCONEE),False,src/contaminant/cm_parameters.f90,cm_parameters,Contaminant properties and shared transport state.,,1,src/frame/FRmod.f90,1,src/contaminant/CMmod.f90,Input chemical-decay constant by contaminant.
CCAPIN,src/contaminant/CONT_CC.F90,CONT_CC,58,DOUBLEPRECISION,,(NCONEE),False,src/contaminant/cm_parameters.f90,cm_parameters,Contaminant properties and shared transport state.,,2,src/contaminant/CMmod.f90;src/frame/FRmod.f90,0,,Uniform or link-element initial concentration by contaminant.
ALPHA,src/contaminant/CONT_CC.F90,CONT_CC,60,DOUBLEPRECISION,,"(NSEE, NCONEE)",False,src/contaminant/cm_parameters.f90,cm_parameters,Contaminant properties and shared transport state.,,1,src/frame/FRmod.f90,1,src/contaminant/CMmod.f90,Exchange coefficient between soil regions by soil and contaminant.
FADS,src/contaminant/CONT_CC.F90,CONT_CC,61,DOUBLEPRECISION,,"(NSEE, NCONEE)",False,src/contaminant/cm_parameters.f90,cm_parameters,Contaminant properties and shared transport state.,,1,src/frame/FRmod.f90,1,src/contaminant/CMmod.f90,Dynamic-region fraction of adsorption sites by soil and contaminant.
GNN,src/contaminant/CONT_CC.F90,CONT_CC,62,DOUBLEPRECISION,,(NCONEE),False,src/contaminant/cm_parameters.f90,cm_parameters,Contaminant properties and shared transport state.,,1,src/frame/FRmod.f90,1,src/contaminant/CMmod.f90,Freundlich isotherm exponent by contaminant.
KDDLS,src/contaminant/CONT_CC.F90,CONT_CC,63,DOUBLEPRECISION,,"(NSEDEE, NCONEE)",False,src/contaminant/cm_parameters.f90,cm_parameters,Contaminant properties and shared transport state.,,1,src/frame/FRmod.f90,1,src/contaminant/CMmod.f90,Reference distribution coefficient by sediment size and contaminant.
KDDSOL,src/contaminant/CONT_CC.F90,CONT_CC,64,DOUBLEPRECISION,,"(NSEE, NCONEE)",False,src/contaminant/cm_parameters.f90,cm_parameters,Contaminant properties and shared transport state.,,1,src/frame/FRmod.f90,1,src/contaminant/CMmod.f90,Derived soil distribution coefficient by soil and contaminant.
NCON,src/contaminant/CONT_CC.F90,CONT_CC,66,INTEGER,,,False,src/contaminant/cm_parameters.f90,cm_parameters,Contaminant properties and shared transport state.,,2,src/frame/FRmod.f90;src/visualisation/visualisation_interface_left.f90,1,src/contaminant/CMmod.f90,Number of active contaminants.
FCPBKO,src/contaminant/CONT_CC.F90,CONT_CC,68,DOUBLEPRECISION,"DIMENSION(:, :, :, :), ALLOCATABLE","(:, :, :, :)",False,src/contaminant/cm_parameters.f90,cm_parameters,Contaminant properties and shared transport state.,,0,,1,src/contaminant/CMmod.f90,Dynamic-region bank retardation storage.
GCPBKO,src/contaminant/CONT_CC.F90,CONT_CC,69,DOUBLEPRECISION,"DIMENSION(:, :, :, :), ALLOCATABLE","(:, :, :, :)",False,src/contaminant/cm_parameters.f90,cm_parameters,Contaminant properties and shared transport state.,,0,,1,src/contaminant/CMmod.f90,Dead-space-region bank retardation storage.
FSF,src/contaminant/CONT_CC.F90,CONT_CC,70,DOUBLEPRECISION,,"(NLFEE, NCONEE)",False,src/contaminant/cm_parameters.f90,cm_parameters,Contaminant properties and shared transport state.,,0,,1,src/contaminant/CMmod.f90,Stream-water retardation coefficient by link and contaminant.
FSFC,src/contaminant/CONT_CC.F90,CONT_CC,71,DOUBLEPRECISION,,"(NLFEE, NCONEE)",False,src/contaminant/cm_parameters.f90,cm_parameters,Contaminant properties and shared transport state.,,0,,1,src/contaminant/CMmod.f90,Concentration derivative of `FSF`.
FSFT,src/contaminant/CONT_CC.F90,CONT_CC,72,DOUBLEPRECISION,,"(NLFEE, NCONEE)",False,src/contaminant/cm_parameters.f90,cm_parameters,Contaminant properties and shared transport state.,,0,,1,src/contaminant/CMmod.f90,Time derivative of `FSF`.
RSW,src/contaminant/CONT_CC.F90,CONT_CC,73,DOUBLEPRECISION,,"(NELEE, NCONEE)",False,src/contaminant/cm_parameters.f90,cm_parameters,Contaminant properties and shared transport state.,,0,,1,src/contaminant/CMmod.f90,Surface-water retardation coefficient by element and contaminant.
RSWC,src/contaminant/CONT_CC.F90,CONT_CC,74,DOUBLEPRECISION,,"(NELEE, NCONEE)",False,src/contaminant/cm_parameters.f90,cm_parameters,Contaminant properties and shared transport state.,,0,,1,src/contaminant/CMmod.f90,Concentration derivative of `RSW`.
RSWT,src/contaminant/CONT_CC.F90,CONT_CC,75,DOUBLEPRECISION,,"(NELEE, NCONEE)",False,src/contaminant/cm_parameters.f90,cm_parameters,Contaminant properties and shared transport state.,,0,,1,src/contaminant/CMmod.f90,Time derivative of `RSW`.
ALPHBD,src/contaminant/CONT_CC.F90,CONT_CC,77,DOUBLEPRECISION,,(NCONEE),False,src/contaminant/cm_parameters.f90,cm_parameters,Contaminant properties and shared transport state.,,1,src/frame/FRmod.f90,1,src/contaminant/CMmod.f90,Exchange coefficient between channel-bed layers by contaminant.
ALPHBS,src/contaminant/CONT_CC.F90,CONT_CC,78,DOUBLEPRECISION,,(NCONEE),False,src/contaminant/cm_parameters.f90,cm_parameters,Contaminant properties and shared transport state.,,1,src/frame/FRmod.f90,1,src/contaminant/CMmod.f90,Stream-water/channel-bed exchange coefficient by contaminant.
FNCEBD,src/contaminant/bk_cw.f90,BK_CW,35,DOUBLEPRECISION,,"(NLFEE, 2)",False,src/contaminant/cm_bank_geometry.f90,cm_bank_geometry,Bank geometry and exchange indices used by contaminant transport.,,1,src/frame/FRmod.f90,1,src/contaminant/CMmod.f90,Fraction of cell `NCEBD+1` below the deep-bed boundary.
NBANK,src/contaminant/bk_cw.f90,BK_CW,36,INTEGER,,"(NLFEE, 2)",False,src/contaminant/cm_bank_geometry.f90,cm_bank_geometry,Bank geometry and exchange indices used by contaminant transport.,,1,src/frame/FRmod.f90,1,src/contaminant/CMmod.f90,Adjacent bank-element number for each link and bank side.
NCEAB,src/contaminant/bk_cw.f90,BK_CW,37,INTEGER,,"(NLFEE, 2)",False,src/contaminant/cm_bank_geometry.f90,cm_bank_geometry,Bank geometry and exchange indices used by contaminant transport.,,1,src/frame/FRmod.f90,1,src/contaminant/CMmod.f90,Lowest bank cell exchanging with the stream; currently set to `NHBED`.
NCEBD,src/contaminant/bk_cw.f90,BK_CW,38,INTEGER,,"(NLFEE, 2)",False,src/contaminant/cm_bank_geometry.f90,cm_bank_geometry,Bank geometry and exchange indices used by contaminant transport.,,1,src/frame/FRmod.f90,1,src/contaminant/CMmod.f90,Highest bank cell lying fully below the deep-bed boundary.
QQRVO,src/contaminant/bk_cw.f90,BK_CW,39,DOUBLEPRECISION,,"(NLFEE, LLEE, 2)",False,src/contaminant/cm_bank_geometry.f90,cm_bank_geometry,Bank geometry and exchange indices used by contaminant transport.,,0,,0,,"Unused legacy bank-flow storage, shaped by link, cell, and side."
D0,src/contaminant/column/colm_c1.f90,COLM_C1,39,DOUBLEPRECISION,,,False,src/contaminant/column/cm_column_scaling.f90,cm_column_scaling,Scaling factors and active-cell range for the column solver.,,1,src/frame/FRmod.f90,1,src/contaminant/CMmod.f90,"Reference dispersion coefficient, currently `1.0D-3` m2/s."
Z2,src/contaminant/column/colm_c1.f90,COLM_C1,40,DOUBLEPRECISION,,,False,src/contaminant/column/cm_column_scaling.f90,cm_column_scaling,Scaling factors and active-cell range for the column solver.,,1,src/frame/FRmod.f90,1,src/contaminant/CMmod.f90,"Reference soil-column length, currently 50 m."
Z2SQ,src/contaminant/column/colm_c1.f90,COLM_C1,41,DOUBLEPRECISION,,,False,src/contaminant/column/cm_column_scaling.f90,cm_column_scaling,Scaling factors and active-cell range for the column solver.,,2,src/driver/run_sim.f90;src/frame/FRmod.f90,1,src/contaminant/CMmod.f90,"Squared reference length, `Z2*Z2` (m2)."
Z2OD,src/contaminant/column/colm_c1.f90,COLM_C1,42,DOUBLEPRECISION,,,False,src/contaminant/column/cm_column_scaling.f90,cm_column_scaling,Scaling factors and active-cell range for the column solver.,,1,src/frame/FRmod.f90,1,src/contaminant/CMmod.f90,"Reference length divided by dispersion scale, `Z2/D0` (s/m)."
Z2SQOD,src/contaminant/column/colm_c1.f90,COLM_C1,43,DOUBLEPRECISION,,,False,src/contaminant/column/cm_column_scaling.f90,cm_column_scaling,Scaling factors and active-cell range for the column solver.,,1,src/frame/FRmod.f90,1,src/contaminant/CMmod.f90,"Reference dispersive timescale, `Z2SQ/D0` (s)."
CST1,src/contaminant/column/colm_c1.f90,COLM_C1,45,DOUBLEPRECISION,,,False,src/contaminant/column/cm_column_scaling.f90,cm_column_scaling,Scaling factors and active-cell range for the column solver.,,0,,1,src/contaminant/CMmod.f90,"Lateral-flow scaling, `CST2/ZONE1`, for the current column."
CST2,src/contaminant/column/colm_c1.f90,COLM_C1,46,DOUBLEPRECISION,,,False,src/contaminant/column/cm_column_scaling.f90,cm_column_scaling,Scaling factors and active-cell range for the column solver.,,0,,1,src/contaminant/CMmod.f90,"Surface-flow scaling, `Z2/(AREA(NCL)*D0)`, for the current column."
CST3,src/contaminant/column/colm_c1.f90,COLM_C1,47,DOUBLEPRECISION,,,False,src/contaminant/column/cm_column_scaling.f90,cm_column_scaling,Scaling factors and active-cell range for the column solver.,,0,,1,src/contaminant/CMmod.f90,"Base-flow scaling, `CST2/KSP(NCEBOT)`, for the current column."
SGMA,src/contaminant/column/colm_c1.f90,COLM_C1,48,DOUBLEPRECISION,,,False,src/contaminant/column/cm_column_scaling.f90,cm_column_scaling,Scaling factors and active-cell range for the column solver.,,1,src/frame/FRmod.f90,1,src/contaminant/CMmod.f90,Implicit finite-difference weight; currently one.
SGSQ,src/contaminant/column/colm_c1.f90,COLM_C1,49,DOUBLEPRECISION,,,False,src/contaminant/column/cm_column_scaling.f90,cm_column_scaling,Scaling factors and active-cell range for the column solver.,,1,src/frame/FRmod.f90,1,src/contaminant/CMmod.f90,"Squared implicit weight, `SGMA*SGMA`."
SGTSE,src/contaminant/column/colm_c1.f90,COLM_C1,50,DOUBLEPRECISION,,,False,src/contaminant/column/cm_column_scaling.f90,cm_column_scaling,Scaling factors and active-cell range for the column solver.,,0,,1,src/contaminant/CMmod.f90,"Sigma-weighted scaled timestep, `SGMA*TSE`."
SGSTSE,src/contaminant/column/colm_c1.f90,COLM_C1,51,DOUBLEPRECISION,,,False,src/contaminant/column/cm_column_scaling.f90,cm_column_scaling,Scaling factors and active-cell range for the column solver.,,0,,1,src/contaminant/CMmod.f90,"Squared-sigma weighted scaled timestep, `SGSQ*TSE`."
OMSGMA,src/contaminant/column/colm_c1.f90,COLM_C1,52,DOUBLEPRECISION,,,False,src/contaminant/column/cm_column_scaling.f90,cm_column_scaling,Scaling factors and active-cell range for the column solver.,,1,src/frame/FRmod.f90,1,src/contaminant/CMmod.f90,"Explicit finite-difference weight, `1-SGMA`; currently zero."
OPSGL,src/contaminant/column/colm_c1.f90,COLM_C1,53,DOUBLEPRECISION,,,False,src/contaminant/column/cm_column_scaling.f90,cm_column_scaling,Scaling factors and active-cell range for the column solver.,,0,,1,src/contaminant/CMmod.f90,Current-contaminant factor `1+SGTSE*GCAPLA`.
OPSGSL,src/contaminant/column/colm_c1.f90,COLM_C1,54,DOUBLEPRECISION,,,False,src/contaminant/column/cm_column_scaling.f90,cm_column_scaling,Scaling factors and active-cell range for the column solver.,,0,,1,src/contaminant/CMmod.f90,Current-contaminant factor `1+SGSTSE*GCAPLA`.
TSE,src/contaminant/column/colm_c1.f90,COLM_C1,55,DOUBLEPRECISION,,,False,src/contaminant/column/cm_column_scaling.f90,cm_column_scaling,Scaling factors and active-cell range for the column solver.,,0,,1,src/contaminant/CMmod.f90,"Dimensionless contaminant timestep, `D0*DTUZ/Z2SQ`."
FNCPSF,src/contaminant/column/colm_c1.f90,COLM_C1,57,DOUBLEPRECISION,,,False,src/contaminant/column/cm_column_scaling.f90,cm_column_scaling,Scaling factors and active-cell range for the column solver.,,0,,0,,Unused legacy phreatic-surface cell fraction; never initialized in current source.
NCEBOT,src/contaminant/column/colm_c1.f90,COLM_C1,59,INTEGER,,,False,src/contaminant/column/cm_column_scaling.f90,cm_column_scaling,Scaling factors and active-cell range for the column solver.,,0,,1,src/contaminant/CMmod.f90,"Bottom active cell of the current column, `NCOLMB(NCL)`."
NCETOP,src/contaminant/column/colm_c1.f90,COLM_C1,60,INTEGER,,,False,src/contaminant/column/cm_column_scaling.f90,cm_column_scaling,Scaling factors and active-cell range for the column solver.,,1,src/frame/FRmod.f90,1,src/contaminant/CMmod.f90,"Ground-surface cell index, set to `top_cell_no` by `INCM`."
NCEPSF,src/contaminant/column/colm_c1.f90,COLM_C1,61,INTEGER,,,False,src/contaminant/column/cm_column_scaling.f90,cm_column_scaling,Scaling factors and active-cell range for the column solver.,,0,,1,src/contaminant/CMmod.f90,Upper lateral-transport cell index; currently set to `NCETOP`.
ICAP,src/contaminant/column/colm_c2.f90,COLM_C2,49,DOUBLEPRECISION,,,False,src/contaminant/column/cm_column_water.f90,cm_column_water,Per-column water state used by the transport solver.,,0,,1,src/contaminant/CMmod.f90,"Prior scaled dry-deposition source, `-Z2OD*IIICFO(NCONT)`."
ICAPT,src/contaminant/column/colm_c2.f90,COLM_C2,50,DOUBLEPRECISION,,,False,src/contaminant/column/cm_column_water.f90,cm_column_water,Per-column water state used by the transport solver.,,0,,1,src/contaminant/CMmod.f90,Time-derivative part of `ICAP`; currently set to zero.
ICAPC,src/contaminant/column/colm_c2.f90,COLM_C2,51,DOUBLEPRECISION,,,False,src/contaminant/column/cm_column_water.f90,cm_column_water,Per-column water state used by the transport solver.,,0,,1,src/contaminant/CMmod.f90,Concentration derivative of `ICAP`; currently set to zero.
QCAP,src/contaminant/column/colm_c2.f90,COLM_C2,52,DOUBLEPRECISION,,,False,src/contaminant/column/cm_column_water.f90,cm_column_water,Per-column water state used by the transport solver.,,0,,1,src/contaminant/CMmod.f90,Prior scaled rainfall and irrigation/well contaminant source.
QCAPT,src/contaminant/column/colm_c2.f90,COLM_C2,53,DOUBLEPRECISION,,,False,src/contaminant/column/cm_column_water.f90,cm_column_water,Per-column water state used by the transport solver.,,0,,1,src/contaminant/CMmod.f90,Timestep change in the scaled rainfall and irrigation/well source.
QCAPC,src/contaminant/column/colm_c2.f90,COLM_C2,54,DOUBLEPRECISION,,,False,src/contaminant/column/cm_column_water.f90,cm_column_water,Per-column water state used by the transport solver.,,0,,1,src/contaminant/CMmod.f90,Concentration derivative of `QCAP`; currently set to zero.
DDA,src/contaminant/column/colm_c2.f90,COLM_C2,56,DOUBLEPRECISION,,,False,src/contaminant/column/cm_column_water.f90,cm_column_water,Per-column water state used by the transport solver.,,0,,1,src/contaminant/CMmod.f90,"Current column's y-direction plan dimension, `DYQQ(NCL)` (m)."
DDB,src/contaminant/column/colm_c2.f90,COLM_C2,57,DOUBLEPRECISION,,,False,src/contaminant/column/cm_column_water.f90,cm_column_water,Per-column water state used by the transport solver.,,0,,1,src/contaminant/CMmod.f90,"Current column's x-direction plan dimension, `DXQQ(NCL)` (m)."
DDDLS,src/contaminant/column/colm_c2.f90,COLM_C2,58,DOUBLEPRECISION,,,False,src/contaminant/column/cm_column_water.f90,cm_column_water,Per-column water state used by the transport solver.,,0,,1,src/contaminant/CMmod.f90,Previous loose-sediment depth for the current column (m).
DDDLS1,src/contaminant/column/colm_c2.f90,COLM_C2,59,DOUBLEPRECISION,,,False,src/contaminant/column/cm_column_water.f90,cm_column_water,Per-column water state used by the transport solver.,,0,,1,src/contaminant/CMmod.f90,Current loose-sediment depth for the current column (m).
DDDSW,src/contaminant/column/colm_c2.f90,COLM_C2,60,DOUBLEPRECISION,,,False,src/contaminant/column/cm_column_water.f90,cm_column_water,Per-column water state used by the transport solver.,,0,,1,src/contaminant/CMmod.f90,Previous surface-water depth for the current column (m).
DDDSW1,src/contaminant/column/colm_c2.f90,COLM_C2,61,DOUBLEPRECISION,,,False,src/contaminant/column/cm_column_water.f90,cm_column_water,Per-column water state used by the transport solver.,,0,,1,src/contaminant/CMmod.f90,Current surface-water depth for the current column (m).
GGGNU,src/contaminant/column/colm_c2.f90,COLM_C2,62,DOUBLEPRECISION,,,False,src/contaminant/column/cm_column_water.f90,cm_column_water,Per-column water state used by the transport solver.,,0,,1,src/contaminant/CMmod.f90,Previous ground-surface erosion depth rate (m/s).
GGGNU1,src/contaminant/column/colm_c2.f90,COLM_C2,63,DOUBLEPRECISION,,,False,src/contaminant/column/cm_column_water.f90,cm_column_water,Per-column water state used by the transport solver.,,0,,1,src/contaminant/CMmod.f90,Current ground-surface erosion depth rate (m/s).
KSP,src/contaminant/column/colm_c2.f90,COLM_C2,64,DOUBLEPRECISION,,(LLEE),False,src/contaminant/column/cm_column_water.f90,cm_column_water,Per-column water state used by the transport solver.,,0,,1,src/contaminant/CMmod.f90,"Nondimensional cell thickness, `DELTAZ/Z2`."
KSPP,src/contaminant/column/colm_c2.f90,COLM_C2,65,DOUBLEPRECISION,,(LLEE),False,src/contaminant/column/cm_column_water.f90,cm_column_water,Per-column water state used by the transport solver.,,0,,1,src/contaminant/CMmod.f90,Nondimensional spacing between adjacent cell nodes.
ZONE,src/contaminant/column/colm_c2.f90,COLM_C2,66,DOUBLEPRECISION,,,False,src/contaminant/column/cm_column_water.f90,cm_column_water,Per-column water state used by the transport solver.,,0,,1,src/contaminant/CMmod.f90,Previous nondimensional active-column depth.
ZONE1,src/contaminant/column/colm_c2.f90,COLM_C2,67,DOUBLEPRECISION,,,False,src/contaminant/column/cm_column_water.f90,cm_column_water,Per-column water state used by the transport solver.,,0,,1,src/contaminant/CMmod.f90,"Current nondimensional depth, `(ZGRUND-ZCOLMB)/Z2`."
TTTLSE,src/contaminant/column/colm_c2.f90,COLM_C2,69,DOUBLEPRECISION,,,False,src/contaminant/column/cm_column_water.f90,cm_column_water,Per-column water state used by the transport solver.,,0,,1,src/contaminant/CMmod.f90,Assumed loose-sediment moisture content; fixed at `1.0D-4`.
QQQSW,src/contaminant/column/colm_c2.f90,COLM_C2,71,DOUBLEPRECISION,,(4),False,src/contaminant/column/cm_column_water.f90,cm_column_water,Per-column water state used by the transport solver.,,0,,1,src/contaminant/CMmod.f90,Previous surface-water volume flow into each column face (m3/s).
QQQSW1,src/contaminant/column/colm_c2.f90,COLM_C2,72,DOUBLEPRECISION,,(4),False,src/contaminant/column/cm_column_water.f90,cm_column_water,Per-column water state used by the transport solver.,,0,,1,src/contaminant/CMmod.f90,Current surface-water volume flow into each column face (m3/s).
GGAMM,src/contaminant/column/colm_c2.f90,COLM_C2,74,DOUBLEPRECISION,,(LLEE),False,src/contaminant/column/cm_column_water.f90,cm_column_water,Per-column water state used by the transport solver.,,0,,1,src/contaminant/CMmod.f90,Previous dynamic/dead-space water-coupling rate by cell (1/s).
GGAMM1,src/contaminant/column/colm_c2.f90,COLM_C2,75,DOUBLEPRECISION,,(LLEE),False,src/contaminant/column/cm_column_water.f90,cm_column_water,Per-column water state used by the transport solver.,,0,,1,src/contaminant/CMmod.f90,Current dynamic/dead-space water-coupling rate by cell (1/s).
PPHI,src/contaminant/column/colm_c2.f90,COLM_C2,76,DOUBLEPRECISION,,(LLEE),False,src/contaminant/column/cm_column_water.f90,cm_column_water,Per-column water state used by the transport solver.,,0,,1,src/contaminant/CMmod.f90,Previous mobile-water fraction by cell; currently `0.5`.
PPHI1,src/contaminant/column/colm_c2.f90,COLM_C2,77,DOUBLEPRECISION,,(LLEE),False,src/contaminant/column/cm_column_water.f90,cm_column_water,Per-column water state used by the transport solver.,,0,,1,src/contaminant/CMmod.f90,Current mobile-water fraction by cell; currently `0.5`.
QQ,src/contaminant/column/colm_c2.f90,COLM_C2,78,DOUBLEPRECISION,,"(LLEE,4)",False,src/contaminant/column/cm_column_water.f90,cm_column_water,Per-column water state used by the transport solver.,,0,,1,src/contaminant/CMmod.f90,Previous solver-scaled subsurface flow by cell and face (m3/s).
QQ1,src/contaminant/column/colm_c2.f90,COLM_C2,79,DOUBLEPRECISION,,"(LLEE,4)",False,src/contaminant/column/cm_column_water.f90,cm_column_water,Per-column water state used by the transport solver.,,0,,1,src/contaminant/CMmod.f90,Current solver-scaled subsurface flow by cell and face (m3/s).
TTHET,src/contaminant/column/colm_c2.f90,COLM_C2,80,DOUBLEPRECISION,,(LLEE),False,src/contaminant/column/cm_column_water.f90,cm_column_water,Per-column water state used by the transport solver.,,0,,1,src/contaminant/CMmod.f90,Previous volumetric water content by cell.
TTHET1,src/contaminant/column/colm_c2.f90,COLM_C2,81,DOUBLEPRECISION,,(LLEE),False,src/contaminant/column/cm_column_water.f90,cm_column_water,Per-column water state used by the transport solver.,,0,,1,src/contaminant/CMmod.f90,Current volumetric water content by cell.
UUAJP,src/contaminant/column/colm_c2.f90,COLM_C2,82,DOUBLEPRECISION,,(LLEE),False,src/contaminant/column/cm_column_water.f90,cm_column_water,Per-column water state used by the transport solver.,,0,,1,src/contaminant/CMmod.f90,Previous upward vertical water flux by cell interface (m/s).
UUAJP1,src/contaminant/column/colm_c2.f90,COLM_C2,83,DOUBLEPRECISION,,(LLEE),False,src/contaminant/column/cm_column_water.f90,cm_column_water,Per-column water state used by the transport solver.,,0,,1,src/contaminant/CMmod.f90,Current upward vertical water flux by cell interface (m/s).
QQRF,src/contaminant/column/colm_c2.f90,COLM_C2,85,DOUBLEPRECISION,,,False,src/contaminant/column/cm_column_water.f90,cm_column_water,Per-column water state used by the transport solver.,,0,,1,src/contaminant/CMmod.f90,Previous upward water-volume flow through the column base (m3/s).
QQRF1,src/contaminant/column/colm_c2.f90,COLM_C2,86,DOUBLEPRECISION,,,False,src/contaminant/column/cm_column_water.f90,cm_column_water,Per-column water state used by the transport solver.,,0,,1,src/contaminant/CMmod.f90,Current upward water-volume flow through the column base (m3/s).
QI,src/contaminant/column/colm_c2.f90,COLM_C2,87,DOUBLEPRECISION,,,False,src/contaminant/column/cm_column_water.f90,cm_column_water,Per-column water state used by the transport solver.,,0,,1,src/contaminant/CMmod.f90,Previous net-precipitation volume flow; downward input is negative (m3/s).
QI1,src/contaminant/column/colm_c2.f90,COLM_C2,88,DOUBLEPRECISION,,,False,src/contaminant/column/cm_column_water.f90,cm_column_water,Per-column water state used by the transport solver.,,0,,1,src/contaminant/CMmod.f90,Current net-precipitation volume flow; downward input is negative (m3/s).
GCAPLA,src/contaminant/column/colm_cc.f90,COLM_CC,62,DOUBLEPRECISION,,,False,src/contaminant/column/cm_column_state.f90,cm_column_state,Per-column concentrations and source/sink terms.,,0,,1,src/contaminant/CMmod.f90,"Active contaminant's scaled chemical-decay coefficient, `GCPLA(NCONT)`."
CSWA,src/contaminant/column/colm_cc.f90,COLM_CC,64,DOUBLEPRECISION,,(4),False,src/contaminant/column/cm_column_state.f90,cm_column_state,Per-column concentrations and source/sink terms.,,0,,1,src/contaminant/CMmod.f90,Explicit adjacent/boundary surface-water concentration by face.
CSWAT,src/contaminant/column/colm_cc.f90,COLM_CC,65,DOUBLEPRECISION,,(4),False,src/contaminant/column/cm_column_state.f90,cm_column_state,Per-column concentrations and source/sink terms.,,0,,1,src/contaminant/CMmod.f90,Scaled time derivative of the adjacent concentration in `CSWA`.
RRRSWA,src/contaminant/column/colm_cc.f90,COLM_CC,66,DOUBLEPRECISION,,(4),False,src/contaminant/column/cm_column_state.f90,cm_column_state,Per-column concentrations and source/sink terms.,,0,,1,src/contaminant/CMmod.f90,Adjacent/boundary surface-water retardation factor by face.
RRRSAT,src/contaminant/column/colm_cc.f90,COLM_CC,67,DOUBLEPRECISION,,(4),False,src/contaminant/column/cm_column_state.f90,cm_column_state,Per-column concentrations and source/sink terms.,,0,,1,src/contaminant/CMmod.f90,"Total scaled time derivative of `RRRSWA`, including concentration change."
RRRLS,src/contaminant/column/colm_cc.f90,COLM_CC,68,DOUBLEPRECISION,,,False,src/contaminant/column/cm_column_state.f90,cm_column_state,Per-column concentrations and source/sink terms.,,0,,1,src/contaminant/CMmod.f90,Loose-sediment retardation factor for the current column.
RRRLSC,src/contaminant/column/colm_cc.f90,COLM_CC,69,DOUBLEPRECISION,,,False,src/contaminant/column/cm_column_state.f90,cm_column_state,Per-column concentrations and source/sink terms.,,0,,1,src/contaminant/CMmod.f90,Dynamic-concentration derivative of `RRRLS`.
RRRLST,src/contaminant/column/colm_cc.f90,COLM_CC,70,DOUBLEPRECISION,,,False,src/contaminant/column/cm_column_state.f90,cm_column_state,Per-column concentrations and source/sink terms.,,0,,1,src/contaminant/CMmod.f90,Scaled time derivative of `RRRLS`.
RRRSW,src/contaminant/column/colm_cc.f90,COLM_CC,71,DOUBLEPRECISION,,,False,src/contaminant/column/cm_column_state.f90,cm_column_state,Per-column concentrations and source/sink terms.,,0,,1,src/contaminant/CMmod.f90,Surface-water retardation factor for the current column.
RRRSWC,src/contaminant/column/colm_cc.f90,COLM_CC,72,DOUBLEPRECISION,,,False,src/contaminant/column/cm_column_state.f90,cm_column_state,Per-column concentrations and source/sink terms.,,0,,1,src/contaminant/CMmod.f90,Dynamic-concentration derivative of `RRRSW`.
RRRSWT,src/contaminant/column/colm_cc.f90,COLM_CC,73,DOUBLEPRECISION,,,False,src/contaminant/column/cm_column_state.f90,cm_column_state,Per-column concentrations and source/sink terms.,,0,,1,src/contaminant/CMmod.f90,Scaled time derivative of `RRRSW`.
CCAPA,src/contaminant/column/colm_cc.f90,COLM_CC,75,DOUBLEPRECISION,,"(LLEE,4)",False,src/contaminant/column/cm_column_state.f90,cm_column_state,Per-column concentrations and source/sink terms.,,0,,1,src/contaminant/CMmod.f90,Explicit lateral upwind candidate by subsurface cell and face.
CCAPAT,src/contaminant/column/colm_cc.f90,COLM_CC,76,DOUBLEPRECISION,,"(LLEE,4)",False,src/contaminant/column/cm_column_state.f90,cm_column_state,Per-column concentrations and source/sink terms.,,0,,1,src/contaminant/CMmod.f90,Scaled time derivative of `CCAPA`; nonzero for implicit bank coupling.
CCAP,src/contaminant/column/colm_cc.f90,COLM_CC,78,DOUBLEPRECISION,,(LLEE),False,src/contaminant/column/cm_column_state.f90,cm_column_state,Per-column concentrations and source/sink terms.,,0,,1,src/contaminant/CMmod.f90,Updated dynamic-region concentration returned by `COLM`.
COLCAP,src/contaminant/column/colm_cc.f90,COLM_CC,79,DOUBLEPRECISION,,(LLEE),False,src/contaminant/column/cm_column_state.f90,cm_column_state,Per-column concentrations and source/sink terms.,,0,,1,src/contaminant/CMmod.f90,Prior dynamic-region concentration supplied to `COLM`.
SCAP,src/contaminant/column/colm_cc.f90,COLM_CC,80,DOUBLEPRECISION,,(LLEE),False,src/contaminant/column/cm_column_state.f90,cm_column_state,Per-column concentrations and source/sink terms.,,0,,1,src/contaminant/CMmod.f90,Updated dead-space-region concentration returned by `COLM`.
SOLCAP,src/contaminant/column/colm_cc.f90,COLM_CC,81,DOUBLEPRECISION,,(LLEE),False,src/contaminant/column/cm_column_state.f90,cm_column_state,Per-column concentrations and source/sink terms.,,0,,1,src/contaminant/CMmod.f90,Prior dead-space-region concentration supplied to `COLM`.
EDCAP,src/contaminant/column/colm_cc.f90,COLM_CC,83,DOUBLEPRECISION,,(LLEE),False,src/contaminant/column/cm_column_state.f90,cm_column_state,Per-column concentrations and source/sink terms.,,0,,1,src/contaminant/CMmod.f90,Net dynamic-region source/sink term subtracted in `COLM`.
EDCAPC,src/contaminant/column/colm_cc.f90,COLM_CC,84,DOUBLEPRECISION,,(LLEE),False,src/contaminant/column/cm_column_state.f90,cm_column_state,Per-column concentrations and source/sink terms.,,0,,1,src/contaminant/CMmod.f90,Dynamic-concentration derivative of `EDCAP`.
EDCAPT,src/contaminant/column/colm_cc.f90,COLM_CC,85,DOUBLEPRECISION,,(LLEE),False,src/contaminant/column/cm_column_state.f90,cm_column_state,Per-column concentrations and source/sink terms.,,0,,1,src/contaminant/CMmod.f90,Scaled time derivative of `EDCAP`.
ESCAP,src/contaminant/column/colm_cc.f90,COLM_CC,86,DOUBLEPRECISION,,(LLEE),False,src/contaminant/column/cm_column_state.f90,cm_column_state,Per-column concentrations and source/sink terms.,,0,,1,src/contaminant/CMmod.f90,Net dead-space source/sink term subtracted in `COLM`.
ESCAPS,src/contaminant/column/colm_cc.f90,COLM_CC,87,DOUBLEPRECISION,,(LLEE),False,src/contaminant/column/cm_column_state.f90,cm_column_state,Per-column concentrations and source/sink terms.,,0,,1,src/contaminant/CMmod.f90,Dead-space-concentration derivative of `ESCAP`.
ESCAPT,src/contaminant/column/colm_cc.f90,COLM_CC,88,DOUBLEPRECISION,,(LLEE),False,src/contaminant/column/cm_column_state.f90,cm_column_state,Per-column concentrations and source/sink terms.,,0,,1,src/contaminant/CMmod.f90,Scaled time derivative of `ESCAP`.
ESSCAP,src/contaminant/column/colm_cc.f90,COLM_CC,89,DOUBLEPRECISION,,,False,src/contaminant/column/cm_column_state.f90,cm_column_state,Per-column concentrations and source/sink terms.,,0,,1,src/contaminant/CMmod.f90,Top-cell surface-water/loose-sediment plant-uptake term; uninitialized.
ESSCPC,src/contaminant/column/colm_cc.f90,COLM_CC,90,DOUBLEPRECISION,,,False,src/contaminant/column/cm_column_state.f90,cm_column_state,Per-column concentrations and source/sink terms.,,0,,1,src/contaminant/CMmod.f90,Dynamic-concentration derivative of `ESSCAP`; uninitialized.
ESSCPT,src/contaminant/column/colm_cc.f90,COLM_CC,91,DOUBLEPRECISION,,,False,src/contaminant/column/cm_column_state.f90,cm_column_state,Per-column concentrations and source/sink terms.,,0,,1,src/contaminant/CMmod.f90,Scaled time derivative of `ESSCAP`; uninitialized.
DDOD,src/contaminant/column/colm_cc.f90,COLM_CC,93,DOUBLEPRECISION,,(LLEE),False,src/contaminant/column/cm_column_state.f90,cm_column_state,Per-column concentrations and source/sink terms.,,0,,1,src/contaminant/CMmod.f90,Prior effective longitudinal dispersion divided by `D0`.
DDOD1,src/contaminant/column/colm_cc.f90,COLM_CC,94,DOUBLEPRECISION,,(LLEE),False,src/contaminant/column/cm_column_state.f90,cm_column_state,Per-column concentrations and source/sink terms.,,0,,1,src/contaminant/CMmod.f90,Current effective longitudinal dispersion divided by `D0`.
GNERD,src/contaminant/column/colm_cc.f90,COLM_CC,96,DOUBLEPRECISION,,(LLEE),False,src/contaminant/column/cm_column_state.f90,cm_column_state,Per-column concentrations and source/sink terms.,,0,,1,src/contaminant/CMmod.f90,Dynamic-region decay generation passed between successive contaminants.
GNDSE,src/contaminant/column/colm_cc.f90,COLM_CC,97,DOUBLEPRECISION,,(LLEE),False,src/contaminant/column/cm_column_state.f90,cm_column_state,Per-column concentrations and source/sink terms.,,0,,1,src/contaminant/CMmod.f90,Dead-space decay generation passed between successive contaminants.
GND2,src/contaminant/column/colm_cc.f90,COLM_CC,98,DOUBLEPRECISION,,(LLEE),False,src/contaminant/column/cm_column_state.f90,cm_column_state,Per-column concentrations and source/sink terms.,,0,,1,src/contaminant/CMmod.f90,Time-derivative component of dynamic-region decay generation.
GNDSE2,src/contaminant/column/colm_cc.f90,COLM_CC,99,DOUBLEPRECISION,,(LLEE),False,src/contaminant/column/cm_column_state.f90,cm_column_state,Per-column concentrations and source/sink terms.,,0,,1,src/contaminant/CMmod.f90,Time-derivative component of dead-space decay generation.
AALPSO,src/contaminant/column/colm_cc.f90,COLM_CC,101,DOUBLEPRECISION,,(LLEE),False,src/contaminant/column/cm_column_state.f90,cm_column_state,Per-column concentrations and source/sink terms.,,0,,1,src/contaminant/CMmod.f90,Exchange coefficient between dynamic and dead-space soil regions.
FFSO,src/contaminant/column/colm_cc.f90,COLM_CC,102,DOUBLEPRECISION,,(LLEE),False,src/contaminant/column/cm_column_state.f90,cm_column_state,Per-column concentrations and source/sink terms.,,0,,1,src/contaminant/CMmod.f90,Fraction of adsorption sites assigned to the dynamic region.
GGNNSO,src/contaminant/column/colm_cc.f90,COLM_CC,103,DOUBLEPRECISION,,(LLEE),False,src/contaminant/column/cm_column_state.f90,cm_column_state,Per-column concentrations and source/sink terms.,,0,,1,src/contaminant/CMmod.f90,"Active contaminant's Freundlich exponent, repeated by cell."
KKDSO,src/contaminant/column/colm_cc.f90,COLM_CC,104,DOUBLEPRECISION,,(LLEE),False,src/contaminant/column/cm_column_state.f90,cm_column_state,Per-column concentrations and source/sink terms.,,0,,1,src/contaminant/CMmod.f90,Derived soil distribution coefficient by cell and active contaminant.
CCPRF,src/contaminant/column/colm_cc.f90,COLM_CC,106,DOUBLEPRECISION,,,False,src/contaminant/column/cm_column_state.f90,cm_column_state,Per-column concentrations and source/sink terms.,,0,,1,src/contaminant/CMmod.f90,Advected base-flux concentration; zero for a fixed-concentration base.
CCPRFT,src/contaminant/column/colm_cc.f90,COLM_CC,107,DOUBLEPRECISION,,,False,src/contaminant/column/cm_column_state.f90,cm_column_state,Per-column concentrations and source/sink terms.,,0,,1,src/contaminant/CMmod.f90,Scaled time derivative of `CCPRF`; currently always zero.
DLT,src/contaminant/column/colm_cc1.f90,COLM_CC1,44,DOUBLEPRECISION,,(LLEE),False,src/contaminant/column/cm_column_equations.f90,cm_column_equations,Coupled equation workspace for the column solver.,,0,,1,src/contaminant/CMmod.f90,"Coefficient of the next-row dynamic rate, `OME(i+1)`."
ELT,src/contaminant/column/colm_cc1.f90,COLM_CC1,45,DOUBLEPRECISION,,(LLEE),False,src/contaminant/column/cm_column_equations.f90,cm_column_equations,Coupled equation workspace for the column solver.,,0,,1,src/contaminant/CMmod.f90,"Diagonal coefficient of the dynamic rate, `OME(i)`."
ELTSTR,src/contaminant/column/colm_cc1.f90,COLM_CC1,46,DOUBLEPRECISION,,(LLEE),False,src/contaminant/column/cm_column_equations.f90,cm_column_equations,Coupled equation workspace for the column solver.,,0,,1,src/contaminant/CMmod.f90,Nonlinear correction multiplying `OME(i)` in its diagonal.
EPS,src/contaminant/column/colm_cc1.f90,COLM_CC1,47,DOUBLEPRECISION,,(LLEE),False,src/contaminant/column/cm_column_equations.f90,cm_column_equations,Coupled equation workspace for the column solver.,,0,,1,src/contaminant/CMmod.f90,Solved dead-space concentration rate with respect to scaled time.
FLT,src/contaminant/column/colm_cc1.f90,COLM_CC1,48,DOUBLEPRECISION,,(LLEE),False,src/contaminant/column/cm_column_equations.f90,cm_column_equations,Coupled equation workspace for the column solver.,,0,,1,src/contaminant/CMmod.f90,"Coefficient of the previous-row dynamic rate, `OME(i-1)`."
GLT,src/contaminant/column/colm_cc1.f90,COLM_CC1,49,DOUBLEPRECISION,,(LLEE),False,src/contaminant/column/cm_column_equations.f90,cm_column_equations,Coupled equation workspace for the column solver.,,0,,1,src/contaminant/CMmod.f90,Magnitude of the negative `EPS(i)` coupling in the dynamic equation.
OME,src/contaminant/column/colm_cc1.f90,COLM_CC1,50,DOUBLEPRECISION,,(LLEE),False,src/contaminant/column/cm_column_equations.f90,cm_column_equations,Coupled equation workspace for the column solver.,,0,,1,src/contaminant/CMmod.f90,Solved dynamic-region concentration rate with respect to scaled time.
PLT,src/contaminant/column/colm_cc1.f90,COLM_CC1,51,DOUBLEPRECISION,,(LLEE),False,src/contaminant/column/cm_column_equations.f90,cm_column_equations,Coupled equation workspace for the column solver.,,0,,1,src/contaminant/CMmod.f90,"Diagonal coefficient of the dead-space rate, `EPS(i)`."
PLTSTR,src/contaminant/column/colm_cc1.f90,COLM_CC1,52,DOUBLEPRECISION,,(LLEE),False,src/contaminant/column/cm_column_equations.f90,cm_column_equations,Coupled equation workspace for the column solver.,,0,,1,src/contaminant/CMmod.f90,Nonlinear correction multiplying `EPS(i)` in its diagonal.
QLT,src/contaminant/column/colm_cc1.f90,COLM_CC1,53,DOUBLEPRECISION,,(LLEE),False,src/contaminant/column/cm_column_equations.f90,cm_column_equations,Coupled equation workspace for the column solver.,,0,,1,src/contaminant/CMmod.f90,Right-hand side of the dead-space equation.
SLT,src/contaminant/column/colm_cc1.f90,COLM_CC1,54,DOUBLEPRECISION,,(LLEE),False,src/contaminant/column/cm_column_equations.f90,cm_column_equations,Coupled equation workspace for the column solver.,,0,,1,src/contaminant/CMmod.f90,Right-hand side of the dynamic-region equation.
TLT,src/contaminant/column/colm_cc1.f90,COLM_CC1,55,DOUBLEPRECISION,,(LLEE),False,src/contaminant/column/cm_column_equations.f90,cm_column_equations,Coupled equation workspace for the column solver.,,0,,1,src/contaminant/CMmod.f90,Magnitude of the negative `OME(i)` coupling in the dead-space equation.
JBTLYR,src/contaminant/column/colm_cg.f90,COLM_CG,61,INTEGER,,(NELEE),False,src/contaminant/column/cm_column_geometry.f90,cm_column_geometry,"Column-base, face-overlap and well-flow geometry.",,0,,0,,Unused legacy bottom-soil-layer index by element.
NCOLMB,src/contaminant/column/colm_cg.f90,COLM_CG,62,INTEGER,,(NELEE),False,src/contaminant/column/cm_column_geometry.f90,cm_column_geometry,"Column-base, face-overlap and well-flow geometry.",,1,src/frame/FRmod.f90,1,src/contaminant/CMmod.f90,Bottom active contaminant cell by non-link element.
ZCOLMB,src/contaminant/column/colm_cg.f90,COLM_CG,64,DOUBLEPRECISION,,(NELEE),False,src/contaminant/column/cm_column_geometry.f90,cm_column_geometry,"Column-base, face-overlap and well-flow geometry.",,1,src/frame/FRmod.f90,1,src/contaminant/CMmod.f90,Elevation of each non-link element's column base (m).
SCL,src/contaminant/column/colm_cg.f90,COLM_CG,66,DOUBLEPRECISION,,,False,src/contaminant/column/cm_column_geometry.f90,cm_column_geometry,"Column-base, face-overlap and well-flow geometry.",,1,src/frame/FRmod.f90,0,,"Integer-overlap conversion factor, `1/32500`."
OODO,src/contaminant/column/colm_cg.f90,COLM_CG,67,DOUBLEPRECISION,,,False,src/contaminant/column/cm_column_geometry.f90,cm_column_geometry,"Column-base, face-overlap and well-flow geometry.",,1,src/frame/FRmod.f90,1,src/contaminant/CMmod.f90,"Reciprocal reference dispersion coefficient, `1/D0` (s/m2)."
JKZCOL,src/contaminant/column/colm_cg.f90,COLM_CG,69,INTEGER,"DIMENSION(:, :, :), ALLOCATABLE","(:, :, :)",False,src/contaminant/column/cm_column_geometry.f90,cm_column_geometry,"Column-base, face-overlap and well-flow geometry.",,1,src/frame/FRmod.f90,0,,Inactive setup-only lateral-transmissivity weights.
JOLFN,src/contaminant/column/colm_cg.f90,COLM_CG,70,INTEGER,"DIMENSION(:, :, :), ALLOCATABLE","(:, :, :)",False,src/contaminant/column/cm_column_geometry.f90,cm_column_geometry,"Column-base, face-overlap and well-flow geometry.",,1,src/frame/FRmod.f90,0,,Setup-only overlap shares encoded on a 32500 scale.
NOL,src/contaminant/column/colm_cg.f90,COLM_CG,71,INTEGER,"DIMENSION(:, :), ALLOCATABLE","(:, :)",False,src/contaminant/column/cm_column_geometry.f90,cm_column_geometry,"Column-base, face-overlap and well-flow geometry.",,1,src/frame/FRmod.f90,0,,Number of overlap records by element and face.
NOLBT,src/contaminant/column/colm_cg.f90,COLM_CG,72,INTEGER,"DIMENSION(:, :, :), ALLOCATABLE","(:, :, :)",False,src/contaminant/column/cm_column_geometry.f90,cm_column_geometry,"Column-base, face-overlap and well-flow geometry.",,1,src/frame/FRmod.f90,1,src/contaminant/CMmod.f90,"First overlap record by element, local cell, and face."
NOLCE,src/contaminant/column/colm_cg.f90,COLM_CG,73,INTEGER,"DIMENSION(:, :, :), ALLOCATABLE","(:, :, :)",False,src/contaminant/column/cm_column_geometry.f90,cm_column_geometry,"Column-base, face-overlap and well-flow geometry.",,1,src/frame/FRmod.f90,0,,"Local cell index by element, overlap record, and face."
NOLCEA,src/contaminant/column/colm_cg.f90,COLM_CG,74,INTEGER,"DIMENSION(:, :, :), ALLOCATABLE","(:, :, :)",False,src/contaminant/column/cm_column_geometry.f90,cm_column_geometry,"Column-base, face-overlap and well-flow geometry.",,1,src/frame/FRmod.f90,1,src/contaminant/CMmod.f90,"Adjacent cell index by element, overlap record, and face."
WELDRA,src/contaminant/column/colm_cg.f90,COLM_CG,76,DOUBLEPRECISION,,(LLEE),False,src/contaminant/column/cm_column_geometry.f90,cm_column_geometry,"Column-base, face-overlap and well-flow geometry.",,0,,1,src/contaminant/CMmod.f90,Current column's signed VSS well-flow flux by cell (m/s).
DSWO,src/contaminant/column/colm_co.f90,COLM_CO,76,DOUBLEPRECISION,"DIMENSION(:), ALLOCATABLE",(:),False,src/contaminant/column/cm_column_previous.f90,cm_column_previous,Previous-timestep column water state.,,1,src/frame/FRmod.f90,1,src/contaminant/CMmod.f90,Previous surface-water depth above ground by non-link column (m).
QIO,src/contaminant/column/colm_co.f90,COLM_CO,77,DOUBLEPRECISION,"DIMENSION(:), ALLOCATABLE",(:),False,src/contaminant/column/cm_column_previous.f90,cm_column_previous,Previous-timestep column water state.,,1,src/frame/FRmod.f90,1,src/contaminant/CMmod.f90,Previous net-precipitation flow; downward input is negative (m3/s).
QQRFO,src/contaminant/column/colm_co.f90,COLM_CO,78,DOUBLEPRECISION,"DIMENSION(:), ALLOCATABLE",(:),False,src/contaminant/column/cm_column_previous.f90,cm_column_previous,Previous-timestep column water state.,,1,src/frame/FRmod.f90,1,src/contaminant/CMmod.f90,Previous upward water-volume flow through the column base (m3/s).
RSZWLO,src/contaminant/column/colm_co.f90,COLM_CO,79,DOUBLEPRECISION,"DIMENSION(:), ALLOCATABLE",(:),False,src/contaminant/column/cm_column_previous.f90,cm_column_previous,Previous-timestep column water state.,,1,src/frame/FRmod.f90,1,src/contaminant/CMmod.f90,Previous total VSS well flux at each source element (m/s).
ZONEO,src/contaminant/column/colm_co.f90,COLM_CO,80,DOUBLEPRECISION,"DIMENSION(:), ALLOCATABLE",(:),False,src/contaminant/column/cm_column_previous.f90,cm_column_previous,Previous-timestep column water state.,,1,src/frame/FRmod.f90,1,src/contaminant/CMmod.f90,"Previous nondimensional active-column depth, `(ZGRUND-ZCOLMB)/Z2`."
GGAMMO,src/contaminant/column/colm_co.f90,COLM_CO,81,DOUBLEPRECISION,"DIMENSION(:, :), ALLOCATABLE","(:, :)",False,src/contaminant/column/cm_column_previous.f90,cm_column_previous,Previous-timestep column water state.,,1,src/frame/FRmod.f90,1,src/contaminant/CMmod.f90,Previous dynamic/dead-space coupling rate by column and cell (1/s).
QQQSWO,src/contaminant/column/colm_co.f90,COLM_CO,82,DOUBLEPRECISION,"DIMENSION(:, :), ALLOCATABLE","(:, :)",False,src/contaminant/column/cm_column_previous.f90,cm_column_previous,Previous-timestep column water state.,,1,src/frame/FRmod.f90,1,src/contaminant/CMmod.f90,Previous surface-water volume flow into each column face (m3/s).
QQO,src/contaminant/column/colm_co.f90,COLM_CO,83,DOUBLEPRECISION,"DIMENSION(:, :, :), ALLOCATABLE","(:, :, :)",False,src/contaminant/column/cm_column_previous.f90,cm_column_previous,Previous-timestep column water state.,,1,src/frame/FRmod.f90,1,src/contaminant/CMmod.f90,Previous solver-scaled subsurface flow into each cell face (m3/s).
UUAJPO,src/contaminant/column/colm_co.f90,COLM_CO,84,DOUBLEPRECISION,"DIMENSION(:, :), ALLOCATABLE","(:, :)",False,src/contaminant/column/cm_column_previous.f90,cm_column_previous,Previous-timestep column water state.,,1,src/frame/FRmod.f90,1,src/contaminant/CMmod.f90,Previous upward vertical water flux by column and cell interface (m/s).
VSTHEO,src/contaminant/column/colm_co.f90,COLM_CO,85,DOUBLEPRECISION,"DIMENSION(:, :), ALLOCATABLE","(:, :)",False,src/contaminant/column/cm_column_previous.f90,cm_column_previous,Previous-timestep column water state.,,1,src/frame/FRmod.f90,1,src/contaminant/CMmod.f90,Previous effective volumetric water content by column and cell.
ISADNL,src/contaminant/is_cc.f90,IS_CC,49,LOGICAL,,,False,src/contaminant/cm_solver_flags.f90,cm_solver_flags,Logical switches selecting the contaminant and nitrate calculation paths.,,0,,1,src/contaminant/CMmod.f90,Intended nonlinear-adsorption flag from `CM13`; module value is currently unassigned.
ISBK,src/contaminant/is_cc.f90,IS_CC,50,LOGICAL,,,False,src/contaminant/cm_solver_flags.f90,cm_solver_flags,Logical switches selecting the contaminant and nitrate calculation paths.,,0,,1,src/contaminant/CMmod.f90,True while the current contaminant column is a bank element.
ISFLXB,src/contaminant/is_cc.f90,IS_CC,51,LOGICAL,,,False,src/contaminant/cm_solver_flags.f90,cm_solver_flags,Logical switches selecting the contaminant and nitrate calculation paths.,,0,,1,src/contaminant/CMmod.f90,Intended flux-concentration base-boundary flag from `CM5`; module value is currently unassigned.
ISPLT,src/contaminant/is_cc.f90,IS_CC,52,LOGICAL,,,False,src/contaminant/cm_solver_flags.f90,cm_solver_flags,Logical switches selecting the contaminant and nitrate calculation paths.,,1,src/frame/FRmod.f90,1,src/contaminant/CMmod.f90,Intended contaminant plant-uptake flag; currently unassigned.
ISMN,src/contaminant/is_cc.f90,IS_CC,53,LOGICAL,,,False,src/contaminant/cm_solver_flags.f90,cm_solver_flags,Logical switches selecting the contaminant and nitrate calculation paths.,,1,src/frame/FRmod.f90,1,src/contaminant/CMmod.f90,Nitrate-component flag established from rundata file unit 53.
ACPBD1,src/contaminant/link/link_cc.f90,LINK_CC,60,DOUBLEPRECISION,,,False,src/contaminant/link/cm_link_state.f90,cm_link_state,Three-compartment workspace for one stream link.,,0,,1,src/contaminant/CMmod.f90,"Current scaled bed/deposited-material area, `ACPBI+ARBDEP/Z2SQ`."
ACPBDT,src/contaminant/link/link_cc.f90,LINK_CC,61,DOUBLEPRECISION,,,False,src/contaminant/link/cm_link_state.f90,cm_link_state,Three-compartment workspace for one stream link.,,0,,1,src/contaminant/CMmod.f90,Scaled-time change in `ACPBD1`; zero for a dry link.
ACPBS,src/contaminant/link/link_cc.f90,LINK_CC,62,DOUBLEPRECISION,,,False,src/contaminant/link/cm_link_state.f90,cm_link_state,Three-compartment workspace for one stream link.,,0,,1,src/contaminant/CMmod.f90,Scaled bed-surface-layer area copied from `ACPBSG`.
ACSFA1,src/contaminant/link/link_cc.f90,LINK_CC,63,DOUBLEPRECISION,,(6),False,src/contaminant/link/cm_link_state.f90,cm_link_state,Three-compartment workspace for one stream link.,,0,,1,src/contaminant/CMmod.f90,Scaled stream-water areas for the six adjacent-link/end slots.
ACPSF1,src/contaminant/link/link_cc.f90,LINK_CC,64,DOUBLEPRECISION,,,False,src/contaminant/link/cm_link_state.f90,cm_link_state,Three-compartment workspace for one stream link.,,0,,1,src/contaminant/CMmod.f90,"Current scaled stream-water area, `ARXL/Z2SQ`."
ACPSFT,src/contaminant/link/link_cc.f90,LINK_CC,65,DOUBLEPRECISION,,,False,src/contaminant/link/cm_link_state.f90,cm_link_state,Three-compartment workspace for one stream link.,,0,,1,src/contaminant/CMmod.f90,Scaled-time change in stream-water area; zero for a dry link.
CCBD1Q,src/contaminant/link/link_cc.f90,LINK_CC,67,DOUBLEPRECISION,,,False,src/contaminant/link/cm_link_state.f90,cm_link_state,Three-compartment workspace for one stream link.,,0,,1,src/contaminant/CMmod.f90,Updated deep-bed concentration of the preceding numeric contaminant.
CCPBK,src/contaminant/link/link_cc.f90,LINK_CC,68,DOUBLEPRECISION,,"(2,LLEE)",False,src/contaminant/link/cm_link_state.f90,cm_link_state,Three-compartment workspace for one stream link.,,0,,1,src/contaminant/CMmod.f90,Previous dynamic-region concentrations in the two adjacent banks.
CCPGS1,src/contaminant/link/link_cc.f90,LINK_CC,69,DOUBLEPRECISION,,(2),False,src/contaminant/link/cm_link_state.f90,cm_link_state,Three-compartment workspace for one stream link.,,0,,1,src/contaminant/CMmod.f90,Current ground-surface-cell concentration in each adjacent bank.
CCBS1Q,src/contaminant/link/link_cc.f90,LINK_CC,70,DOUBLEPRECISION,,,False,src/contaminant/link/cm_link_state.f90,cm_link_state,Three-compartment workspace for one stream link.,,0,,1,src/contaminant/CMmod.f90,Updated bed-surface concentration of the preceding numeric contaminant.
CCSFA1,src/contaminant/link/link_cc.f90,LINK_CC,71,DOUBLEPRECISION,,(6),False,src/contaminant/link/cm_link_state.f90,cm_link_state,Three-compartment workspace for one stream link.,,0,,1,src/contaminant/CMmod.f90,Current stream-water concentrations for adjacent-link/end slots.
CCSF1Q,src/contaminant/link/link_cc.f90,LINK_CC,72,DOUBLEPRECISION,,,False,src/contaminant/link/cm_link_state.f90,cm_link_state,Three-compartment workspace for one stream link.,,0,,1,src/contaminant/CMmod.f90,Updated stream-water concentration of the preceding numeric contaminant.
SCPBK,src/contaminant/link/link_cc.f90,LINK_CC,73,DOUBLEPRECISION,,"(2,LLEE)",False,src/contaminant/link/cm_link_state.f90,cm_link_state,Three-compartment workspace for one stream link.,,0,,1,src/contaminant/CMmod.f90,Previous dead-space concentrations in the two adjacent banks.
WCPBD1,src/contaminant/link/link_cc.f90,LINK_CC,75,DOUBLEPRECISION,,,False,src/contaminant/link/cm_link_state.f90,cm_link_state,Three-compartment workspace for one stream link.,,0,,1,src/contaminant/CMmod.f90,Signed scaled coefficient for change in bed/deposited area.
VCPBK1,src/contaminant/link/link_cc.f90,LINK_CC,76,DOUBLEPRECISION,,,False,src/contaminant/link/cm_link_state.f90,cm_link_state,Three-compartment workspace for one stream link.,,0,,1,src/contaminant/CMmod.f90,"Scaled bank-erosion rate, `Z2OD*GNUBK`."
ICP1,src/contaminant/link/link_cc.f90,LINK_CC,78,DOUBLEPRECISION,,,False,src/contaminant/link/cm_link_state.f90,cm_link_state,Three-compartment workspace for one stream link.,,0,,1,src/contaminant/CMmod.f90,Scaled dry-deposition input with the link-equation sign convention.
ICPSBD,src/contaminant/link/link_cc.f90,LINK_CC,79,DOUBLEPRECISION,,,False,src/contaminant/link/cm_link_state.f90,cm_link_state,Three-compartment workspace for one stream link.,,0,,1,src/contaminant/CMmod.f90,Deep-bed contaminant source from infiltrating sediment.
ICSBDC,src/contaminant/link/link_cc.f90,LINK_CC,80,DOUBLEPRECISION,,,False,src/contaminant/link/cm_link_state.f90,cm_link_state,Three-compartment workspace for one stream link.,,0,,1,src/contaminant/CMmod.f90,Concentration derivative of `ICPSBD`.
ICSBDT,src/contaminant/link/link_cc.f90,LINK_CC,81,DOUBLEPRECISION,,,False,src/contaminant/link/cm_link_state.f90,cm_link_state,Three-compartment workspace for one stream link.,,0,,1,src/contaminant/CMmod.f90,Scaled-time derivative of `ICPSBD`.
ICPSBS,src/contaminant/link/link_cc.f90,LINK_CC,82,DOUBLEPRECISION,,,False,src/contaminant/link/cm_link_state.f90,cm_link_state,Three-compartment workspace for one stream link.,,0,,1,src/contaminant/CMmod.f90,Bed-surface contaminant source from infiltrating sediment.
ICSBSC,src/contaminant/link/link_cc.f90,LINK_CC,83,DOUBLEPRECISION,,,False,src/contaminant/link/cm_link_state.f90,cm_link_state,Three-compartment workspace for one stream link.,,0,,1,src/contaminant/CMmod.f90,Concentration derivative of `ICPSBS`.
ICSBST,src/contaminant/link/link_cc.f90,LINK_CC,84,DOUBLEPRECISION,,,False,src/contaminant/link/cm_link_state.f90,cm_link_state,Three-compartment workspace for one stream link.,,0,,1,src/contaminant/CMmod.f90,Scaled-time derivative of `ICPSBS`.
QCP1,src/contaminant/link/link_cc.f90,LINK_CC,85,DOUBLEPRECISION,,,False,src/contaminant/link/cm_link_state.f90,cm_link_state,Three-compartment workspace for one stream link.,,0,,1,src/contaminant/CMmod.f90,Scaled rainfall and irrigation/well contaminant input.
FCPBD,src/contaminant/link/link_cc.f90,LINK_CC,87,DOUBLEPRECISION,,,False,src/contaminant/link/cm_link_state.f90,cm_link_state,Three-compartment workspace for one stream link.,,0,,1,src/contaminant/CMmod.f90,Deep-bed storage/retardation factor.
FCPBDC,src/contaminant/link/link_cc.f90,LINK_CC,88,DOUBLEPRECISION,,,False,src/contaminant/link/cm_link_state.f90,cm_link_state,Three-compartment workspace for one stream link.,,0,,1,src/contaminant/CMmod.f90,Concentration derivative of `FCPBD`.
FCBD1Q,src/contaminant/link/link_cc.f90,LINK_CC,89,DOUBLEPRECISION,,,False,src/contaminant/link/cm_link_state.f90,cm_link_state,Three-compartment workspace for one stream link.,,0,,1,src/contaminant/CMmod.f90,Updated `FCPBD` for the preceding numeric contaminant.
FCPBDT,src/contaminant/link/link_cc.f90,LINK_CC,90,DOUBLEPRECISION,,,False,src/contaminant/link/cm_link_state.f90,cm_link_state,Three-compartment workspace for one stream link.,,0,,1,src/contaminant/CMmod.f90,Scaled-time derivative of `FCPBD`.
FCPBK,src/contaminant/link/link_cc.f90,LINK_CC,91,DOUBLEPRECISION,,"(2,LLEE)",False,src/contaminant/link/cm_link_state.f90,cm_link_state,Three-compartment workspace for one stream link.,,0,,1,src/contaminant/CMmod.f90,Dynamic-region storage factors in adjacent bank cells.
FCPBS,src/contaminant/link/link_cc.f90,LINK_CC,92,DOUBLEPRECISION,,,False,src/contaminant/link/cm_link_state.f90,cm_link_state,Three-compartment workspace for one stream link.,,0,,1,src/contaminant/CMmod.f90,Bed-surface storage/retardation factor.
FCPBSC,src/contaminant/link/link_cc.f90,LINK_CC,93,DOUBLEPRECISION,,,False,src/contaminant/link/cm_link_state.f90,cm_link_state,Three-compartment workspace for one stream link.,,0,,1,src/contaminant/CMmod.f90,Concentration derivative of `FCPBS`.
FCBS1Q,src/contaminant/link/link_cc.f90,LINK_CC,94,DOUBLEPRECISION,,,False,src/contaminant/link/cm_link_state.f90,cm_link_state,Three-compartment workspace for one stream link.,,0,,1,src/contaminant/CMmod.f90,Updated `FCPBS` for the preceding numeric contaminant.
FCPBST,src/contaminant/link/link_cc.f90,LINK_CC,95,DOUBLEPRECISION,,,False,src/contaminant/link/cm_link_state.f90,cm_link_state,Three-compartment workspace for one stream link.,,0,,1,src/contaminant/CMmod.f90,Scaled-time derivative of `FCPBS`.
FCPSW1,src/contaminant/link/link_cc.f90,LINK_CC,96,DOUBLEPRECISION,,(2),False,src/contaminant/link/cm_link_state.f90,cm_link_state,Three-compartment workspace for one stream link.,,0,,1,src/contaminant/CMmod.f90,Updated surface-water storage factor for each adjacent bank.
FCPSD,src/contaminant/link/link_cc.f90,LINK_CC,97,DOUBLEPRECISION,,,False,src/contaminant/link/cm_link_state.f90,cm_link_state,Three-compartment workspace for one stream link.,,0,,1,src/contaminant/CMmod.f90,Storage factor for newly deposited sediment at stream concentration.
FCPSDC,src/contaminant/link/link_cc.f90,LINK_CC,98,DOUBLEPRECISION,,,False,src/contaminant/link/cm_link_state.f90,cm_link_state,Three-compartment workspace for one stream link.,,0,,1,src/contaminant/CMmod.f90,Concentration derivative of `FCPSD`.
FCPSDT,src/contaminant/link/link_cc.f90,LINK_CC,99,DOUBLEPRECISION,,,False,src/contaminant/link/cm_link_state.f90,cm_link_state,Three-compartment workspace for one stream link.,,0,,1,src/contaminant/CMmod.f90,Scaled-time derivative of `FCPSD`.
FCPSF,src/contaminant/link/link_cc.f90,LINK_CC,100,DOUBLEPRECISION,,,False,src/contaminant/link/cm_link_state.f90,cm_link_state,Three-compartment workspace for one stream link.,,0,,1,src/contaminant/CMmod.f90,Stream-water/mobile-sediment storage factor.
FCSFA1,src/contaminant/link/link_cc.f90,LINK_CC,101,DOUBLEPRECISION,,(6),False,src/contaminant/link/cm_link_state.f90,cm_link_state,Three-compartment workspace for one stream link.,,0,,1,src/contaminant/CMmod.f90,Updated stream-water storage factors for adjacent-link/end slots.
FCPSFC,src/contaminant/link/link_cc.f90,LINK_CC,102,DOUBLEPRECISION,,,False,src/contaminant/link/cm_link_state.f90,cm_link_state,Three-compartment workspace for one stream link.,,0,,1,src/contaminant/CMmod.f90,Concentration derivative of `FCPSF`.
FCSF1Q,src/contaminant/link/link_cc.f90,LINK_CC,103,DOUBLEPRECISION,,,False,src/contaminant/link/cm_link_state.f90,cm_link_state,Three-compartment workspace for one stream link.,,0,,1,src/contaminant/CMmod.f90,Updated `FCPSF` for the preceding numeric contaminant.
FCPSFT,src/contaminant/link/link_cc.f90,LINK_CC,104,DOUBLEPRECISION,,,False,src/contaminant/link/cm_link_state.f90,cm_link_state,Three-compartment workspace for one stream link.,,0,,1,src/contaminant/CMmod.f90,Scaled-time derivative of `FCPSF`.
GCPBK,src/contaminant/link/link_cc.f90,LINK_CC,105,DOUBLEPRECISION,,"(2,LLEE)",False,src/contaminant/link/cm_link_state.f90,cm_link_state,Three-compartment workspace for one stream link.,,0,,1,src/contaminant/CMmod.f90,Dead-space storage factors in adjacent bank cells.
NCEBK,src/contaminant/link/link_cc.f90,LINK_CC,107,INTEGER,,(2),False,src/contaminant/link/cm_link_state.f90,cm_link_state,Three-compartment workspace for one stream link.,,0,,1,src/contaminant/CMmod.f90,First exposed bank-cell index on each side of the link.
PCPBK1,src/contaminant/link/link_cc.f90,LINK_CC,109,DOUBLEPRECISION,,"(2,LLEE)",False,src/contaminant/link/cm_link_state.f90,cm_link_state,Three-compartment workspace for one stream link.,,0,,1,src/contaminant/CMmod.f90,Signed bank-cell exchange numbers; positive flow enters the link.
PCPSB1,src/contaminant/link/link_cc.f90,LINK_CC,110,DOUBLEPRECISION,,(2),False,src/contaminant/link/cm_link_state.f90,cm_link_state,Three-compartment workspace for one stream link.,,0,,1,src/contaminant/CMmod.f90,Signed bank-bed exchange numbers; positive flow enters the link.
PCSFA1,src/contaminant/link/link_cc.f90,LINK_CC,111,DOUBLEPRECISION,,(6),False,src/contaminant/link/cm_link_state.f90,cm_link_state,Three-compartment workspace for one stream link.,,0,,1,src/contaminant/CMmod.f90,Signed exchange numbers for adjacent-link/end slots.
PCPSW1,src/contaminant/link/link_cc.f90,LINK_CC,112,DOUBLEPRECISION,,(2),False,src/contaminant/link/cm_link_state.f90,cm_link_state,Three-compartment workspace for one stream link.,,0,,1,src/contaminant/CMmod.f90,Signed bank surface-water exchange numbers.
PCSFM1,src/contaminant/link/link_cc.f90,LINK_CC,113,DOUBLEPRECISION,,,False,src/contaminant/link/cm_link_state.f90,cm_link_state,Three-compartment workspace for one stream link.,,0,,1,src/contaminant/CMmod.f90,Signed stream-water exchange number at link end 1.
PCSFP1,src/contaminant/link/link_cc.f90,LINK_CC,114,DOUBLEPRECISION,,,False,src/contaminant/link/cm_link_state.f90,cm_link_state,Three-compartment workspace for one stream link.,,0,,1,src/contaminant/CMmod.f90,Signed stream-water exchange number at link end 2.
ECPBD,src/contaminant/link/link_cc.f90,LINK_CC,116,DOUBLEPRECISION,,,False,src/contaminant/link/cm_link_state.f90,cm_link_state,Three-compartment workspace for one stream link.,,0,,1,src/contaminant/CMmod.f90,Intended deep-bed sink; currently set to zero by `LINKSM`.
ECPBDC,src/contaminant/link/link_cc.f90,LINK_CC,117,DOUBLEPRECISION,,,False,src/contaminant/link/cm_link_state.f90,cm_link_state,Three-compartment workspace for one stream link.,,0,,1,src/contaminant/CMmod.f90,Intended concentration derivative of `ECPBD`; currently zero.
ECPBDT,src/contaminant/link/link_cc.f90,LINK_CC,118,DOUBLEPRECISION,,,False,src/contaminant/link/cm_link_state.f90,cm_link_state,Three-compartment workspace for one stream link.,,0,,1,src/contaminant/CMmod.f90,Intended scaled-time derivative of `ECPBD`; currently zero.
ECPBS,src/contaminant/link/link_cc.f90,LINK_CC,119,DOUBLEPRECISION,,,False,src/contaminant/link/cm_link_state.f90,cm_link_state,Three-compartment workspace for one stream link.,,0,,1,src/contaminant/CMmod.f90,Intended bed-surface sink; currently set to zero by `LINKSM`.
ECPBSC,src/contaminant/link/link_cc.f90,LINK_CC,120,DOUBLEPRECISION,,,False,src/contaminant/link/cm_link_state.f90,cm_link_state,Three-compartment workspace for one stream link.,,0,,1,src/contaminant/CMmod.f90,Intended concentration derivative of `ECPBS`; currently zero.
ECPBST,src/contaminant/link/link_cc.f90,LINK_CC,121,DOUBLEPRECISION,,,False,src/contaminant/link/cm_link_state.f90,cm_link_state,Three-compartment workspace for one stream link.,,0,,1,src/contaminant/CMmod.f90,Intended scaled-time derivative of `ECPBS`; currently zero.
ECPSF,src/contaminant/link/link_cc.f90,LINK_CC,122,DOUBLEPRECISION,,,False,src/contaminant/link/cm_link_state.f90,cm_link_state,Three-compartment workspace for one stream link.,,0,,1,src/contaminant/CMmod.f90,Intended stream-water sink; currently set to zero by `LINKSM`.
ECPSFC,src/contaminant/link/link_cc.f90,LINK_CC,123,DOUBLEPRECISION,,,False,src/contaminant/link/cm_link_state.f90,cm_link_state,Three-compartment workspace for one stream link.,,0,,1,src/contaminant/CMmod.f90,Intended concentration derivative of `ECPSF`; currently zero.
ECPSFT,src/contaminant/link/link_cc.f90,LINK_CC,124,DOUBLEPRECISION,,,False,src/contaminant/link/cm_link_state.f90,cm_link_state,Three-compartment workspace for one stream link.,,0,,1,src/contaminant/CMmod.f90,Intended scaled-time derivative of `ECPSF`; currently zero.
USCP,src/contaminant/link/link_cc.f90,LINK_CC,126,DOUBLEPRECISION,,,False,src/contaminant/link/cm_link_state.f90,cm_link_state,Three-compartment workspace for one stream link.,,0,,1,src/contaminant/CMmod.f90,"Numeric wetness indicator: one for stream water, zero for a dry link."
ACSBD1,src/contaminant/link/link_cc.f90,LINK_CC,128,DOUBLEPRECISION,,,False,src/contaminant/link/cm_link_state.f90,cm_link_state,Three-compartment workspace for one stream link.,,0,,1,src/contaminant/CMmod.f90,Scaled transfer coefficient between deep bed and bed surface.
ACSBS1,src/contaminant/link/link_cc.f90,LINK_CC,129,DOUBLEPRECISION,,,False,src/contaminant/link/cm_link_state.f90,cm_link_state,Three-compartment workspace for one stream link.,,0,,1,src/contaminant/CMmod.f90,Scaled transfer coefficient between bed surface and stream water.
GCPLAL,src/contaminant/link/link_cc.f90,LINK_CC,130,DOUBLEPRECISION,,,False,src/contaminant/link/cm_link_state.f90,cm_link_state,Three-compartment workspace for one stream link.,,0,,1,src/contaminant/CMmod.f90,Decay/generation coefficient for the current contaminant.
GCPLAQ,src/contaminant/link/link_cc.f90,LINK_CC,131,DOUBLEPRECISION,,,False,src/contaminant/link/cm_link_state.f90,cm_link_state,Three-compartment workspace for one stream link.,,0,,1,src/contaminant/CMmod.f90,Decay/generation coefficient of the preceding numeric contaminant.
KS,src/contaminant/link/link_cc1.f90,LINK_CC1,47,DOUBLEPRECISION,,,False,src/contaminant/link/cm_link_scaling.f90,cm_link_scaling,Nondimensional link length and bank-cell thickness.,,0,,1,src/contaminant/CMmod.f90,Current link length divided by the reference length `Z2`.
KSPBK,src/contaminant/link/link_cc1.f90,LINK_CC1,48,DOUBLEPRECISION,,"(2,LLEE)",False,src/contaminant/link/cm_link_scaling.f90,cm_link_scaling,Nondimensional link length and bank-cell thickness.,,0,,1,src/contaminant/CMmod.f90,"Bank-cell thickness divided by `Z2`, for the two adjacent banks."
ACPBDO,src/contaminant/link/link_cw.f90,LINK_CW,72,DOUBLEPRECISION,,(NLFEE),False,src/contaminant/link/cm_link_water.f90,cm_link_water,Bed geometry and retained water state for link preparation.,,1,src/frame/FRmod.f90,1,src/contaminant/CMmod.f90,Last stored scaled bed/deposited-material area for each link.
ACPBSG,src/contaminant/link/link_cw.f90,LINK_CW,73,DOUBLEPRECISION,,(NLFEE),False,src/contaminant/link/cm_link_water.f90,cm_link_water,Bed geometry and retained water state for link preparation.,,1,src/frame/FRmod.f90,1,src/contaminant/CMmod.f90,"Fixed scaled bed-surface area, `DBS*CWIDTH/Z2SQ`."
ACPBI,src/contaminant/link/link_cw.f90,LINK_CW,74,DOUBLEPRECISION,,(NLFEE),False,src/contaminant/link/cm_link_water.f90,cm_link_water,Bed geometry and retained water state for link preparation.,,1,src/frame/FRmod.f90,1,src/contaminant/CMmod.f90,Baseline scaled bed/deposited-material area before `ARBDEP` is added.
ACPSFO,src/contaminant/link/link_cw.f90,LINK_CW,75,DOUBLEPRECISION,,(NLFEE),False,src/contaminant/link/cm_link_water.f90,cm_link_water,Bed geometry and retained water state for link preparation.,,1,src/frame/FRmod.f90,1,src/contaminant/CMmod.f90,Last stored scaled stream-water area for each link.
DBS,src/contaminant/link/link_cw.f90,LINK_CW,77,DOUBLEPRECISION,,,False,src/contaminant/link/cm_link_water.f90,cm_link_water,Bed geometry and retained water state for link preparation.,,1,src/frame/FRmod.f90,1,src/contaminant/CMmod.f90,"Depth from the river bed to the base of the surface-bed layer (m), from `CM15`."
DBDI,src/contaminant/link/link_cw.f90,LINK_CW,78,DOUBLEPRECISION,,,False,src/contaminant/link/cm_link_water.f90,cm_link_water,Bed geometry and retained water state for link preparation.,,1,src/frame/FRmod.f90,1,src/contaminant/CMmod.f90,"Initial depth from the river bed to the base of the deep-bed layer (m), from `CM17`."
LENDA,src/contaminant/link/link_cw.f90,LINK_CW,80,INTEGER,,(6),False,src/contaminant/link/cm_link_water.f90,cm_link_water,Bed geometry and retained water state for link preparation.,,0,,1,src/contaminant/CMmod.f90,End number on the adjacent link represented by each current-link connection slot.
THBED,src/contaminant/link/link_cw.f90,LINK_CW,82,DOUBLEPRECISION,,(NLFEE),False,src/contaminant/link/cm_link_water.f90,cm_link_water,Bed geometry and retained water state for link preparation.,,1,src/frame/FRmod.f90,1,src/contaminant/CMmod.f90,Current thickness-weighted stream-bed volumetric moisture content.
THBEDO,src/contaminant/link/link_cw.f90,LINK_CW,83,DOUBLEPRECISION,,(NLFEE),False,src/contaminant/link/cm_link_water.f90,cm_link_water,Bed geometry and retained water state for link preparation.,,1,src/frame/FRmod.f90,1,src/contaminant/CMmod.f90,Preceding stream-bed moisture content passed to `FRET`.
NTEMP1,src/contaminant/plant_cc.f90,PLANT_CC,70,INTEGER,PARAMETER,,True,src/contaminant/cm_plant_state.f90,cm_plant_state,Plant-uptake state and parameters shared with the nitrate component.,,0,,0,,Unused legacy element count for initializing `BCPAA` and `BCPBB`.
NTEMP2,src/contaminant/plant_cc.f90,PLANT_CC,71,INTEGER,PARAMETER,,True,src/contaminant/cm_plant_state.f90,cm_plant_state,Plant-uptake state and parameters shared with the nitrate component.,,0,,0,,Unused legacy plant-type/contaminant element count.
GENAA,src/contaminant/plant_cc.f90,PLANT_CC,73,DOUBLEPRECISION,,(NPELEE),False,src/contaminant/cm_plant_state.f90,cm_plant_state,Plant-uptake state and parameters shared with the nitrate component.,,0,,1,src/contaminant/CMmod.f90,"Compartment-A decay generation carried to the next numeric contaminant, by plant slot."
GENBB,src/contaminant/plant_cc.f90,PLANT_CC,74,DOUBLEPRECISION,,(NPELEE),False,src/contaminant/cm_plant_state.f90,cm_plant_state,Plant-uptake state and parameters shared with the nitrate component.,,0,,1,src/contaminant/CMmod.f90,"Compartment-B decay generation carried to the next numeric contaminant, by plant slot."
GCPL,src/contaminant/plant_cc.f90,PLANT_CC,75,DOUBLEPRECISION,,,False,src/contaminant/cm_plant_state.f90,cm_plant_state,Plant-uptake state and parameters shared with the nitrate component.,,0,,1,src/contaminant/CMmod.f90,"Active contaminant's dimensionless decay coefficient, copied from `GCPLA` by `PLCOLM`."
GMCPAA,src/contaminant/plant_cc.f90,PLANT_CC,76,DOUBLEPRECISION,,,False,src/contaminant/cm_plant_state.f90,cm_plant_state,Plant-uptake state and parameters shared with the nitrate component.,,0,,1,src/contaminant/CMmod.f90,"Current dimensionless compartment-A mass factor, `1-DELONE`."
GMCPBB,src/contaminant/plant_cc.f90,PLANT_CC,77,DOUBLEPRECISION,,,False,src/contaminant/cm_plant_state.f90,cm_plant_state,Plant-uptake state and parameters shared with the nitrate component.,,0,,1,src/contaminant/CMmod.f90,"Current dimensionless compartment-B mass factor, `PFTWO*DELONE/PF2MAX`."
GMCBBD,src/contaminant/plant_cc.f90,PLANT_CC,78,DOUBLEPRECISION,,,False,src/contaminant/cm_plant_state.f90,cm_plant_state,Plant-uptake state and parameters shared with the nitrate component.,,0,,1,src/contaminant/CMmod.f90,Change in the compartment-B mass factor per dimensionless timestep.
QCPAA,src/contaminant/plant_cc.f90,PLANT_CC,79,DOUBLEPRECISION,,,False,src/contaminant/cm_plant_state.f90,cm_plant_state,Plant-uptake state and parameters shared with the nitrate component.,,0,,1,src/contaminant/CMmod.f90,Scaled contaminant uptake rate assigned to plant compartment A.
QCPBB,src/contaminant/plant_cc.f90,PLANT_CC,80,DOUBLEPRECISION,,,False,src/contaminant/cm_plant_state.f90,cm_plant_state,Plant-uptake state and parameters shared with the nitrate component.,,0,,1,src/contaminant/CMmod.f90,Scaled contaminant uptake rate assigned to plant compartment B.
RHOPL,src/contaminant/plant_cc.f90,PLANT_CC,81,DOUBLEPRECISION,,,False,src/contaminant/cm_plant_state.f90,cm_plant_state,Plant-uptake state and parameters shared with the nitrate component.,,0,,1,src/contaminant/CMmod.f90,Plant-material density used to scale contaminant and nitrate plant mass.
BCPAA,src/contaminant/plant_cc.f90,PLANT_CC,83,DOUBLEPRECISION,,"(NELEE, NPELEE, NCONEE)",False,src/contaminant/cm_plant_state.f90,cm_plant_state,Plant-uptake state and parameters shared with the nitrate component.,,0,,1,src/contaminant/CMmod.f90,Persistent relative contaminant concentration in plant compartment A.
BCPBB,src/contaminant/plant_cc.f90,PLANT_CC,84,DOUBLEPRECISION,,"(NELEE, NPELEE, NCONEE)",False,src/contaminant/cm_plant_state.f90,cm_plant_state,Plant-uptake state and parameters shared with the nitrate component.,,0,,1,src/contaminant/CMmod.f90,Persistent relative contaminant concentration in plant compartment B.
DELONE,src/contaminant/plant_cc.f90,PLANT_CC,86,DOUBLEPRECISION,,(NPLTEE),False,src/contaminant/cm_plant_state.f90,cm_plant_state,Plant-uptake state and parameters shared with the nitrate component.,,1,src/frame/FRmod.f90,1,src/contaminant/CMmod.f90,"Fraction assigned to the canopy-dependent annual-growth compartment B, by plant type."
DELTWO,src/contaminant/plant_cc.f90,PLANT_CC,87,DOUBLEPRECISION,,(NPLTEE),False,src/contaminant/cm_plant_state.f90,cm_plant_state,Plant-uptake state and parameters shared with the nitrate component.,,0,,1,src/contaminant/CMmod.f90,Fraction of released compartment-B contaminant returned directly to the top cell.
DELTHR,src/contaminant/plant_cc.f90,PLANT_CC,88,DOUBLEPRECISION,,(NPLTEE),False,src/contaminant/cm_plant_state.f90,cm_plant_state,Plant-uptake state and parameters shared with the nitrate component.,,0,,1,src/contaminant/CMmod.f90,"Multiplier on compartment-B contaminant uptake capacity, by plant type."
DELFOU,src/contaminant/plant_cc.f90,PLANT_CC,89,DOUBLEPRECISION,,(NPLTEE),False,src/contaminant/cm_plant_state.f90,cm_plant_state,Plant-uptake state and parameters shared with the nitrate component.,,0,,1,src/contaminant/CMmod.f90,"Current recycling fraction for falling compartment-B mass, selected by `PLPREP`."
FLEFT,src/contaminant/plant_cc.f90,PLANT_CC,90,DOUBLEPRECISION,,(NPLTEE),False,src/contaminant/cm_plant_state.f90,cm_plant_state,Plant-uptake state and parameters shared with the nitrate component.,,0,,1,src/contaminant/CMmod.f90,Zero-canopy fallback for `DELFOU`; currently uninitialized.
GMCBBO,src/contaminant/plant_cc.f90,PLANT_CC,92,DOUBLEPRECISION,,"(NELEE, NPELEE)",False,src/contaminant/cm_plant_state.f90,cm_plant_state,Plant-uptake state and parameters shared with the nitrate component.,,1,src/frame/FRmod.f90,1,src/contaminant/CMmod.f90,"Previous compartment-B mass factor, used to calculate `GMCBBD`."
NPL,src/contaminant/plant_cc.f90,PLANT_CC,94,INTEGER,,(NELEE),False,src/contaminant/cm_plant_state.f90,cm_plant_state,Plant-uptake state and parameters shared with the nitrate component.,,1,src/frame/FRmod.f90,1,src/contaminant/CMmod.f90,Number of active plant slots on each soil column.
NPLTYP,src/contaminant/plant_cc.f90,PLANT_CC,95,INTEGER,,"(NELEE, NPELEE)",False,src/contaminant/cm_plant_state.f90,cm_plant_state,Plant-uptake state and parameters shared with the nitrate component.,,1,src/frame/FRmod.f90,1,src/contaminant/CMmod.f90,Plant type assigned to each soil-column plant slot; all entries initially 1.
NPLT,src/contaminant/plant_cc.f90,PLANT_CC,96,INTEGER,,,False,src/contaminant/cm_plant_state.f90,cm_plant_state,Plant-uptake state and parameters shared with the nitrate component.,,1,src/frame/FRmod.f90,1,src/contaminant/CMmod.f90,"Total number of plant types, set to `NV` by `INPL`."
PKMAX,src/contaminant/plant_cc.f90,PLANT_CC,98,DOUBLEPRECISION,,"(NPLTEE, NCONEE)",False,src/contaminant/cm_plant_state.f90,cm_plant_state,Plant-uptake state and parameters shared with the nitrate component.,,1,src/frame/FRmod.f90,1,src/contaminant/CMmod.f90,Maximum contaminant uptake coefficient by plant type and contaminant.
PMASS,src/contaminant/plant_cc.f90,PLANT_CC,99,DOUBLEPRECISION,,(NPLTEE),False,src/contaminant/cm_plant_state.f90,cm_plant_state,Plant-uptake state and parameters shared with the nitrate component.,,1,src/frame/FRmod.f90,1,src/contaminant/CMmod.f90,"Maximum plant-material mass per unit ground area, by plant type."
PFONE,src/contaminant/plant_cc.f90,PLANT_CC,101,DOUBLEPRECISION,,"(NELEE, NPELEE)",False,src/contaminant/cm_plant_state.f90,cm_plant_state,Plant-uptake state and parameters shared with the nitrate component.,,1,src/frame/FRmod.f90,1,src/contaminant/CMmod.f90,Fractional ground cover of each soil-column plant slot.
PFTWO,src/contaminant/plant_cc.f90,PLANT_CC,102,DOUBLEPRECISION,,(NPLTEE),False,src/contaminant/cm_plant_state.f90,cm_plant_state,Plant-uptake state and parameters shared with the nitrate component.,,0,,1,src/contaminant/CMmod.f90,"Current canopy leaf area index copied from `CLAI`, by plant type."
PF2MAX,src/contaminant/plant_cc.f90,PLANT_CC,103,DOUBLEPRECISION,,(NPLTEE),False,src/contaminant/cm_plant_state.f90,cm_plant_state,Plant-uptake state and parameters shared with the nitrate component.,,1,src/frame/FRmod.f90,1,src/contaminant/CMmod.f90,"Maximum canopy leaf area index used to normalize `PFTWO`, by plant type."
PDZF3,src/contaminant/plant_cc.f90,PLANT_CC,104,DOUBLEPRECISION,,"(NELEE, NPELEE, LLEE)",False,src/contaminant/cm_plant_state.f90,cm_plant_state,Plant-uptake state and parameters shared with the nitrate component.,,1,src/frame/FRmod.f90,1,src/contaminant/CMmod.f90,Root fraction; declaration and current access orders disagree as warned above.
XXI,src/contaminant/plant_cc.f90,PLANT_CC,106,DOUBLEPRECISION,,,False,src/contaminant/cm_plant_state.f90,cm_plant_state,Plant-uptake state and parameters shared with the nitrate component.,,0,,1,src/contaminant/CMmod.f90,Uninitialized weighting applied with the mobile-water fraction in contaminant transport and plant uptake.
DLSO,src/contaminant/sed_co.f90,SED_CO,55,DOUBLEPRECISION,,(NELEE),False,src/contaminant/cm_sediment_previous.f90,cm_sediment_previous,Previous-timestep sediment state used by the transport equations.,,1,src/frame/FRmod.f90,1,src/contaminant/CMmod.f90,Previous loose/bed-sediment depth by element [m]; actively used for columns.
GNUO,src/contaminant/sed_co.f90,SED_CO,56,DOUBLEPRECISION,,(NELEE),False,src/contaminant/cm_sediment_previous.f90,cm_sediment_previous,Previous-timestep sediment state used by the transport equations.,,1,src/frame/FRmod.f90,1,src/contaminant/CMmod.f90,Previous ground-surface erosion depth rate by element [m/s]; actively used for columns.
FBETAO,src/contaminant/sed_co.f90,SED_CO,58,DOUBLEPRECISION,,"(NELEE, NSEDEE)",False,src/contaminant/cm_sediment_previous.f90,cm_sediment_previous,Previous-timestep sediment state used by the transport equations.,,0,,1,src/contaminant/CMmod.f90,Previous loose/bed-sediment composition fraction by element and size class.
FDELO,src/contaminant/sed_co.f90,SED_CO,59,DOUBLEPRECISION,,"(NELEE, NSEDEE)",False,src/contaminant/cm_sediment_previous.f90,cm_sediment_previous,Previous-timestep sediment state used by the transport equations.,,1,src/frame/FRmod.f90,1,src/contaminant/CMmod.f90,Previous `FDEL` settled-depth/water-depth ratio by element and size class.
FBBEDO,src/contaminant/sed_co.f90,SED_CO,60,DOUBLEPRECISION,,"(NLFEE, NSEDEE)",False,src/contaminant/cm_sediment_previous.f90,cm_sediment_previous,Previous-timestep sediment state used by the transport equations.,,1,src/frame/FRmod.f90,1,src/contaminant/CMmod.f90,Previous combined channel-bed composition fraction by link and size class.
FBTSDO,src/contaminant/sed_co.f90,SED_CO,61,DOUBLEPRECISION,,"(NLFEE, NSEDEE)",False,src/contaminant/cm_sediment_previous.f90,cm_sediment_previous,Previous-timestep sediment state used by the transport equations.,,1,src/frame/FRmod.f90,1,src/contaminant/CMmod.f90,Previous newly deposited sediment composition fraction by link and size class.
R8P,src/core/mod_parameters.f90,mod_parameters,56,integer,parameter,,True,src/core/mod_parameters.f90,mod_parameters,"Numeric kinds, buffer lengths, sentinels, mathematical and physical constants.",,2,src/core/sglobal.f90;src/util/tolerance_testing.f90,2,src/overland_channel/ZQmod.f90;src/util/mod_load_filedata.f90,Real kind with precision >= 15 and range >= 307.
R4P,src/core/mod_parameters.f90,mod_parameters,57,integer,parameter,,True,src/core/mod_parameters.f90,mod_parameters,"Numeric kinds, buffer lengths, sentinels, mathematical and physical constants.",,0,,0,,Real kind with precision >= 6 and range >= 37.
R_P,src/core/mod_parameters.f90,mod_parameters,58,integer,parameter,,True,src/core/mod_parameters.f90,mod_parameters,"Numeric kinds, buffer lengths, sentinels, mathematical and physical constants.",,0,,0,,"Project-selected real-kind alias, currently `R8P`."
I8P,src/core/mod_parameters.f90,mod_parameters,60,integer,parameter,,True,src/core/mod_parameters.f90,mod_parameters,"Numeric kinds, buffer lengths, sentinels, mathematical and physical constants.",,0,,0,,Integer kind with decimal range >= 18.
I4P,src/core/mod_parameters.f90,mod_parameters,61,integer,parameter,,True,src/core/mod_parameters.f90,mod_parameters,"Numeric kinds, buffer lengths, sentinels, mathematical and physical constants.",,0,,0,,Integer kind with decimal range >= 9.
I2P,src/core/mod_parameters.f90,mod_parameters,62,integer,parameter,,True,src/core/mod_parameters.f90,mod_parameters,"Numeric kinds, buffer lengths, sentinels, mathematical and physical constants.",,0,,0,,Integer kind with decimal range >= 4.
I1P,src/core/mod_parameters.f90,mod_parameters,63,integer,parameter,,True,src/core/mod_parameters.f90,mod_parameters,"Numeric kinds, buffer lengths, sentinels, mathematical and physical constants.",,0,,0,,Integer kind with decimal range >= 2.
I_P,src/core/mod_parameters.f90,mod_parameters,64,integer,parameter,,True,src/core/mod_parameters.f90,mod_parameters,"Numeric kinds, buffer lengths, sentinels, mathematical and physical constants.",,27,src/contaminant/CONT_CC.F90;src/contaminant/column/colm_cg.f90;src/contaminant/column/colm_co.f90;src/core/sglobal.f90;src/core/state/AL_C.F90;src/driver/rest.f90;src/driver/run_sim.f90;src/evapotranspiration/ETmod.f90;src/frame/FRmod.f90;src/nitrate/MNmod.f90;src/overland_channel/OCmod.f90;src/overland_channel/OCmod2.f90;src/sediment/SYmod.f90;src/snow/SMmod.f90;src/subsurface/VSmod.f90;src/util/mod_error.f90;src/util/tolerance_testing.f90;src/visualisation/visualisation_extras.f90;src/visualisation/visualisation_hdf5.f90;src/visualisation/visualisation_interface_centre.f90;src/visualisation/visualisation_interface_left.f90;src/visualisation/visualisation_interface_right.f90;src/visualisation/visualisation_map.f90;src/visualisation/visualisation_metadata.f90;src/visualisation/visualisation_pass.f90;src/visualisation/visualisation_read_parser.f90;src/visualisation/visualisation_structure.f90,3,src/driver/getdirqq.f90;src/overland_channel/ZQmod.f90;src/util/mod_load_filedata.f90,"Project-selected integer-kind alias, currently `I4P`."
LENGTH_FILEPATH,src/core/mod_parameters.f90,mod_parameters,68,integer(kind=I_P),parameter,,True,src/core/mod_parameters.f90,mod_parameters,"Numeric kinds, buffer lengths, sentinels, mathematical and physical constants.",,3,src/core/sglobal.f90;src/frame/FRmod.f90;src/util/mod_error.f90,1,src/driver/getdirqq.f90,Project path buffer; classic Windows `MAX_PATH` size.
LENGTH_LINE,src/core/mod_parameters.f90,mod_parameters,69,integer(kind=I_P),parameter,,True,src/core/mod_parameters.f90,mod_parameters,"Numeric kinds, buffer lengths, sentinels, mathematical and physical constants.",,26,src/contaminant/CONT_CC.F90;src/contaminant/column/colm_cg.f90;src/contaminant/column/colm_co.f90;src/core/state/AL_C.F90;src/driver/rest.f90;src/driver/run_sim.f90;src/evapotranspiration/ETmod.f90;src/frame/FRmod.f90;src/nitrate/MNmod.f90;src/overland_channel/OCmod.f90;src/overland_channel/OCmod2.f90;src/sediment/SYmod.f90;src/snow/SMmod.f90;src/subsurface/VSmod.f90;src/util/mod_error.f90;src/util/utilsmod.f90;src/visualisation/visualisation_extras.f90;src/visualisation/visualisation_hdf5.f90;src/visualisation/visualisation_interface_centre.f90;src/visualisation/visualisation_interface_left.f90;src/visualisation/visualisation_interface_right.f90;src/visualisation/visualisation_map.f90;src/visualisation/visualisation_metadata.f90;src/visualisation/visualisation_pass.f90;src/visualisation/visualisation_read_parser.f90;src/visualisation/visualisation_structure.f90,3,src/driver/getdirqq.f90;src/overland_channel/ZQmod.f90;src/util/mod_load_filedata.f90,Short text and diagnostic buffer length.
LENGTH_LINELONG,src/core/mod_parameters.f90,mod_parameters,70,integer(kind=I_P),parameter,,True,src/core/mod_parameters.f90,mod_parameters,"Numeric kinds, buffer lengths, sentinels, mathematical and physical constants.",,1,src/visualisation/visualisation_read_parser.f90,0,,Long text buffer; used for parser diagnostics.
LENGTH_LINEVERYLONG,src/core/mod_parameters.f90,mod_parameters,71,integer(kind=I_P),parameter,,True,src/core/mod_parameters.f90,mod_parameters,"Numeric kinds, buffer lengths, sentinels, mathematical and physical constants.",,1,src/driver/rest.f90,0,,Very-long text buffer; upper bound for the dated meteorological record buffer in [[rest]].
LENGTH_TEXT_R8P,src/core/mod_parameters.f90,mod_parameters,72,integer(kind=I_P),parameter,,True,src/core/mod_parameters.f90,mod_parameters,"Numeric kinds, buffer lengths, sentinels, mathematical and physical constants.",,1,src/driver/rest.f90,0,,"Characters reserved per free-format `R8P` value, including its separator."
NAN_REAL_R8P,src/core/mod_parameters.f90,mod_parameters,76,real(kind=R8P),parameter,,True,src/core/mod_parameters.f90,mod_parameters,"Numeric kinds, buffer lengths, sentinels, mathematical and physical constants.",,0,,0,,Finite missing-value sentinel stored as `R8P`.
NAN_REAL_R_P,src/core/mod_parameters.f90,mod_parameters,77,real(kind=R_P),parameter,,True,src/core/mod_parameters.f90,mod_parameters,"Numeric kinds, buffer lengths, sentinels, mathematical and physical constants.",,0,,0,,Same sentinel stored with project real kind `R_P`.
NAN_INT_I4P,src/core/mod_parameters.f90,mod_parameters,78,integer(kind=I_P),parameter,,True,src/core/mod_parameters.f90,mod_parameters,"Numeric kinds, buffer lengths, sentinels, mathematical and physical constants.",,0,,0,,Finite integer sentinel; `I_P` currently equals `I4P`.
NAN_INT_I_P,src/core/mod_parameters.f90,mod_parameters,79,integer(kind=I_P),parameter,,True,src/core/mod_parameters.f90,mod_parameters,"Numeric kinds, buffer lengths, sentinels, mathematical and physical constants.",,0,,0,,Alias of `NAN_INT_I4P` for project integer kind `I_P`.
SHEVER,src/core/sglobal.f90,sglobal,111,REAL(KIND=R8P),PARAMETER,,True,src/core/build_info.f90,build_info,"Version number, development flag and banner text.",,1,src/visualisation/visualisation_interface_left.f90,1,src/frame/FRmod.f90,SHETRAN version number (Major.Minor format).
BDEVER,src/core/sglobal.f90,sglobal,112,LOGICAL,PARAMETER,,True,src/core/build_info.f90,build_info,"Version number, development flag and banner text.",,0,,1,src/frame/FRmod.f90,"Development version flag. `.TRUE.` for development, `.FALSE.` for release."
BANNER,src/core/sglobal.f90,sglobal,113,CHARACTER(*),PARAMETER,,True,src/core/build_info.f90,build_info,"Version number, development flag and banner text.",,0,,1,src/frame/FRmod.f90,Banner for local implementation.
RUNFIL,src/core/sglobal.f90,sglobal,114,CHARACTER(*),PARAMETER,,True,src/core/build_info.f90,build_info,"Version number, development flag and banner text.",,0,,1,src/Shetran.f90,Base filename for run data files.
nxee,src/core/sglobal.f90,sglobal,119,INTEGER(KIND=I_P),PARAMETER,,True,src/core/array_limits.f90,array_limits,Compile-time capacity bounds shared by more than one component.,,4,src/core/state/AL_C.F90;src/core/state/AL_D.f90;src/core/state/AL_G.F90;src/nitrate/MNmod.f90,6,src/contaminant/CMmod.f90;src/frame/FRmod.f90;src/overland_channel/OCmod.f90;src/sediment/SYmod.f90;src/util/mod_load_filedata.f90;src/util/utilsmod.f90,Maximum basic-grid extent in the x direction.
nyee,src/core/sglobal.f90,sglobal,120,INTEGER(KIND=I_P),PARAMETER,,True,src/core/array_limits.f90,array_limits,Compile-time capacity bounds shared by more than one component.,,4,src/core/state/AL_C.F90;src/core/state/AL_D.f90;src/core/state/AL_G.F90;src/nitrate/MNmod.f90,6,src/contaminant/CMmod.f90;src/frame/FRmod.f90;src/overland_channel/OCmod.f90;src/sediment/SYmod.f90;src/util/mod_load_filedata.f90;src/util/utilsmod.f90,Maximum basic-grid extent in the y direction.
nlfee,src/core/sglobal.f90,sglobal,121,INTEGER(KIND=I_P),PARAMETER,,True,src/core/array_limits.f90,array_limits,Compile-time capacity bounds shared by more than one component.,,9,src/contaminant/CONT_CC.F90;src/contaminant/bk_cw.f90;src/contaminant/link/link_cw.f90;src/contaminant/plant_cc.f90;src/contaminant/sed_co.f90;src/core/state/AL_C.F90;src/core/state/AL_D.f90;src/nitrate/MNmod.f90;src/sediment/SED_CS.F90,8,src/contaminant/CMmod.f90;src/frame/FRmod.f90;src/overland_channel/OCQDQMOD.F90;src/overland_channel/OCmod.f90;src/overland_channel/OCmod2.f90;src/sediment/SYmod.f90;src/subsurface/VSmod.f90;src/util/mod_load_filedata.f90,Maximum number of channel links.
nelee,src/core/sglobal.f90,sglobal,122,INTEGER(KIND=I_P),PARAMETER,,True,src/core/array_limits.f90,array_limits,Compile-time capacity bounds shared by more than one component.,,10,src/contaminant/CONT_CC.F90;src/contaminant/column/colm_cg.f90;src/contaminant/column/colm_co.f90;src/contaminant/plant_cc.f90;src/contaminant/sed_co.f90;src/core/state/AL_C.F90;src/core/state/AL_D.f90;src/core/state/AL_G.F90;src/nitrate/MNmod.f90;src/sediment/SED_CS.F90,10,src/contaminant/CMmod.f90;src/driver/rest.f90;src/frame/FRmod.f90;src/overland_channel/OCQDQMOD.F90;src/overland_channel/OCmod.f90;src/overland_channel/OCmod2.f90;src/sediment/SYmod.f90;src/subsurface/VSmod.f90;src/util/mod_load_filedata.f90;src/util/utilsmod.f90,"Maximum total number of grid, bank, and channel-link elements."
LLEE,src/core/sglobal.f90,sglobal,123,INTEGER(KIND=I_P),PARAMETER,,True,src/core/array_limits.f90,array_limits,Compile-time capacity bounds shared by more than one component.,,13,src/contaminant/CONT_CC.F90;src/contaminant/bk_cw.f90;src/contaminant/column/colm_c2.f90;src/contaminant/column/colm_cc.f90;src/contaminant/column/colm_cc1.f90;src/contaminant/column/colm_cg.f90;src/contaminant/column/colm_co.f90;src/contaminant/link/link_cc.f90;src/contaminant/link/link_cc1.f90;src/contaminant/plant_cc.f90;src/core/state/AL_C.F90;src/core/state/AL_D.f90;src/nitrate/MNmod.f90,5,src/contaminant/CMmod.f90;src/evapotranspiration/ETmod.f90;src/frame/FRmod.f90;src/subsurface/VSmod.f90;src/util/mod_load_filedata.f90,Maximum number of vertical computational cells per element.
NVEE,src/core/sglobal.f90,sglobal,125,INTEGER(KIND=I_P),PARAMETER,,True,src/core/array_limits.f90,array_limits,Compile-time capacity bounds shared by more than one component.,,4,src/contaminant/column/colm_cg.f90;src/core/state/AL_C.F90;src/core/state/AL_D.f90;src/nitrate/MNmod.f90,5,src/driver/rest.f90;src/evapotranspiration/ETmod.f90;src/frame/FRmod.f90;src/sediment/SYmod.f90;src/snow/SMmod.f90,"Vegetation/meteorological-series capacity, including rainfall stations."
NSEE,src/core/sglobal.f90,sglobal,126,INTEGER(KIND=I_P),PARAMETER,,True,src/core/array_limits.f90,array_limits,Compile-time capacity bounds shared by more than one component.,,4,src/contaminant/CONT_CC.F90;src/core/state/AL_C.F90;src/nitrate/MNmod.f90;src/sediment/SED_CS.F90,4,src/contaminant/CMmod.f90;src/frame/FRmod.f90;src/sediment/SYmod.f90;src/subsurface/VSmod.f90,Maximum number of soil types.
NVSEE,src/core/sglobal.f90,sglobal,127,INTEGER(KIND=I_P),PARAMETER,,True,src/core/array_limits.f90,array_limits,Compile-time capacity bounds shared by more than one component.,,1,src/core/state/AL_C.F90,2,src/frame/FRmod.f90;src/subsurface/VSmod.f90,Maximum number of entries in VSS lookup and boundary tables.
NVBP,src/core/sglobal.f90,sglobal,128,INTEGER(KIND=I_P),PARAMETER,,True,src/core/array_limits.f90,array_limits,Compile-time capacity bounds shared by more than one component.,,0,,2,src/evapotranspiration/ETmod.f90;src/frame/FRmod.f90,Maximum time-varying vegetation breakpoints per vegetation type.
NUZTAB,src/core/sglobal.f90,sglobal,129,INTEGER(KIND=I_P),PARAMETER,,True,src/core/array_limits.f90,array_limits,Compile-time capacity bounds shared by more than one component.,,0,,2,src/evapotranspiration/ETmod.f90;src/frame/FRmod.f90,"Maximum PSI, RCF, and FET lookup entries per vegetation type."
NLYREE,src/core/sglobal.f90,sglobal,130,INTEGER(KIND=I_P),PARAMETER,,True,src/core/array_limits.f90,array_limits,Compile-time capacity bounds shared by more than one component.,,2,src/core/state/AL_C.F90;src/nitrate/MNmod.f90,3,src/frame/FRmod.f90;src/sediment/SYmod.f90;src/subsurface/VSmod.f90,Soil-layer boundary capacity (maximum layers plus one).
NSETEE,src/core/sglobal.f90,sglobal,131,INTEGER(KIND=I_P),PARAMETER,,True,src/core/array_limits.f90,array_limits,Compile-time capacity bounds shared by more than one component.,,1,src/core/state/AL_D.f90,0,,Maximum output sets in legacy binary results metadata.
NOCTAB,src/core/sglobal.f90,sglobal,132,INTEGER(KIND=I_P),PARAMETER,,True,src/core/array_limits.f90,array_limits,Compile-time capacity bounds shared by more than one component.,,1,src/core/state/AL_D.f90,3,src/frame/FRmod.f90;src/overland_channel/OCQDQMOD.F90;src/overland_channel/OCmod.f90,"Maximum OC roughness, cross-section, or boundary-table category count."
NSEDEE,src/core/sglobal.f90,sglobal,133,INTEGER(KIND=I_P),PARAMETER,,True,src/core/array_limits.f90,array_limits,Compile-time capacity bounds shared by more than one component.,,4,src/contaminant/CONT_CC.F90;src/contaminant/sed_co.f90;src/core/state/AL_C.F90;src/sediment/SED_CS.F90,3,src/contaminant/CMmod.f90;src/frame/FRmod.f90;src/sediment/SYmod.f90,Maximum number of sediment size fractions.
NCONEE,src/core/sglobal.f90,sglobal,134,INTEGER(KIND=I_P),PARAMETER,,True,src/core/array_limits.f90,array_limits,Compile-time capacity bounds shared by more than one component.,,4,src/contaminant/CONT_CC.F90;src/contaminant/plant_cc.f90;src/core/state/AL_D.f90;src/nitrate/MNmod.f90,2,src/contaminant/CMmod.f90;src/frame/FRmod.f90,Maximum number of numeric contaminants.
NOLEE,src/core/sglobal.f90,sglobal,135,INTEGER(KIND=I_P),PARAMETER,,True,src/core/array_limits.f90,array_limits,Compile-time capacity bounds shared by more than one component.,,1,src/contaminant/column/colm_cg.f90,1,src/frame/FRmod.f90,Maximum contaminant column-overlap entries.
NPLTEE,src/core/sglobal.f90,sglobal,136,INTEGER(KIND=I_P),PARAMETER,,True,src/core/array_limits.f90,array_limits,Compile-time capacity bounds shared by more than one component.,,2,src/contaminant/plant_cc.f90;src/nitrate/MNmod.f90,1,src/frame/FRmod.f90,Maximum number of contaminant plant types.
NPELEE,src/core/sglobal.f90,sglobal,137,INTEGER(KIND=I_P),PARAMETER,,True,src/core/array_limits.f90,array_limits,Compile-time capacity bounds shared by more than one component.,,2,src/contaminant/plant_cc.f90;src/nitrate/MNmod.f90,1,src/frame/FRmod.f90,Maximum number of contaminant plant slots per element.
max_no_snowmelt_slugs,src/core/sglobal.f90,sglobal,138,INTEGER(KIND=I_P),PARAMETER,,True,src/core/array_limits.f90,array_limits,Compile-time capacity bounds shared by more than one component.,,0,,2,src/frame/FRmod.f90;src/snow/SMmod.f90,Maximum stored snowmelt-slug records per element.
NXSCEE,src/core/sglobal.f90,sglobal,139,INTEGER(KIND=I_P),PARAMETER,,True,src/core/array_limits.f90,array_limits,Compile-time capacity bounds shared by more than one component.,,0,,3,src/frame/FRmod.f90;src/overland_channel/OCmod.f90;src/overland_channel/OCmod2.f90,Number of samples in each channel cross-section/conveyance table.
total_no_elements,src/core/sglobal.f90,sglobal,144,INTEGER(KIND=I_P),,,False,src/core/element_geometry.f90,element_geometry,"Element counts, plan dimensions, areas, ground elevation and processing order.",,6,src/contaminant/CMmod.f90;src/contaminant/CONT_CC.F90;src/contaminant/column/colm_cg.f90;src/contaminant/column/colm_co.f90;src/core/state/AL_C.F90;src/visualisation/visualisation_interface_left.f90,9,src/driver/rest.f90;src/driver/run_sim.f90;src/evapotranspiration/ETmod.f90;src/frame/FRmod.f90;src/overland_channel/OCQDQMOD.F90;src/overland_channel/OCmod.f90;src/snow/SMmod.f90;src/subsurface/VSmod.f90;src/util/utilsmod.f90,"Active total number of grid, bank, and channel-link elements."
total_no_links,src/core/sglobal.f90,sglobal,145,INTEGER(KIND=I_P),,,False,src/core/element_geometry.f90,element_geometry,"Element counts, plan dimensions, areas, ground elevation and processing order.",,3,src/contaminant/CMmod.f90;src/contaminant/CONT_CC.F90;src/visualisation/visualisation_interface_left.f90,8,src/driver/rest.f90;src/driver/run_sim.f90;src/frame/FRmod.f90;src/overland_channel/OCQDQMOD.F90;src/overland_channel/OCmod.f90;src/overland_channel/OCmod2.f90;src/subsurface/VSmod.f90;src/util/utilsmod.f90,Active number of channel links; link elements occupy the first indices.
top_cell_no,src/core/sglobal.f90,sglobal,146,INTEGER(KIND=I_P),,,False,src/core/element_geometry.f90,element_geometry,"Element counts, plan dimensions, areas, ground elevation and processing order.",,5,src/contaminant/CONT_CC.F90;src/contaminant/column/colm_cg.f90;src/contaminant/column/colm_co.f90;src/core/state/AL_C.F90;src/visualisation/visualisation_interface_left.f90,5,src/driver/rest.f90;src/driver/run_sim.f90;src/evapotranspiration/ETmod.f90;src/frame/FRmod.f90;src/subsurface/VSmod.f90,Greatest active VSS cell index across all element columns.
szmonte,src/core/sglobal.f90,sglobal,147,INTEGER(KIND=I_P),,,False,src/core/legacy_retained.f90,legacy_retained,Retained state documented as having no current producer or consumer.,,0,,0,,Inactive retained Monte Carlo state; no current consumer.
ran2monte1,src/core/sglobal.f90,sglobal,148,INTEGER(KIND=I_P),,,False,src/core/legacy_retained.f90,legacy_retained,Retained state documented as having no current producer or consumer.,,0,,0,,Inactive retained Monte Carlo state; no current consumer.
ran2monte2,src/core/sglobal.f90,sglobal,149,INTEGER(KIND=I_P),,,False,src/core/legacy_retained.f90,legacy_retained,Retained state documented as having no current producer or consumer.,,0,,0,,Inactive retained Monte Carlo state; no current consumer.
pcmonte,src/core/sglobal.f90,sglobal,150,INTEGER(KIND=I_P),,,False,src/core/legacy_retained.f90,legacy_retained,Retained state documented as having no current producer or consumer.,,0,,0,,Inactive retained Monte Carlo state; no current consumer.
montec,src/core/sglobal.f90,sglobal,151,INTEGER(KIND=I_P),"DIMENSION(:, :), ALLOCATABLE","(:, :)",False,src/core/legacy_retained.f90,legacy_retained,Retained state documented as having no current producer or consumer.,,0,,0,,Inactive Monte Carlo array; never allocated by current code.
DIRQQ,src/core/sglobal.f90,sglobal,152,CHARACTER(LEN=LENGTH_FILEPATH),,,False,src/core/run_context.f90,run_context,"Selected rundata paths, catchment name and command-line run options.",,1,src/visualisation/visualisation_interface_left.f90,3,src/Shetran.f90;src/driver/run_sim.f90;src/frame/FRmod.f90,Parent directory of the selected rundata file; may be `.` or a pathname.
filnam,src/core/sglobal.f90,sglobal,153,CHARACTER(LEN=LENGTH_FILEPATH),,,False,src/core/run_context.f90,run_context,"Selected rundata paths, catchment name and command-line run options.",,0,,3,src/Shetran.f90;src/frame/FRmod.f90;src/util/mod_load_filedata.f90,Mutable filename buffer used by command-line setup and rundata-record reading.
cnam,src/core/sglobal.f90,sglobal,154,CHARACTER(LEN=LENGTH_FILEPATH),,,False,src/core/run_context.f90,run_context,"Selected rundata paths, catchment name and command-line run options.",,0,,3,src/Shetran.f90;src/driver/run_sim.f90;src/frame/FRmod.f90,Catchment name derived from the selected rundata filename stem.
rootdir,src/core/sglobal.f90,sglobal,155,CHARACTER(LEN=LENGTH_FILEPATH),,,False,src/core/run_context.f90,run_context,"Selected rundata paths, catchment name and command-line run options.",,2,src/util/mod_error.f90;src/visualisation/visualisation_interface_left.f90,1,src/Shetran.f90,Process working directory captured at command-line setup.
hdf5filename,src/core/sglobal.f90,sglobal,156,CHARACTER(LEN=LENGTH_FILEPATH),,,False,src/core/run_context.f90,run_context,"Selected rundata paths, catchment name and command-line run options.",,1,src/visualisation/visualisation_interface_left.f90,1,src/frame/FRmod.f90,HDF5 pathname from nonblank rundata record 50.
visualisation_plan_filename,src/core/sglobal.f90,sglobal,157,CHARACTER(LEN=LENGTH_FILEPATH),,,False,src/core/run_context.f90,run_context,"Selected rundata paths, catchment name and command-line run options.",,1,src/visualisation/visualisation_interface_left.f90,1,src/frame/FRmod.f90,Visualisation-plan pathname from nonblank rundata record 48.
visualisation_check_filename,src/core/sglobal.f90,sglobal,158,CHARACTER(LEN=LENGTH_FILEPATH),,,False,src/core/run_context.f90,run_context,"Selected rundata paths, catchment name and command-line run options.",,1,src/visualisation/visualisation_interface_left.f90,1,src/frame/FRmod.f90,Visualisation-check pathname from nonblank rundata record 49.
UZNOW,src/core/sglobal.f90,sglobal,159,REAL(KIND=R8P),,,False,src/core/simulation_clock.f90,simulation_clock,"Simulation time, timestep number and the coupled ET/VSS step lengths.",,4,src/contaminant/CMmod.f90;src/overland_channel/ZQmod.f90;src/util/mod_error.f90;src/visualisation/visualisation_interface_left.f90,6,src/Shetran.f90;src/driver/rest.f90;src/driver/run_sim.f90;src/frame/FRmod.f90;src/sediment/SYmod.f90;src/subsurface/VSmod.f90,Current simulation time measured from the configured start [h].
cellarea,src/core/sglobal.f90,sglobal,160,REAL(KIND=R8P),DIMENSION(nelee),(nelee),False,src/core/element_geometry.f90,element_geometry,"Element counts, plan dimensions, areas, ground elevation and processing order.",,1,src/contaminant/CMmod.f90,7,src/driver/rest.f90;src/driver/run_sim.f90;src/evapotranspiration/ETmod.f90;src/frame/FRmod.f90;src/overland_channel/OCmod.f90;src/overland_channel/OCmod2.f90;src/subsurface/VSmod.f90,"Plan area of each active element, `DXQQ*DYQQ` [m2]."
DXQQ,src/core/sglobal.f90,sglobal,161,REAL(KIND=R8P),DIMENSION(nelee),(nelee),False,src/core/element_geometry.f90,element_geometry,"Element counts, plan dimensions, areas, ground elevation and processing order.",,2,src/contaminant/CMmod.f90;src/visualisation/visualisation_interface_left.f90,5,src/driver/run_sim.f90;src/frame/FRmod.f90;src/overland_channel/OCQDQMOD.F90;src/overland_channel/OCmod2.f90;src/sediment/SYmod.f90,Corrected x-direction plan dimension of each active element [m].
DYQQ,src/core/sglobal.f90,sglobal,162,REAL(KIND=R8P),DIMENSION(nelee),(nelee),False,src/core/element_geometry.f90,element_geometry,"Element counts, plan dimensions, areas, ground elevation and processing order.",,2,src/contaminant/CMmod.f90;src/visualisation/visualisation_interface_left.f90,5,src/driver/run_sim.f90;src/frame/FRmod.f90;src/overland_channel/OCQDQMOD.F90;src/overland_channel/OCmod2.f90;src/sediment/SYmod.f90,Corrected y-direction plan dimension of each active element [m].
ZGRUND,src/core/sglobal.f90,sglobal,163,REAL(KIND=R8P),DIMENSION(nelee),(nelee),False,src/core/element_geometry.f90,element_geometry,"Element counts, plan dimensions, areas, ground elevation and processing order.",,2,src/contaminant/CMmod.f90;src/visualisation/visualisation_interface_left.f90,10,src/driver/rest.f90;src/driver/run_sim.f90;src/evapotranspiration/ETmod.f90;src/frame/FRmod.f90;src/overland_channel/OCQDQMOD.F90;src/overland_channel/OCmod.f90;src/overland_channel/OCmod2.f90;src/sediment/SYmod.f90;src/snow/SMmod.f90;src/subsurface/VSmod.f90,Ground-surface elevation of each active element [m].
flag_runtime_reduction_errors,src/core/sglobal.f90,sglobal,170,LOGICAL,,,False,src/core/runtime_flags.f90,runtime_flags,Timestep-reduction requests written by error reporting and read by timestep control.,,1,src/util/mod_error.f90,1,src/driver/rest.f90,Latest `ERROR` call requested timestep reduction for error 1024 or 1030.
flag_runtime_reduction_e1060,src/core/sglobal.f90,sglobal,171,LOGICAL,,,False,src/core/runtime_flags.f90,runtime_flags,Timestep-reduction requests written by error reporting and read by timestep control.,,1,src/util/mod_error.f90,1,src/driver/rest.f90,Latest `ERROR` call requested the separate timestep reduction for error 1060.
error_mode,src/core/sglobal.f90,sglobal,176,LOGICAL,,,False,src/core/run_context.f90,run_context,"Selected rundata paths, catchment name and command-line run options.",,2,src/driver/getdirqq.f90;src/util/mod_error.f90,0,,State of command-line option `-error`; suppresses the interactive wait in [[mod_error:ERR_STOP]].
marker999,src/core/sglobal.f90,sglobal,181,REAL(KIND=R8P),PARAMETER,,True,src/core/mod_parameters.f90,mod_parameters,"Numeric kinds, buffer lengths, sentinels, mathematical and physical constants.",,0,,1,src/util/utilsmod.f90,End-of-input time sentinel returned by `FINPUT` and `HINPUT` [h].
imarker,src/core/sglobal.f90,sglobal,182,INTEGER(KIND=I_P),PARAMETER,,True,src/core/mod_parameters.f90,mod_parameters,"Numeric kinds, buffer lengths, sentinels, mathematical and physical constants.",,1,src/util/tolerance_testing.f90,0,,Truncated sentinel used internally by `eqmarker`.
izero,src/core/sglobal.f90,sglobal,183,INTEGER(KIND=I_P),PARAMETER,,True,src/core/mod_parameters.f90,mod_parameters,"Numeric kinds, buffer lengths, sentinels, mathematical and physical constants.",,0,,1,src/frame/FRmod.f90,Integer zero constant.
ione,src/core/sglobal.f90,sglobal,184,INTEGER(KIND=I_P),PARAMETER,,True,src/core/mod_parameters.f90,mod_parameters,"Numeric kinds, buffer lengths, sentinels, mathematical and physical constants.",,0,,0,,Integer one constant.
izero1,src/core/sglobal.f90,sglobal,185,INTEGER(KIND=I_P),"PARAMETER, DIMENSION(1)",(1),True,src/core/mod_parameters.f90,mod_parameters,"Numeric kinds, buffer lengths, sentinels, mathematical and physical constants.",,0,,2,src/overland_channel/OCmod.f90;src/sediment/SYmod.f90,One-element integer-zero vector for checker calls.
ione1,src/core/sglobal.f90,sglobal,186,INTEGER(KIND=I_P),"PARAMETER, DIMENSION(1)",(1),True,src/core/mod_parameters.f90,mod_parameters,"Numeric kinds, buffer lengths, sentinels, mathematical and physical constants.",,0,,2,src/overland_channel/OCmod.f90;src/sediment/SYmod.f90,One-element integer-one vector for checker calls.
zero,src/core/sglobal.f90,sglobal,187,REAL(KIND=R8P),PARAMETER,,True,src/core/mod_parameters.f90,mod_parameters,"Numeric kinds, buffer lengths, sentinels, mathematical and physical constants.",,2,src/contaminant/CMmod.f90;src/util/tolerance_testing.f90,12,src/Shetran.f90;src/driver/rest.f90;src/driver/run_sim.f90;src/evapotranspiration/ETmod.f90;src/frame/FRmod.f90;src/overland_channel/OCQDQMOD.F90;src/overland_channel/OCmod.f90;src/overland_channel/OCmod2.f90;src/sediment/SYmod.f90;src/snow/SMmod.f90;src/subsurface/VSmod.f90;src/util/utilsmod.f90,`R8P` zero constant.
half,src/core/sglobal.f90,sglobal,188,REAL(KIND=R8P),PARAMETER,,True,src/core/mod_parameters.f90,mod_parameters,"Numeric kinds, buffer lengths, sentinels, mathematical and physical constants.",,1,src/contaminant/CMmod.f90,5,src/frame/FRmod.f90;src/overland_channel/OCmod.f90;src/overland_channel/OCmod2.f90;src/sediment/SYmod.f90;src/subsurface/VSmod.f90,`R8P` one-half constant.
one,src/core/sglobal.f90,sglobal,189,REAL(KIND=R8P),PARAMETER,,True,src/core/mod_parameters.f90,mod_parameters,"Numeric kinds, buffer lengths, sentinels, mathematical and physical constants.",,2,src/contaminant/CMmod.f90;src/util/tolerance_testing.f90,9,src/driver/rest.f90;src/evapotranspiration/ETmod.f90;src/frame/FRmod.f90;src/overland_channel/OCmod.f90;src/overland_channel/OCmod2.f90;src/sediment/SYmod.f90;src/snow/SMmod.f90;src/subsurface/VSmod.f90;src/util/utilsmod.f90,`R8P` one constant.
two,src/core/sglobal.f90,sglobal,190,REAL(KIND=R8P),PARAMETER,,True,src/core/mod_parameters.f90,mod_parameters,"Numeric kinds, buffer lengths, sentinels, mathematical and physical constants.",,1,src/contaminant/CMmod.f90,5,src/frame/FRmod.f90;src/sediment/SYmod.f90;src/snow/SMmod.f90;src/subsurface/VSmod.f90;src/util/mod_load_filedata.f90,`R8P` two constant.
three,src/core/sglobal.f90,sglobal,191,REAL(KIND=R8P),PARAMETER,,True,src/core/mod_parameters.f90,mod_parameters,"Numeric kinds, buffer lengths, sentinels, mathematical and physical constants.",,0,,2,src/snow/SMmod.f90;src/subsurface/VSmod.f90,`R8P` three constant.
five,src/core/sglobal.f90,sglobal,192,REAL(KIND=R8P),PARAMETER,,True,src/core/mod_parameters.f90,mod_parameters,"Numeric kinds, buffer lengths, sentinels, mathematical and physical constants.",,0,,1,src/snow/SMmod.f90,`R8P` five constant.
vsmall,src/core/sglobal.f90,sglobal,193,REAL(KIND=R8P),PARAMETER,,True,src/core/mod_parameters.f90,mod_parameters,"Numeric kinds, buffer lengths, sentinels, mathematical and physical constants.",,1,src/util/tolerance_testing.f90,0,,Strict absolute tolerance used by zero/one comparison helpers.
zero1,src/core/sglobal.f90,sglobal,194,REAL(KIND=R8P),"PARAMETER, DIMENSION(1)",(1),True,src/core/mod_parameters.f90,mod_parameters,"Numeric kinds, buffer lengths, sentinels, mathematical and physical constants.",,0,,4,src/evapotranspiration/ETmod.f90;src/frame/FRmod.f90;src/overland_channel/OCmod.f90;src/sediment/SYmod.f90,One-element `R8P` zero vector for checker calls.
one1,src/core/sglobal.f90,sglobal,195,REAL(KIND=R8P),"PARAMETER, DIMENSION(1)",(1),True,src/core/mod_parameters.f90,mod_parameters,"Numeric kinds, buffer lengths, sentinels, mathematical and physical constants.",,0,,1,src/sediment/SYmod.f90,One-element `R8P` one vector for checker calls.
EARRAY,src/core/sglobal.f90,sglobal,200,REAL(KIND=R8P),,(1),False,src/core/legacy_retained.f90,legacy_retained,Retained state documented as having no current producer or consumer.,,1,src/util/mod_error.f90,0,,Numeric context read for errors 1003/1024; no current producer initializes it.
text32,src/core/sglobal.f90,sglobal,201,CHARACTER(32),,,False,src/core/legacy_retained.f90,legacy_retained,Retained state documented as having no current producer or consumer.,,0,,0,,Inactive retained shared text workspace; no current consumer.
SFB,src/core/state/AL_C.F90,AL_C,72,INTEGER,PARAMETER,,True,src/core/file_units.f90,file_units,Central table of every Fortran unit number; keeps uniqueness checkable in one place.,,1,src/driver/run_sim.f90,0,,Placeholder for the unimplemented sediment flow-boundary stream.
SRB,src/core/state/AL_C.F90,AL_C,73,INTEGER,PARAMETER,,True,src/core/file_units.f90,file_units,Central table of every Fortran unit number; keeps uniqueness checkable in one place.,,1,src/driver/run_sim.f90,0,,Placeholder for the unimplemented sediment rating/boundary stream.
VSD,src/core/state/AL_C.F90,AL_C,74,INTEGER,PARAMETER,,True,src/core/file_units.f90,file_units,Central table of every Fortran unit number; keeps uniqueness checkable in one place.,,2,src/frame/FRmod.f90;src/subsurface/VSmod.f90,0,,Variably saturated subsurface data input unit.
SYD,src/core/state/AL_C.F90,AL_C,75,INTEGER,PARAMETER,,True,src/core/file_units.f90,file_units,Central table of every Fortran unit number; keeps uniqueness checkable in one place.,,3,src/driver/run_sim.f90;src/frame/FRmod.f90;src/visualisation/visualisation_interface_left.f90,0,,Sediment data input unit.
CMD,src/core/state/AL_C.F90,AL_C,76,INTEGER,PARAMETER,,True,src/core/file_units.f90,file_units,Central table of every Fortran unit number; keeps uniqueness checkable in one place.,,2,src/frame/FRmod.f90;src/visualisation/visualisation_interface_left.f90,1,src/contaminant/CMmod.f90,Contaminant data input unit.
SPR,src/core/state/AL_C.F90,AL_C,77,INTEGER,PARAMETER,,True,src/core/file_units.f90,file_units,Central table of every Fortran unit number; keeps uniqueness checkable in one place.,,2,src/driver/run_sim.f90;src/frame/FRmod.f90,0,,Formatted sediment diagnostic/output unit.
CMP,src/core/state/AL_C.F90,AL_C,78,INTEGER,PARAMETER,,True,src/core/file_units.f90,file_units,Central table of every Fortran unit number; keeps uniqueness checkable in one place.,,2,src/driver/run_sim.f90;src/frame/FRmod.f90,0,,Formatted contaminant diagnostic/output unit (called `CPR` in the manual).
BUG,src/core/state/AL_C.F90,AL_C,79,INTEGER,PARAMETER,,True,src/core/file_units.f90,file_units,Central table of every Fortran unit number; keeps uniqueness checkable in one place.,,1,src/frame/FRmod.f90,0,,Developer debug-output unit.
VSI,src/core/state/AL_C.F90,AL_C,80,INTEGER,PARAMETER,,True,src/core/file_units.f90,file_units,Central table of every Fortran unit number; keeps uniqueness checkable in one place.,,2,src/frame/FRmod.f90;src/subsurface/VSmod.f90,0,,VSS initial-condition input unit.
WLD,src/core/state/AL_C.F90,AL_C,81,INTEGER,PARAMETER,,True,src/core/file_units.f90,file_units,Central table of every Fortran unit number; keeps uniqueness checkable in one place.,,2,src/frame/FRmod.f90;src/subsurface/VSmod.f90,0,,Time-varying well-abstraction input unit.
LFB,src/core/state/AL_C.F90,AL_C,82,INTEGER,PARAMETER,,True,src/core/file_units.f90,file_units,Central table of every Fortran unit number; keeps uniqueness checkable in one place.,,2,src/frame/FRmod.f90;src/subsurface/VSmod.f90,0,,Time-varying lateral subsurface-flow boundary unit.
LHB,src/core/state/AL_C.F90,AL_C,83,INTEGER,PARAMETER,,True,src/core/file_units.f90,file_units,Central table of every Fortran unit number; keeps uniqueness checkable in one place.,,2,src/frame/FRmod.f90;src/subsurface/VSmod.f90,0,,Time-varying lateral subsurface-head boundary unit.
LGB,src/core/state/AL_C.F90,AL_C,84,INTEGER,PARAMETER,,True,src/core/file_units.f90,file_units,Central table of every Fortran unit number; keeps uniqueness checkable in one place.,,2,src/frame/FRmod.f90;src/subsurface/VSmod.f90,0,,Time-varying lateral head-gradient boundary unit.
BFB,src/core/state/AL_C.F90,AL_C,85,INTEGER,PARAMETER,,True,src/core/file_units.f90,file_units,Central table of every Fortran unit number; keeps uniqueness checkable in one place.,,2,src/frame/FRmod.f90;src/subsurface/VSmod.f90,0,,Time-varying aquifer-base flow boundary unit.
BHB,src/core/state/AL_C.F90,AL_C,86,INTEGER,PARAMETER,,True,src/core/file_units.f90,file_units,Central table of every Fortran unit number; keeps uniqueness checkable in one place.,,2,src/frame/FRmod.f90;src/subsurface/VSmod.f90,0,,Time-varying aquifer-base head boundary unit.
CMT,src/core/state/AL_C.F90,AL_C,87,INTEGER,PARAMETER,,True,src/core/file_units.f90,file_units,Central table of every Fortran unit number; keeps uniqueness checkable in one place.,,1,src/frame/FRmod.f90,0,,First contaminant-migration boundary input unit.
CMB,src/core/state/AL_C.F90,AL_C,88,INTEGER,PARAMETER,,True,src/core/file_units.f90,file_units,Central table of every Fortran unit number; keeps uniqueness checkable in one place.,,1,src/frame/FRmod.f90,0,,Second contaminant-migration boundary input unit.
MND,src/core/state/AL_C.F90,AL_C,89,INTEGER,PARAMETER,,True,src/core/file_units.f90,file_units,Central table of every Fortran unit number; keeps uniqueness checkable in one place.,,1,src/frame/FRmod.f90,1,src/contaminant/CMmod.f90,Nitrogen and carbon data input unit.
MNFC,src/core/state/AL_C.F90,AL_C,90,INTEGER,PARAMETER,,True,src/core/file_units.f90,file_units,Central table of every Fortran unit number; keeps uniqueness checkable in one place.,,1,src/frame/FRmod.f90,1,src/contaminant/CMmod.f90,External carbon-input unit.
MNFN,src/core/state/AL_C.F90,AL_C,91,INTEGER,PARAMETER,,True,src/core/file_units.f90,file_units,Central table of every Fortran unit number; keeps uniqueness checkable in one place.,,1,src/frame/FRmod.f90,1,src/contaminant/CMmod.f90,External nitrogen-input unit.
MNPL,src/core/state/AL_C.F90,AL_C,92,INTEGER,PARAMETER,,True,src/core/file_units.f90,file_units,Central table of every Fortran unit number; keeps uniqueness checkable in one place.,,1,src/frame/FRmod.f90,1,src/contaminant/CMmod.f90,Nitrate plant-uptake input unit.
MNPR,src/core/state/AL_C.F90,AL_C,93,INTEGER,PARAMETER,,True,src/core/file_units.f90,file_units,Central table of every Fortran unit number; keeps uniqueness checkable in one place.,,1,src/frame/FRmod.f90,1,src/contaminant/CMmod.f90,Formatted nitrate diagnostic/output unit.
MNOUT1,src/core/state/AL_C.F90,AL_C,94,INTEGER,PARAMETER,,True,src/core/file_units.f90,file_units,Central table of every Fortran unit number; keeps uniqueness checkable in one place.,,1,src/frame/FRmod.f90,1,src/contaminant/CMmod.f90,Nitrate carbon extra-output unit.
MNOUT2,src/core/state/AL_C.F90,AL_C,95,INTEGER,PARAMETER,,True,src/core/file_units.f90,file_units,Central table of every Fortran unit number; keeps uniqueness checkable in one place.,,1,src/frame/FRmod.f90,1,src/contaminant/CMmod.f90,Nitrate nitrogen extra-output unit.
MNOUTPL,src/core/state/AL_C.F90,AL_C,96,INTEGER,PARAMETER,,True,src/core/file_units.f90,file_units,Central table of every Fortran unit number; keeps uniqueness checkable in one place.,,1,src/frame/FRmod.f90,1,src/contaminant/CMmod.f90,Nitrate plant-output unit.
TIH,src/core/state/AL_C.F90,AL_C,98,DOUBLEPRECISION,,,False,src/core/simulation_clock.f90,simulation_clock,"Simulation time, timestep number and the coupled ET/VSS step lengths.",,5,src/driver/rest.f90;src/driver/run_sim.f90;src/frame/FRmod.f90;src/overland_channel/OCmod.f90;src/subsurface/VSmod.f90,1,src/contaminant/CMmod.f90,Simulation start as an absolute hour count returned by `HOUR_FROM_DATE` (h).
NBFACE,src/core/state/AL_C.F90,AL_C,101,INTEGER,DIMENSION(NELEE),(NELEE),False,src/core/element_geometry.f90,element_geometry,"Element counts, plan dimensions, areas, ground elevation and processing order.",,4,src/driver/run_sim.f90;src/frame/FRmod.f90;src/overland_channel/OCmod.f90;src/subsurface/VSmod.f90,0,,External boundary-face number by boundary element; zero otherwise.
NLYR,src/core/state/AL_C.F90,AL_C,102,INTEGER,DIMENSION(NELEE),(NELEE),False,src/subsurface/vs_state.f90,vs_state,"Pressure head, water content and the subsurface flux fields.",,4,src/driver/run_sim.f90;src/frame/FRmod.f90;src/subsurface/VSmod.f90;src/visualisation/visualisation_interface_left.f90,1,src/contaminant/CMmod.f90,Number of defined soil/lithology layers by element.
NVC,src/core/state/AL_C.F90,AL_C,103,INTEGER,DIMENSION(NELEE),(NELEE),False,src/evapotranspiration/et_state.f90,et_state,"Canopy, vegetation and evaporation state shared with other components.",,6,src/driver/run_sim.f90;src/evapotranspiration/ETmod.f90;src/frame/FRmod.f90;src/snow/SMmod.f90;src/subsurface/VSmod.f90;src/visualisation/visualisation_interface_left.f90,1,src/contaminant/CMmod.f90,Vegetation-category number by element.
NWELBT,src/core/state/AL_C.F90,AL_C,104,INTEGER,DIMENSION(NELEE),(NELEE),False,src/subsurface/vs_state.f90,vs_state,"Pressure head, water content and the subsurface flux fields.",,2,src/frame/FRmod.f90;src/subsurface/VSmod.f90,1,src/contaminant/CMmod.f90,Bottom VSS cell of the well screen by well element.
NWELTP,src/core/state/AL_C.F90,AL_C,105,INTEGER,DIMENSION(NELEE),(NELEE),False,src/subsurface/vs_state.f90,vs_state,"Pressure head, water content and the subsurface flux fields.",,2,src/frame/FRmod.f90;src/subsurface/VSmod.f90,1,src/contaminant/CMmod.f90,Top VSS cell of the well screen by well element.
NVSWLT,src/core/state/AL_C.F90,AL_C,106,INTEGER,DIMENSION(NELEE),(NELEE),False,src/subsurface/vs_state.f90,vs_state,"Pressure head, water content and the subsurface flux fields.",,4,src/driver/run_sim.f90;src/evapotranspiration/ETmod.f90;src/frame/FRmod.f90;src/subsurface/VSmod.f90,1,src/contaminant/CMmod.f90,Irrigating well element keyed by its target element; zero means no target mapping.
NVSSPC,src/core/state/AL_C.F90,AL_C,107,INTEGER,DIMENSION(NELEE),(NELEE),False,src/subsurface/vs_state.f90,vs_state,"Pressure head, water content and the subsurface flux fields.",,2,src/frame/FRmod.f90;src/subsurface/VSmod.f90,0,,VSS cell containing a spring source by source element.
NVSSPT,src/core/state/AL_C.F90,AL_C,108,INTEGER,DIMENSION(NELEE),(NELEE),False,src/subsurface/vs_state.f90,vs_state,"Pressure head, water content and the subsurface flux fields.",,2,src/frame/FRmod.f90;src/subsurface/VSmod.f90,0,,Spring source element keyed by its target element; zero means no target mapping.
NVSWLI,src/core/state/AL_C.F90,AL_C,109,INTEGER,DIMENSION(NELEE),(NELEE),False,src/subsurface/vs_state.f90,vs_state,"Pressure head, water content and the subsurface flux fields.",,2,src/frame/FRmod.f90;src/subsurface/VSmod.f90,1,src/contaminant/CMmod.f90,Well-record number keyed by the element containing the well; zero means no well.
DHF,src/core/state/AL_C.F90,AL_C,110,DOUBLEPRECISION,"DIMENSION(NELEE, 4)","(NELEE, 4)",False,src/core/element_geometry.f90,element_geometry,"Element counts, plan dimensions, areas, ground elevation and processing order.",,5,src/driver/run_sim.f90;src/frame/FRmod.f90;src/overland_channel/OCQDQMOD.F90;src/overland_channel/OCmod.f90;src/subsurface/VSmod.f90,0,,Distance from an element node/centroid to each face (m).
ISPACK,src/core/state/AL_C.F90,AL_C,111,LOGICAL,DIMENSION(NELEE),(NELEE),False,src/snow/snow_state.f90,snow_state,"Snowpack depth, temperature, density and meltwater-slug state.",,1,src/snow/SMmod.f90,0,,Whether a snowpack is present on each element.
JVSACN,src/core/state/AL_C.F90,AL_C,113,INTEGER,"DIMENSION(:, :, :), ALLOCATABLE","(:, :, :)",False,src/subsurface/vs_state.f90,vs_state,"Pressure head, water content and the subsurface flux fields.",,2,src/frame/FRmod.f90;src/subsurface/VSmod.f90,0,,"Adjacent VSS cell number by face, cell, and element; zero means no connection."
JVSDEL,src/core/state/AL_C.F90,AL_C,114,INTEGER,"DIMENSION(:, :, :), ALLOCATABLE","(:, :, :)",False,src/subsurface/vs_state.f90,vs_state,"Pressure head, water content and the subsurface flux fields.",,2,src/frame/FRmod.f90;src/subsurface/VSmod.f90,0,,"Signed split-cell connectivity code by face, cell, and element."
DELTAZ,src/core/state/AL_C.F90,AL_C,115,DOUBLEPRECISION,"DIMENSION(:, :), ALLOCATABLE","(:, :)",False,src/subsurface/vs_state.f90,vs_state,"Pressure head, water content and the subsurface flux fields.",,5,src/driver/rest.f90;src/evapotranspiration/ETmod.f90;src/frame/FRmod.f90;src/subsurface/VSmod.f90;src/visualisation/visualisation_interface_left.f90,1,src/contaminant/CMmod.f90,VSS cell thickness by cell and element (m).
ZVSNOD,src/core/state/AL_C.F90,AL_C,116,DOUBLEPRECISION,"DIMENSION(:, :), ALLOCATABLE","(:, :)",False,src/subsurface/vs_state.f90,vs_state,"Pressure head, water content and the subsurface flux fields.",,2,src/frame/FRmod.f90;src/subsurface/VSmod.f90,1,src/contaminant/CMmod.f90,VSS node elevation by cell and element (m).
ICMBK,src/core/state/AL_C.F90,AL_C,119,INTEGER,"DIMENSION(NLFEE, 2)","(NLFEE, 2)",False,src/overland_channel/channel_geometry.f90,channel_geometry,"Channel link length, width, bed elevation and bank-element mapping.",,5,src/driver/run_sim.f90;src/frame/FRmod.f90;src/overland_channel/OCmod.f90;src/subsurface/VSmod.f90;src/util/utilsmod.f90,1,src/contaminant/CMmod.f90,Explicit bank-element number by link and bank side.
NHBED,src/core/state/AL_C.F90,AL_C,120,INTEGER,"DIMENSION(NLFEE, 2)","(NLFEE, 2)",False,src/overland_channel/channel_geometry.f90,channel_geometry,"Channel link length, width, bed elevation and bank-element mapping.",,3,src/evapotranspiration/ETmod.f90;src/frame/FRmod.f90;src/subsurface/VSmod.f90,1,src/contaminant/CMmod.f90,Highest VSS cell below the channel bed by link and bank side.
ICMRF2,src/core/state/AL_C.F90,AL_C,121,INTEGER,"DIMENSION(NLFEE, 6)","(NLFEE, 6)",False,src/core/grid_topology.f90,grid_topology,"Active grid extent, element/coordinate lookup and face connectivity.",,4,src/driver/run_sim.f90;src/frame/FRmod.f90;src/overland_channel/OCQDQMOD.F90;src/overland_channel/OCmod.f90,1,src/contaminant/CMmod.f90,Multi-link branch map: adjacent elements in columns 1:3 and their faces in 4:6.
CLENTH,src/core/state/AL_C.F90,AL_C,122,DOUBLEPRECISION,DIMENSION(NLFEE),(NLFEE),False,src/overland_channel/channel_geometry.f90,channel_geometry,"Channel link length, width, bed elevation and bank-element mapping.",,4,src/driver/run_sim.f90;src/frame/FRmod.f90;src/overland_channel/OCQDQMOD.F90;src/overland_channel/OCmod.f90,1,src/contaminant/CMmod.f90,Channel-link length (m).
CWIDTH,src/core/state/AL_C.F90,AL_C,123,DOUBLEPRECISION,DIMENSION(NLFEE),(NLFEE),False,src/overland_channel/channel_geometry.f90,channel_geometry,"Channel link length, width, bed elevation and bank-element mapping.",,7,src/driver/rest.f90;src/driver/run_sim.f90;src/evapotranspiration/ETmod.f90;src/frame/FRmod.f90;src/overland_channel/OCQDQMOD.F90;src/overland_channel/OCmod.f90;src/visualisation/visualisation_interface_left.f90,1,src/contaminant/CMmod.f90,Channel-link width (m).
ZBEFF,src/core/state/AL_C.F90,AL_C,124,DOUBLEPRECISION,DIMENSION(NLFEE),(NLFEE),False,src/overland_channel/channel_geometry.f90,channel_geometry,"Channel link length, width, bed elevation and bank-element mapping.",,3,src/frame/FRmod.f90;src/overland_channel/OCmod.f90;src/subsurface/VSmod.f90,0,,Effective channel-bed elevation (m).
ZBFULL,src/core/state/AL_C.F90,AL_C,125,DOUBLEPRECISION,DIMENSION(NLFEE),(NLFEE),False,src/overland_channel/channel_geometry.f90,channel_geometry,"Channel link length, width, bed elevation and bank-element mapping.",,4,src/driver/run_sim.f90;src/frame/FRmod.f90;src/overland_channel/OCQDQMOD.F90;src/overland_channel/OCmod.f90,0,,Bankfull channel elevation (m).
FHBED,src/core/state/AL_C.F90,AL_C,126,DOUBLEPRECISION,"DIMENSION(NLFEE, 2)","(NLFEE, 2)",False,src/overland_channel/channel_geometry.f90,channel_geometry,"Channel link length, width, bed elevation and bank-element mapping.",,3,src/evapotranspiration/ETmod.f90;src/frame/FRmod.f90;src/subsurface/VSmod.f90,1,src/contaminant/CMmod.f90,Fractional vertical-cell overlap at the channel bed by link and bank side.
BEXBK,src/core/state/AL_C.F90,AL_C,127,LOGICAL,,,False,src/overland_channel/channel_geometry.f90,channel_geometry,"Channel link length, width, bed elevation and bank-element mapping.",,4,src/driver/run_sim.f90;src/frame/FRmod.f90;src/overland_channel/OCmod.f90;src/subsurface/VSmod.f90,1,src/contaminant/CMmod.f90,Whether explicit bank elements are enabled.
LINKNS,src/core/state/AL_C.F90,AL_C,128,LOGICAL,DIMENSION(NLFEE),(NLFEE),False,src/overland_channel/channel_geometry.f90,channel_geometry,"Channel link length, width, bed elevation and bank-element mapping.",,4,src/driver/run_sim.f90;src/frame/FRmod.f90;src/overland_channel/OCmod.f90;src/subsurface/VSmod.f90,1,src/contaminant/CMmod.f90,Whether each channel link is aligned north-south.
NV,src/core/state/AL_C.F90,AL_C,131,INTEGER,,,False,src/evapotranspiration/et_state.f90,et_state,"Canopy, vegetation and evaporation state shared with other components.",,4,src/driver/rest.f90;src/driver/run_sim.f90;src/evapotranspiration/ETmod.f90;src/frame/FRmod.f90,1,src/contaminant/CMmod.f90,Number of active vegetation types.
NRD,src/core/state/AL_C.F90,AL_C,132,INTEGER,DIMENSION(NVEE),(NVEE),False,src/evapotranspiration/et_state.f90,et_state,"Canopy, vegetation and evaporation state shared with other components.",,4,src/evapotranspiration/ETmod.f90;src/frame/FRmod.f90;src/snow/SMmod.f90;src/subsurface/VSmod.f90,1,src/contaminant/CMmod.f90,Number of VSS nodes in the root zone by vegetation type.
RDL,src/core/state/AL_C.F90,AL_C,133,DOUBLEPRECISION,DIMENSION(NVEE),(NVEE),False,src/evapotranspiration/et_state.f90,et_state,"Canopy, vegetation and evaporation state shared with other components.",,1,src/frame/FRmod.f90,0,,Legacy bank-root fraction read from ET8; current validation requires zero.
RDF,src/core/state/AL_C.F90,AL_C,134,DOUBLEPRECISION,"DIMENSION(:, :), ALLOCATABLE","(:, :)",False,src/evapotranspiration/et_state.f90,et_state,"Canopy, vegetation and evaporation state shared with other components.",,2,src/evapotranspiration/ETmod.f90;src/frame/FRmod.f90,1,src/contaminant/CMmod.f90,Root-density fraction by vegetation type and VSS node.
NS,src/core/state/AL_C.F90,AL_C,136,INTEGER,,,False,src/subsurface/vs_state.f90,vs_state,"Pressure head, water content and the subsurface flux fields.",,3,src/driver/run_sim.f90;src/frame/FRmod.f90;src/subsurface/VSmod.f90,1,src/contaminant/CMmod.f90,Number of active soil types.
THSAT,src/core/state/AL_C.F90,AL_C,137,DOUBLEPRECISION,DIMENSION(NSEE),(NSEE),False,src/subsurface/vs_state.f90,vs_state,"Pressure head, water content and the subsurface flux fields.",,0,,0,,"Saturated moisture content used by sediment coupling, by soil type (m3/m3)."
VSPOR,src/core/state/AL_C.F90,AL_C,138,DOUBLEPRECISION,DIMENSION(NSEE),(NSEE),False,src/subsurface/vs_state.f90,vs_state,"Pressure head, water content and the subsurface flux fields.",,3,src/driver/run_sim.f90;src/frame/FRmod.f90;src/subsurface/VSmod.f90,1,src/contaminant/CMmod.f90,VSS porosity/saturated volumetric water content by soil type (m3/m3).
NLYRBT,src/core/state/AL_C.F90,AL_C,139,INTEGER,"DIMENSION(:, :), ALLOCATABLE","(:, :)",False,src/subsurface/vs_state.f90,vs_state,"Pressure head, water content and the subsurface flux fields.",,5,src/driver/rest.f90;src/evapotranspiration/ETmod.f90;src/frame/FRmod.f90;src/subsurface/VSmod.f90;src/visualisation/visualisation_interface_left.f90,1,src/contaminant/CMmod.f90,Bottom VSS cell number by element and soil layer.
NTSOIL,src/core/state/AL_C.F90,AL_C,140,INTEGER,"DIMENSION(:, :), ALLOCATABLE","(:, :)",False,src/subsurface/vs_state.f90,vs_state,"Pressure head, water content and the subsurface flux fields.",,4,src/driver/run_sim.f90;src/frame/FRmod.f90;src/subsurface/VSmod.f90;src/visualisation/visualisation_interface_left.f90,1,src/contaminant/CMmod.f90,Soil-type number by element and soil layer.
ZLYRBT,src/core/state/AL_C.F90,AL_C,141,DOUBLEPRECISION,"DIMENSION(:, :), ALLOCATABLE","(:, :)",False,src/subsurface/vs_state.f90,vs_state,"Pressure head, water content and the subsurface flux fields.",,2,src/frame/FRmod.f90;src/subsurface/VSmod.f90,0,,Bottom elevation by element and soil layer (m).
IDUM,src/core/state/AL_C.F90,AL_C,144,INTEGER,DIMENSION(NXEE*NYEE),(NXEE*NYEE),False,src/io/input_workspace.f90,input_workspace,Shared integer and real scratch buffers used while reading spatial input.,,4,src/driver/run_sim.f90;src/frame/FRmod.f90;src/overland_channel/OCmod.f90;src/subsurface/VSmod.f90,1,src/contaminant/CMmod.f90,Integer workspace for spatial/category input.
ISORT,src/core/state/AL_C.F90,AL_C,145,INTEGER,DIMENSION(NELEE),(NELEE),False,src/core/element_geometry.f90,element_geometry,"Element counts, plan dimensions, areas, ground elevation and processing order.",,3,src/driver/run_sim.f90;src/frame/FRmod.f90;src/subsurface/VSmod.f90,1,src/contaminant/CMmod.f90,"Element processing order, normally sorted from highest water level downward."
NHSAT,src/core/state/AL_C.F90,AL_C,146,INTEGER,DIMENSION(NELEE),(NELEE),False,src/core/legacy_retained.f90,legacy_retained,Retained state documented as having no current producer or consumer.,,0,,0,,Unused legacy saturation-state array with no current producer or consumer.
DRAINA,src/core/state/AL_C.F90,AL_C,147,DOUBLEPRECISION,DIMENSION(NELEE),(NELEE),False,src/evapotranspiration/et_state.f90,et_state,"Canopy, vegetation and evaporation state shared with other components.",,4,src/driver/run_sim.f90;src/evapotranspiration/ETmod.f90;src/frame/FRmod.f90;src/visualisation/visualisation_interface_left.f90,0,,Canopy drainage reaching the surface by element (m/s).
DUMMY,src/core/state/AL_C.F90,AL_C,148,DOUBLEPRECISION,DIMENSION(NELEE),(NELEE),False,src/io/input_workspace.f90,input_workspace,Shared integer and real scratch buffers used while reading spatial input.,,4,src/driver/run_sim.f90;src/frame/FRmod.f90;src/overland_channel/OCmod.f90;src/subsurface/VSmod.f90,1,src/contaminant/CMmod.f90,Floating-point workspace for spatial input and validation.
ESOILA,src/core/state/AL_C.F90,AL_C,149,DOUBLEPRECISION,DIMENSION(NELEE),(NELEE),False,src/evapotranspiration/et_state.f90,et_state,"Canopy, vegetation and evaporation state shared with other components.",,5,src/driver/run_sim.f90;src/evapotranspiration/ETmod.f90;src/frame/FRmod.f90;src/subsurface/VSmod.f90;src/visualisation/visualisation_interface_left.f90,0,,Soil-surface evaporation rate by element (m/s).
EEVAP,src/core/state/AL_C.F90,AL_C,150,DOUBLEPRECISION,DIMENSION(NELEE),(NELEE),False,src/evapotranspiration/et_state.f90,et_state,"Canopy, vegetation and evaporation state shared with other components.",,5,src/driver/rest.f90;src/driver/run_sim.f90;src/evapotranspiration/ETmod.f90;src/frame/FRmod.f90;src/subsurface/VSmod.f90,1,src/contaminant/CMmod.f90,Soil plus surface-water evaporation rate by element (m/s).
PNETTO,src/core/state/AL_C.F90,AL_C,151,DOUBLEPRECISION,DIMENSION(NELEE),(NELEE),False,src/evapotranspiration/et_state.f90,et_state,"Canopy, vegetation and evaporation state shared with other components.",,7,src/driver/rest.f90;src/driver/run_sim.f90;src/evapotranspiration/ETmod.f90;src/frame/FRmod.f90;src/overland_channel/OCmod.f90;src/subsurface/VSmod.f90;src/visualisation/visualisation_interface_left.f90,1,src/contaminant/CMmod.f90,"Net surface-water input, including mapped well irrigation (m/s)."
QH,src/core/state/AL_C.F90,AL_C,152,DOUBLEPRECISION,DIMENSION(NELEE),(NELEE),False,src/subsurface/vs_state.f90,vs_state,"Pressure head, water content and the subsurface flux fields.",,4,src/driver/run_sim.f90;src/frame/FRmod.f90;src/overland_channel/OCmod.f90;src/subsurface/VSmod.f90,0,,VSS flux through the top of each column (m/s).
WBERR,src/core/state/AL_C.F90,AL_C,153,DOUBLEPRECISION,DIMENSION(NELEE),(NELEE),False,src/subsurface/vs_state.f90,vs_state,"Pressure head, water content and the subsurface flux fields.",,3,src/driver/rest.f90;src/frame/FRmod.f90;src/visualisation/visualisation_interface_left.f90,0,,Cumulative element water-balance residual expressed as depth (m).
ZVSPSL,src/core/state/AL_C.F90,AL_C,154,DOUBLEPRECISION,DIMENSION(NELEE),(NELEE),False,src/subsurface/vs_state.f90,vs_state,"Pressure head, water content and the subsurface flux fields.",,3,src/frame/FRmod.f90;src/subsurface/VSmod.f90;src/visualisation/visualisation_interface_left.f90,0,,Phreatic-surface elevation by element (m).
QVSBF,src/core/state/AL_C.F90,AL_C,155,DOUBLEPRECISION,DIMENSION(NELEE),(NELEE),False,src/subsurface/vs_state.f90,vs_state,"Pressure head, water content and the subsurface flux fields.",,2,src/driver/rest.f90;src/subsurface/VSmod.f90,0,,VSS flux through the base of each active column (m/s).
QVSSPR,src/core/state/AL_C.F90,AL_C,156,DOUBLEPRECISION,DIMENSION(NELEE),(NELEE),False,src/subsurface/vs_state.f90,vs_state,"Pressure head, water content and the subsurface flux fields.",,2,src/frame/FRmod.f90;src/subsurface/VSmod.f90,0,,Spring discharge by source element (m3/s).
QVSWEL,src/core/state/AL_C.F90,AL_C,157,DOUBLEPRECISION,DIMENSION(NELEE),(NELEE),False,src/subsurface/vs_state.f90,vs_state,"Pressure head, water content and the subsurface flux fields.",,5,src/driver/rest.f90;src/driver/run_sim.f90;src/evapotranspiration/ETmod.f90;src/frame/FRmod.f90;src/subsurface/VSmod.f90,1,src/contaminant/CMmod.f90,Actual total well abstraction/recharge as an element-area flux (m/s).
QOC,src/core/state/AL_C.F90,AL_C,158,DOUBLEPRECISION,"DIMENSION(NELEE, 4)","(NELEE, 4)",False,src/overland_channel/oc_state.f90,oc_state,"Water levels, face discharges, roughness and flow derivatives.",,5,src/driver/rest.f90;src/driver/run_sim.f90;src/frame/FRmod.f90;src/overland_channel/OCmod.f90;src/visualisation/visualisation_interface_left.f90,1,src/contaminant/CMmod.f90,Signed overland/channel discharge through each element face (m3/s).
QVSV,src/core/state/AL_C.F90,AL_C,160,DOUBLEPRECISION,"DIMENSION(:, :), ALLOCATABLE","(:, :)",False,src/subsurface/vs_state.f90,vs_state,"Pressure head, water content and the subsurface flux fields.",,4,src/driver/run_sim.f90;src/frame/FRmod.f90;src/subsurface/VSmod.f90;src/visualisation/visualisation_interface_left.f90,1,src/contaminant/CMmod.f90,Signed vertical VSS flux by cell interface and element (m/s).
VSPSI,src/core/state/AL_C.F90,AL_C,161,DOUBLEPRECISION,"DIMENSION(:, :), ALLOCATABLE","(:, :)",False,src/subsurface/vs_state.f90,vs_state,"Pressure head, water content and the subsurface flux fields.",,5,src/driver/run_sim.f90;src/evapotranspiration/ETmod.f90;src/frame/FRmod.f90;src/subsurface/VSmod.f90;src/visualisation/visualisation_interface_left.f90,1,src/contaminant/CMmod.f90,VSS pressure head by cell and element (m).
VSTHE,src/core/state/AL_C.F90,AL_C,162,DOUBLEPRECISION,"DIMENSION(:, :), ALLOCATABLE","(:, :)",False,src/subsurface/vs_state.f90,vs_state,"Pressure head, water content and the subsurface flux fields.",,5,src/driver/rest.f90;src/driver/run_sim.f90;src/frame/FRmod.f90;src/subsurface/VSmod.f90;src/visualisation/visualisation_interface_left.f90,1,src/contaminant/CMmod.f90,Volumetric water content by cell and element (m3/m3).
QVSWLI,src/core/state/AL_C.F90,AL_C,163,DOUBLEPRECISION,"DIMENSION(:, :), ALLOCATABLE","(:, :)",False,src/subsurface/vs_state.f90,vs_state,"Pressure head, water content and the subsurface flux fields.",,3,src/driver/run_sim.f90;src/frame/FRmod.f90;src/subsurface/VSmod.f90,1,src/contaminant/CMmod.f90,Actual well flux by VSS cell and well record (m/s).
ERUZ,src/core/state/AL_C.F90,AL_C,164,DOUBLEPRECISION,"DIMENSION(:, :), ALLOCATABLE","(:, :)",False,src/evapotranspiration/et_state.f90,et_state,"Canopy, vegetation and evaporation state shared with other components.",,4,src/driver/rest.f90;src/driver/run_sim.f90;src/evapotranspiration/ETmod.f90;src/subsurface/VSmod.f90,1,src/contaminant/CMmod.f90,Root-water extraction rate by element and VSS cell (m/s).
QVSH,src/core/state/AL_C.F90,AL_C,165,DOUBLEPRECISION,"DIMENSION(:, :, :), ALLOCATABLE","(:, :, :)",False,src/subsurface/vs_state.f90,vs_state,"Pressure head, water content and the subsurface flux fields.",,4,src/driver/rest.f90;src/driver/run_sim.f90;src/frame/FRmod.f90;src/subsurface/VSmod.f90,1,src/contaminant/CMmod.f90,"Signed lateral VSS discharge by face, cell, and element (m3/s)."
ARXL,src/core/state/AL_C.F90,AL_C,167,DOUBLEPRECISION,DIMENSION(NLFEE),(NLFEE),False,src/overland_channel/oc_state.f90,oc_state,"Water levels, face discharges, roughness and flow derivatives.",,4,src/driver/rest.f90;src/driver/run_sim.f90;src/frame/FRmod.f90;src/overland_channel/OCmod.f90,1,src/contaminant/CMmod.f90,Current channel-flow cross-sectional area by link (m2).
QBKB,src/core/state/AL_C.F90,AL_C,168,DOUBLEPRECISION,"DIMENSION(NLFEE, 2)","(NLFEE, 2)",False,src/subsurface/vs_state.f90,vs_state,"Pressure head, water content and the subsurface flux fields.",,4,src/driver/run_sim.f90;src/frame/FRmod.f90;src/overland_channel/OCmod.f90;src/subsurface/VSmod.f90,1,src/contaminant/CMmod.f90,Saturated channel-bed exchange for wet channel area (m3/s).
QBKF,src/core/state/AL_C.F90,AL_C,169,DOUBLEPRECISION,"DIMENSION(NLFEE, 2)","(NLFEE, 2)",False,src/subsurface/vs_state.f90,vs_state,"Pressure head, water content and the subsurface flux fields.",,5,src/driver/rest.f90;src/driver/run_sim.f90;src/frame/FRmod.f90;src/overland_channel/OCmod.f90;src/subsurface/VSmod.f90,0,,Lateral VSS exchange between channel/link and surrounding column (m3/s).
QBKI,src/core/state/AL_C.F90,AL_C,170,DOUBLEPRECISION,"DIMENSION(NLFEE, 2)","(NLFEE, 2)",False,src/subsurface/vs_state.f90,vs_state,"Pressure head, water content and the subsurface flux fields.",,1,src/subsurface/VSmod.f90,0,,Channel-bed exchange assigned to dry channel area (m3/s).
CLAI,src/core/state/AL_C.F90,AL_C,172,DOUBLEPRECISION,DIMENSION(NVEE),(NVEE),False,src/evapotranspiration/et_state.f90,et_state,"Canopy, vegetation and evaporation state shared with other components.",,4,src/driver/rest.f90;src/driver/run_sim.f90;src/evapotranspiration/ETmod.f90;src/frame/FRmod.f90,1,src/contaminant/CMmod.f90,Current canopy leaf-area index by vegetation type.
PLAI,src/core/state/AL_C.F90,AL_C,173,DOUBLEPRECISION,DIMENSION(NVEE),(NVEE),False,src/evapotranspiration/et_state.f90,et_state,"Canopy, vegetation and evaporation state shared with other components.",,4,src/driver/rest.f90;src/driver/run_sim.f90;src/evapotranspiration/ETmod.f90;src/frame/FRmod.f90,1,src/contaminant/CMmod.f90,Current maximum-season ground-cover proportion by vegetation type.
SBERR,src/core/state/AL_C.F90,AL_C,175,DOUBLEPRECISION,"DIMENSION(NELEE, NSEDEE)","(NELEE, NSEDEE)",False,src/sediment/sy_state.f90,sy_state,"Mobile, loose and bed sediment state shared with other components.",,0,,0,,Sediment balance-error state by element and size fraction.
DTUZ,src/core/state/AL_C.F90,AL_C,177,DOUBLEPRECISION,,,False,src/core/simulation_clock.f90,simulation_clock,"Simulation time, timestep number and the coupled ET/VSS step lengths.",,7,src/driver/rest.f90;src/driver/run_sim.f90;src/evapotranspiration/ETmod.f90;src/frame/FRmod.f90;src/overland_channel/ZQmod.f90;src/snow/SMmod.f90;src/subsurface/VSmod.f90,1,src/contaminant/CMmod.f90,Current coupled VSS/ET timestep in seconds (s).
UZNEXT,src/core/state/AL_C.F90,AL_C,178,DOUBLEPRECISION,,,False,src/core/simulation_clock.f90,simulation_clock,"Simulation time, timestep number and the coupled ET/VSS step lengths.",,6,src/driver/rest.f90;src/driver/run_sim.f90;src/evapotranspiration/ETmod.f90;src/frame/FRmod.f90;src/overland_channel/ZQmod.f90;src/subsurface/VSmod.f90,0,,Current model timestep expressed in hours (h).
NCLASS,src/core/state/AL_D.f90,AL_D,68,INTEGER,PARAMETER,,True,src/core/array_limits.f90,array_limits,Compile-time capacity bounds shared by more than one component.,,1,src/frame/FRmod.f90,0,,Number of element classes supported by the legacy binary-result format.
FRD,src/core/state/AL_D.f90,AL_D,71,INTEGER,PARAMETER,,True,src/core/file_units.f90,file_units,Central table of every Fortran unit number; keeps uniqueness checkable in one place.,,1,src/frame/FRmod.f90,0,,Frame/common data input unit.
OCD,src/core/state/AL_D.f90,AL_D,72,INTEGER,PARAMETER,,True,src/core/file_units.f90,file_units,Central table of every Fortran unit number; keeps uniqueness checkable in one place.,,2,src/frame/FRmod.f90;src/overland_channel/OCmod.f90,0,,Overland/channel data input unit.
ETD,src/core/state/AL_D.f90,AL_D,73,INTEGER,PARAMETER,,True,src/core/file_units.f90,file_units,Central table of every Fortran unit number; keeps uniqueness checkable in one place.,,1,src/frame/FRmod.f90,0,,Evapotranspiration data input unit.
PPD,src/core/state/AL_D.f90,AL_D,74,INTEGER,PARAMETER,,True,src/core/file_units.f90,file_units,Central table of every Fortran unit number; keeps uniqueness checkable in one place.,,1,src/frame/FRmod.f90,0,,Reserved precipitation-data input unit.
SMD,src/core/state/AL_D.f90,AL_D,75,INTEGER,PARAMETER,,True,src/core/file_units.f90,file_units,Central table of every Fortran unit number; keeps uniqueness checkable in one place.,,1,src/frame/FRmod.f90,0,,Optional snowmelt data input unit.
BKD,src/core/state/AL_D.f90,AL_D,76,INTEGER,PARAMETER,,True,src/core/file_units.f90,file_units,Central table of every Fortran unit number; keeps uniqueness checkable in one place.,,1,src/frame/FRmod.f90,0,,Optional bank-element data input unit.
MED,src/core/state/AL_D.f90,AL_D,77,INTEGER,PARAMETER,,True,src/core/file_units.f90,file_units,Central table of every Fortran unit number; keeps uniqueness checkable in one place.,,2,src/driver/rest.f90;src/frame/FRmod.f90,0,,Combined meteorological time-series input unit.
PRD,src/core/state/AL_D.f90,AL_D,78,INTEGER,PARAMETER,,True,src/core/file_units.f90,file_units,Central table of every Fortran unit number; keeps uniqueness checkable in one place.,,2,src/driver/rest.f90;src/frame/FRmod.f90,0,,Precipitation time-series input unit.
EPD,src/core/state/AL_D.f90,AL_D,79,INTEGER,PARAMETER,,True,src/core/file_units.f90,file_units,Central table of every Fortran unit number; keeps uniqueness checkable in one place.,,2,src/driver/rest.f90;src/frame/FRmod.f90,0,,Potential-evaporation time-series input unit.
TIM,src/core/state/AL_D.f90,AL_D,80,INTEGER,PARAMETER,,True,src/core/file_units.f90,file_units,Central table of every Fortran unit number; keeps uniqueness checkable in one place.,,2,src/driver/run_sim.f90;src/frame/FRmod.f90,0,,Time-counter/status file unit.
RES,src/core/state/AL_D.f90,AL_D,81,INTEGER,PARAMETER,,True,src/core/file_units.f90,file_units,Central table of every Fortran unit number; keeps uniqueness checkable in one place.,,1,src/frame/FRmod.f90,0,,Legacy unformatted result-metadata file unit.
HOT,src/core/state/AL_D.f90,AL_D,82,INTEGER,PARAMETER,,True,src/core/file_units.f90,file_units,Central table of every Fortran unit number; keeps uniqueness checkable in one place.,,2,src/driver/run_sim.f90;src/frame/FRmod.f90,0,,Hotstart input/output unit.
VED,src/core/state/AL_D.f90,AL_D,83,INTEGER,PARAMETER,,True,src/core/file_units.f90,file_units,Central table of every Fortran unit number; keeps uniqueness checkable in one place.,,1,src/frame/FRmod.f90,0,,Reserved vegetation-data input unit.
OFB,src/core/state/AL_D.f90,AL_D,84,INTEGER,PARAMETER,,True,src/core/file_units.f90,file_units,Central table of every Fortran unit number; keeps uniqueness checkable in one place.,,2,src/frame/FRmod.f90;src/overland_channel/OCmod.f90,0,,Time-varying overland/channel flow-boundary unit.
OHB,src/core/state/AL_D.f90,AL_D,85,INTEGER,PARAMETER,,True,src/core/file_units.f90,file_units,Central table of every Fortran unit number; keeps uniqueness checkable in one place.,,2,src/frame/FRmod.f90;src/overland_channel/OCmod.f90,0,,Time-varying overland/channel head-boundary unit.
DIS,src/core/state/AL_D.f90,AL_D,86,INTEGER,PARAMETER,,True,src/core/file_units.f90,file_units,Central table of every Fortran unit number; keeps uniqueness checkable in one place.,,1,src/frame/FRmod.f90,0,,Regular outlet-discharge CSV output unit.
VSE,src/core/state/AL_D.f90,AL_D,87,INTEGER,PARAMETER,,True,src/core/file_units.f90,file_units,Central table of every Fortran unit number; keeps uniqueness checkable in one place.,,1,src/frame/FRmod.f90,0,,Hotstart/VSS-state output unit.
MAS,src/core/state/AL_D.f90,AL_D,88,INTEGER,PARAMETER,,True,src/core/file_units.f90,file_units,Central table of every Fortran unit number; keeps uniqueness checkable in one place.,,1,src/frame/FRmod.f90,0,,Mass-balance output unit.
DIS2,src/core/state/AL_D.f90,AL_D,89,INTEGER,PARAMETER,,True,src/core/file_units.f90,file_units,Central table of every Fortran unit number; keeps uniqueness checkable in one place.,,1,src/frame/FRmod.f90,0,,Every-timestep outlet-discharge output unit.
TAH,src/core/state/AL_D.f90,AL_D,90,INTEGER,PARAMETER,,True,src/core/file_units.f90,file_units,Central table of every Fortran unit number; keeps uniqueness checkable in one place.,,2,src/driver/rest.f90;src/frame/FRmod.f90,0,,Maximum-air-temperature time-series input unit.
TAL,src/core/state/AL_D.f90,AL_D,91,INTEGER,PARAMETER,,True,src/core/file_units.f90,file_units,Central table of every Fortran unit number; keeps uniqueness checkable in one place.,,2,src/driver/rest.f90;src/frame/FRmod.f90,0,,Minimum-air-temperature time-series input unit.
disextra,src/core/state/AL_D.f90,AL_D,92,INTEGER,PARAMETER,,True,src/core/file_units.f90,file_units,Central table of every Fortran unit number; keeps uniqueness checkable in one place.,,1,src/frame/FRmod.f90,0,,Input unit selecting additional discharge element/face points.
zqd,src/core/state/AL_D.f90,AL_D,93,INTEGER,PARAMETER,,True,src/core/file_units.f90,file_units,Central table of every Fortran unit number; keeps uniqueness checkable in one place.,,2,src/frame/FRmod.f90;src/overland_channel/ZQmod.f90,0,,ZQ reservoir/weir-table data input unit.
pslextra,src/core/state/AL_D.f90,AL_D,94,INTEGER,PARAMETER,,True,src/core/file_units.f90,file_units,Central table of every Fortran unit number; keeps uniqueness checkable in one place.,,1,src/frame/FRmod.f90,0,,Input unit selecting additional phreatic-surface elements.
MSM,src/core/state/AL_D.f90,AL_D,97,INTEGER,,,False,src/snow/snow_state.f90,snow_state,"Snowpack depth, temperature, density and meltwater-slug state.",,2,src/frame/FRmod.f90;src/snow/SMmod.f90,0,,"Snowmelt method: 0 disabled, 1 degree-day, or 2 energy-budget."
NM,src/core/state/AL_D.f90,AL_D,98,INTEGER,,,False,src/meteorology/met_forcing.f90,met_forcing,"Current meteorological forcing values, station mapping and input intervals.",,3,src/driver/rest.f90;src/evapotranspiration/ETmod.f90;src/frame/FRmod.f90,0,,Number of active meteorological sites.
NRAIN,src/core/state/AL_D.f90,AL_D,99,INTEGER,,,False,src/meteorology/met_forcing.f90,met_forcing,"Current meteorological forcing values, station mapping and input intervals.",,3,src/driver/rest.f90;src/evapotranspiration/ETmod.f90;src/frame/FRmod.f90,0,,Number of active rainfall stations.
NSET,src/core/state/AL_D.f90,AL_D,100,INTEGER,,,False,src/frame/legacy_result_files.f90,legacy_result_files,Legacy unformatted result-set metadata and writers.,,1,src/frame/FRmod.f90,0,,Number of legacy binary result sets; no current producer was found.
MBLINK,src/core/state/AL_D.f90,AL_D,101,INTEGER,,,False,src/driver/water_balance.f90,water_balance,Catchment water-balance accumulation and reporting schedule.,,2,src/driver/run_sim.f90;src/frame/FRmod.f90,0,,Link whose selected face supplies outlet discharge to the catchment balance.
MBFACE,src/core/state/AL_D.f90,AL_D,102,INTEGER,,,False,src/driver/water_balance.f90,water_balance,Catchment water-balance accumulation and reporting schedule.,,2,src/driver/run_sim.f90;src/frame/FRmod.f90,0,,Face of `MBLINK` used for catchment-balance discharge.
MBFLAG,src/core/state/AL_D.f90,AL_D,103,INTEGER,,,False,src/driver/water_balance.f90,water_balance,Catchment water-balance accumulation and reporting schedule.,,2,src/driver/run_sim.f90;src/frame/FRmod.f90,0,,"Catchment-balance schedule: 1 daily, any other value monthly."
NXP1,src/core/state/AL_D.f90,AL_D,104,INTEGER,,,False,src/core/element_geometry.f90,element_geometry,"Element counts, plan dimensions, areas, ground elevation and processing order.",,1,src/frame/FRmod.f90,0,,Active grid helper value `NX+1`.
NYP1,src/core/state/AL_D.f90,AL_D,105,INTEGER,,,False,src/core/element_geometry.f90,element_geometry,"Element counts, plan dimensions, areas, ground elevation and processing order.",,1,src/frame/FRmod.f90,0,,Active grid helper value `NY+1`.
NXM1,src/core/state/AL_D.f90,AL_D,106,INTEGER,,,False,src/core/element_geometry.f90,element_geometry,"Element counts, plan dimensions, areas, ground elevation and processing order.",,1,src/frame/FRmod.f90,0,,Active grid helper value `NX-1`.
NYM1,src/core/state/AL_D.f90,AL_D,107,INTEGER,,,False,src/core/element_geometry.f90,element_geometry,"Element counts, plan dimensions, areas, ground elevation and processing order.",,1,src/frame/FRmod.f90,0,,Active grid helper value `NY-1`.
NXEP1,src/core/state/AL_D.f90,AL_D,108,INTEGER,,,False,src/core/element_geometry.f90,element_geometry,"Element counts, plan dimensions, areas, ground elevation and processing order.",,1,src/frame/FRmod.f90,0,,Capacity helper value `NXE+1`.
NYEP1,src/core/state/AL_D.f90,AL_D,109,INTEGER,,,False,src/core/element_geometry.f90,element_geometry,"Element counts, plan dimensions, areas, ground elevation and processing order.",,1,src/frame/FRmod.f90,0,,Capacity helper value `NYE+1`.
NoZQTables,src/core/state/AL_D.f90,AL_D,110,INTEGER,,,False,src/overland_channel/zq_tables.f90,zq_tables,Reservoir and weir stage-discharge lookup tables.,,2,src/overland_channel/OCQDQMOD.F90;src/overland_channel/ZQmod.f90,0,,Number of reservoir ZQ tables read from `zqd`.
ZQTableRef,src/core/state/AL_D.f90,AL_D,111,INTEGER,,,False,src/overland_channel/zq_tables.f90,zq_tables,Reservoir and weir stage-discharge lookup tables.,,2,src/overland_channel/OCQDQMOD.F90;src/overland_channel/OCmod2.f90,0,,Index of the ZQ table selected for the current link-face calculation.
NXE,src/core/state/AL_D.f90,AL_D,112,INTEGER,PARAMETER,,True,src/core/array_limits.f90,array_limits,Compile-time capacity bounds shared by more than one component.,,1,src/frame/FRmod.f90,0,,Legacy x workspace capacity alias.
NYE,src/core/state/AL_D.f90,AL_D,113,INTEGER,PARAMETER,,True,src/core/array_limits.f90,array_limits,Compile-time capacity bounds shared by more than one component.,,1,src/frame/FRmod.f90,0,,Legacy y workspace capacity alias.
NSTEP,src/core/state/AL_D.f90,AL_D,116,INTEGER,,,False,src/core/simulation_clock.f90,simulation_clock,"Simulation time, timestep number and the coupled ET/VSS step lengths.",,3,src/Shetran.f90;src/driver/rest.f90;src/driver/run_sim.f90,0,,Current coupled simulation timestep number.
NRPD,src/core/state/AL_D.f90,AL_D,117,INTEGER,,,False,src/core/legacy_retained.f90,legacy_retained,Retained state documented as having no current producer or consumer.,,0,,0,,Legacy precipitation-record counter.
NSMT,src/core/state/AL_D.f90,AL_D,118,INTEGER,,,False,src/snow/snow_state.f90,snow_state,"Snowpack depth, temperature, density and meltwater-slug state.",,2,src/evapotranspiration/ETmod.f90;src/snow/SMmod.f90,0,,Current ET/snowmelt coupling control for one element.
MBYEAR,src/core/state/AL_D.f90,AL_D,119,INTEGER,,,False,src/driver/water_balance.f90,water_balance,Catchment water-balance accumulation and reporting schedule.,,1,src/frame/FRmod.f90,0,,Calendar year of the next mass-balance report.
MBMON,src/core/state/AL_D.f90,AL_D,120,INTEGER,,,False,src/driver/water_balance.f90,water_balance,Catchment water-balance accumulation and reporting schedule.,,1,src/frame/FRmod.f90,0,,Calendar month of the next mass-balance report.
MBDAY,src/core/state/AL_D.f90,AL_D,121,INTEGER,,,False,src/driver/water_balance.f90,water_balance,Catchment water-balance accumulation and reporting schedule.,,1,src/frame/FRmod.f90,0,,Calendar day of the next mass-balance report.
PSTART,src/core/state/AL_D.f90,AL_D,125,DOUBLEPRECISION,,,False,src/frame/legacy_result_files.f90,legacy_result_files,Legacy unformatted result-set metadata and writers.,,1,src/frame/FRmod.f90,0,,Simulation-relative start time for legacy printed/result output (h).
DTMET,src/core/state/AL_D.f90,AL_D,126,DOUBLEPRECISION,,,False,src/meteorology/met_forcing.f90,met_forcing,"Current meteorological forcing values, station mapping and input intervals.",,2,src/driver/rest.f90;src/frame/FRmod.f90,0,,Combined meteorological input interval (h).
QMAX,src/core/state/AL_D.f90,AL_D,127,DOUBLEPRECISION,,,False,src/overland_channel/oc_state.f90,oc_state,"Water levels, face discharges, roughness and flow derivatives.",,2,src/frame/FRmod.f90;src/overland_channel/OCmod.f90,0,,Maximum permitted overland/channel face discharge magnitude (m3/s); nonpositive disables the check.
BHOTTI,src/core/state/AL_D.f90,AL_D,128,DOUBLEPRECISION,,,False,src/frame/run_control.f90,run_control,"Run title, component-enable switches, hotstart settings and print flags.",,2,src/driver/rest.f90;src/frame/FRmod.f90,0,,Requested/read hotstart time (h).
BHOTST,src/core/state/AL_D.f90,AL_D,129,DOUBLEPRECISION,,,False,src/frame/run_control.f90,run_control,"Run title, component-enable switches, hotstart settings and print flags.",,2,src/driver/run_sim.f90;src/frame/FRmod.f90,0,,Interval between hotstart outputs (h).
PMAX,src/core/state/AL_D.f90,AL_D,130,DOUBLEPRECISION,,,False,src/driver/timestep_control.f90,timestep_control,Chooses the next coupled timestep from forcing and error feedback.,,2,src/driver/rest.f90;src/frame/FRmod.f90,0,,Maximum rainfall depth permitted in one model timestep (mm).
PALFA,src/core/state/AL_D.f90,AL_D,131,DOUBLEPRECISION,,,False,src/driver/timestep_control.f90,timestep_control,Chooses the next coupled timestep from forcing and error feedback.,,2,src/driver/rest.f90;src/frame/FRmod.f90,0,,Fractional timestep growth factor used by `TMSTEP`.
TMAX,src/core/state/AL_D.f90,AL_D,132,DOUBLEPRECISION,,,False,src/driver/timestep_control.f90,timestep_control,Chooses the next coupled timestep from forcing and error feedback.,,3,src/driver/rest.f90;src/driver/run_sim.f90;src/frame/FRmod.f90,0,,"Maximum/basic coupled model timestep, capped at two hours (h)."
CAREA,src/core/state/AL_D.f90,AL_D,133,DOUBLEPRECISION,,,False,src/core/element_geometry.f90,element_geometry,"Element counts, plan dimensions, areas, ground elevation and processing order.",,2,src/driver/rest.f90;src/frame/FRmod.f90,0,,Total active catchment plan area (m2).
BWIDTH,src/core/state/AL_D.f90,AL_D,134,DOUBLEPRECISION,,,False,src/core/element_geometry.f90,element_geometry,"Element counts, plan dimensions, areas, ground elevation and processing order.",,2,src/evapotranspiration/ETmod.f90;src/frame/FRmod.f90,0,,Nominal explicit-bank width used in frame geometry (m).
TTH,src/core/state/AL_D.f90,AL_D,135,DOUBLEPRECISION,,,False,src/core/simulation_clock.f90,simulation_clock,"Simulation time, timestep number and the coupled ET/VSS step lengths.",,3,src/driver/run_sim.f90;src/frame/FRmod.f90;src/subsurface/VSmod.f90,0,,Simulation end as an absolute hour count (h).
DTMET2,src/core/state/AL_D.f90,AL_D,136,DOUBLEPRECISION,,,False,src/meteorology/met_forcing.f90,met_forcing,"Current meteorological forcing values, station mapping and input intervals.",,2,src/driver/rest.f90;src/frame/FRmod.f90,0,,Separate precipitation input interval (h).
DTMET3,src/core/state/AL_D.f90,AL_D,137,DOUBLEPRECISION,,,False,src/meteorology/met_forcing.f90,met_forcing,"Current meteorological forcing values, station mapping and input intervals.",,2,src/driver/rest.f90;src/frame/FRmod.f90,0,,Separate potential-evaporation input interval (h).
TOUTPUT,src/core/state/AL_D.f90,AL_D,138,DOUBLEPRECISION,,,False,src/frame/run_control.f90,run_control,"Run title, component-enable switches, hotstart settings and print flags.",,1,src/frame/FRmod.f90,0,,Interval for regular text/CSV outputs; defaults to 24 h (h).
UZVAL,src/core/state/AL_D.f90,AL_D,141,DOUBLEPRECISION,,,False,src/core/simulation_clock.f90,simulation_clock,"Simulation time, timestep number and the coupled ET/VSS step lengths.",,1,src/frame/FRmod.f90,0,,Next upper-zone/VSS solution time used in hotstart handling (h).
OCNOW,src/core/state/AL_D.f90,AL_D,142,DOUBLEPRECISION,,,False,src/overland_channel/oc_state.f90,oc_state,"Water levels, face discharges, roughness and flow derivatives.",,3,src/driver/run_sim.f90;src/frame/FRmod.f90;src/overland_channel/OCmod.f90,0,,Start time of the current overland/channel step (h).
OCNEXT,src/core/state/AL_D.f90,AL_D,143,DOUBLEPRECISION,,,False,src/overland_channel/oc_state.f90,oc_state,"Water levels, face discharges, roughness and flow derivatives.",,2,src/driver/run_sim.f90;src/overland_channel/OCmod.f90,0,,Duration of the current overland/channel step (h).
HRUZ,src/core/state/AL_D.f90,AL_D,144,DOUBLEPRECISION,,,False,src/evapotranspiration/et_state.f90,et_state,"Canopy, vegetation and evaporation state shared with other components.",,1,src/evapotranspiration/ETmod.f90,0,,Current element's surface-water depth workspace (m).
PNET,src/core/state/AL_D.f90,AL_D,145,DOUBLEPRECISION,,,False,src/evapotranspiration/et_state.f90,et_state,"Canopy, vegetation and evaporation state shared with other components.",,3,src/driver/run_sim.f90;src/evapotranspiration/ETmod.f90;src/snow/SMmod.f90,0,,Current element's net throughfall rate workspace (mm/s).
PE,src/core/state/AL_D.f90,AL_D,146,DOUBLEPRECISION,,,False,src/evapotranspiration/et_state.f90,et_state,"Canopy, vegetation and evaporation state shared with other components.",,4,src/driver/rest.f90;src/driver/run_sim.f90;src/evapotranspiration/ETmod.f90;src/snow/SMmod.f90,0,,Current element's available potential-evaporation rate (mm/s).
EINT,src/core/state/AL_D.f90,AL_D,147,DOUBLEPRECISION,,,False,src/evapotranspiration/et_state.f90,et_state,"Canopy, vegetation and evaporation state shared with other components.",,3,src/driver/run_sim.f90;src/evapotranspiration/ETmod.f90;src/snow/SMmod.f90,0,,Current element's canopy-interception evaporation over the step (mm).
ERZ,src/core/state/AL_D.f90,AL_D,148,DOUBLEPRECISION,,,False,src/evapotranspiration/et_state.f90,et_state,"Canopy, vegetation and evaporation state shared with other components.",,3,src/driver/run_sim.f90;src/evapotranspiration/ETmod.f90;src/snow/SMmod.f90,0,,Current element's root-zone extraction rate workspace (mm/s).
DRAIN,src/core/state/AL_D.f90,AL_D,149,DOUBLEPRECISION,,,False,src/evapotranspiration/et_state.f90,et_state,"Canopy, vegetation and evaporation state shared with other components.",,2,src/driver/run_sim.f90;src/evapotranspiration/ETmod.f90,0,,Current element's canopy drainage over the step (mm).
ESOIL,src/core/state/AL_D.f90,AL_D,150,DOUBLEPRECISION,,,False,src/evapotranspiration/et_state.f90,et_state,"Canopy, vegetation and evaporation state shared with other components.",,3,src/driver/run_sim.f90;src/evapotranspiration/ETmod.f90;src/snow/SMmod.f90,0,,Current element's soil-evaporation rate workspace (mm/s).
AE,src/core/state/AL_D.f90,AL_D,151,DOUBLEPRECISION,,,False,src/evapotranspiration/et_state.f90,et_state,"Canopy, vegetation and evaporation state shared with other components.",,3,src/driver/run_sim.f90;src/evapotranspiration/ETmod.f90;src/snow/SMmod.f90,0,,Current cell's actual-evapotranspiration rate workspace (mm/s).
CSTOLD,src/core/state/AL_D.f90,AL_D,152,DOUBLEPRECISION,,,False,src/evapotranspiration/et_state.f90,et_state,"Canopy, vegetation and evaporation state shared with other components.",,2,src/evapotranspiration/ETmod.f90;src/snow/SMmod.f90,0,,Current element's canopy storage at step start (mm).
CPLAI,src/core/state/AL_D.f90,AL_D,153,DOUBLEPRECISION,,,False,src/evapotranspiration/et_state.f90,et_state,"Canopy, vegetation and evaporation state shared with other components.",,2,src/evapotranspiration/ETmod.f90;src/snow/SMmod.f90,0,,"Current element's intercepted-area fraction, `min(CLAI,1)*PLAI`."
PREST,src/core/state/AL_D.f90,AL_D,154,DOUBLEPRECISION,,,False,src/driver/timestep_control.f90,timestep_control,Chooses the next coupled timestep from forcing and error feedback.,,1,src/frame/FRmod.f90,0,,Unused legacy value set to `1+PALFA` during frame initialization.
TIMEUZ,src/core/state/AL_D.f90,AL_D,155,DOUBLEPRECISION,,,False,src/core/simulation_clock.f90,simulation_clock,"Simulation time, timestep number and the coupled ET/VSS step lengths.",,5,src/driver/rest.f90;src/driver/run_sim.f90;src/evapotranspiration/ETmod.f90;src/frame/FRmod.f90;src/snow/SMmod.f90,0,,Current elapsed ET/snow/VSS model time (h).
HOTIME,src/core/state/AL_D.f90,AL_D,156,DOUBLEPRECISION,,,False,src/frame/run_control.f90,run_control,"Run title, component-enable switches, hotstart settings and print flags.",,2,src/driver/run_sim.f90;src/frame/FRmod.f90,0,,Current/last hotstart time (h).
BEXET,src/core/state/AL_D.f90,AL_D,159,LOGICAL,,,False,src/frame/run_control.f90,run_control,"Run title, component-enable switches, hotstart settings and print flags.",,1,src/frame/FRmod.f90,0,,Whether evapotranspiration is active; current frame setup always sets true.
BEXUZ,src/core/state/AL_D.f90,AL_D,160,LOGICAL,,,False,src/frame/run_control.f90,run_control,"Run title, component-enable switches, hotstart settings and print flags.",,1,src/frame/FRmod.f90,0,,Whether the legacy upper-zone process is active; current frame setup always sets true.
BEXEX,src/core/state/AL_D.f90,AL_D,161,LOGICAL,,,False,src/frame/run_control.f90,run_control,"Run title, component-enable switches, hotstart settings and print flags.",,1,src/frame/FRmod.f90,0,,Whether legacy exchange is active; current frame setup always sets true.
BEXOC,src/core/state/AL_D.f90,AL_D,162,LOGICAL,,,False,src/frame/run_control.f90,run_control,"Run title, component-enable switches, hotstart settings and print flags.",,1,src/frame/FRmod.f90,0,,Whether overland/channel flow is active; current frame setup always sets true.
BEXSZ,src/core/state/AL_D.f90,AL_D,163,LOGICAL,,,False,src/frame/run_control.f90,run_control,"Run title, component-enable switches, hotstart settings and print flags.",,1,src/frame/FRmod.f90,0,,Whether saturated-zone flow is active; current frame setup always sets true.
BEXSM,src/core/state/AL_D.f90,AL_D,164,LOGICAL,,,False,src/frame/run_control.f90,run_control,"Run title, component-enable switches, hotstart settings and print flags.",,3,src/driver/rest.f90;src/evapotranspiration/ETmod.f90;src/frame/FRmod.f90,0,,Whether snowmelt is enabled by FR25.
BEXTS1,src/core/state/AL_D.f90,AL_D,165,LOGICAL,,,False,src/core/legacy_retained.f90,legacy_retained,Retained state documented as having no current producer or consumer.,,0,,0,,Inactive legacy first time-series extension switch.
BHOTPR,src/core/state/AL_D.f90,AL_D,166,LOGICAL,,,False,src/frame/run_control.f90,run_control,"Run title, component-enable switches, hotstart settings and print flags.",,2,src/driver/run_sim.f90;src/frame/FRmod.f90,0,,Whether periodic hotstart output is enabled.
BHOTRD,src/core/state/AL_D.f90,AL_D,167,LOGICAL,,,False,src/frame/run_control.f90,run_control,"Run title, component-enable switches, hotstart settings and print flags.",,3,src/driver/rest.f90;src/driver/run_sim.f90;src/frame/FRmod.f90,0,,Whether initial state is read from the hotstart file.
BEXSY,src/core/state/AL_D.f90,AL_D,168,LOGICAL,,,False,src/frame/run_control.f90,run_control,"Run title, component-enable switches, hotstart settings and print flags.",,3,src/driver/run_sim.f90;src/frame/FRmod.f90;src/visualisation/visualisation_interface_left.f90,0,,Whether sediment transport is enabled by FR25.
BEXCM,src/core/state/AL_D.f90,AL_D,169,LOGICAL,,,False,src/frame/run_control.f90,run_control,"Run title, component-enable switches, hotstart settings and print flags.",,3,src/driver/run_sim.f90;src/frame/FRmod.f90;src/visualisation/visualisation_interface_left.f90,0,,Whether contaminant transport is enabled by FR25.
ISTA,src/core/state/AL_D.f90,AL_D,170,LOGICAL,,,False,src/meteorology/met_forcing.f90,met_forcing,"Current meteorological forcing values, station mapping and input intervals.",,2,src/driver/rest.f90;src/frame/FRmod.f90,0,,Whether separate maximum/minimum air-temperature streams are available.
isextradis,src/core/state/AL_D.f90,AL_D,171,LOGICAL,,,False,src/frame/run_control.f90,run_control,"Run title, component-enable switches, hotstart settings and print flags.",,1,src/frame/FRmod.f90,0,,Whether the extra-discharge point-selection input is available.
iszq,src/core/state/AL_D.f90,AL_D,172,LOGICAL,,,False,src/overland_channel/zq_tables.f90,zq_tables,Reservoir and weir stage-discharge lookup tables.,,1,src/frame/FRmod.f90,0,,Whether reservoir ZQ-table routing is enabled.
isextrapsl,src/core/state/AL_D.f90,AL_D,173,LOGICAL,,,False,src/frame/run_control.f90,run_control,"Run title, component-enable switches, hotstart settings and print flags.",,1,src/frame/FRmod.f90,0,,Whether the extra phreatic-surface point-selection input is available.
NGRID,src/core/state/AL_D.f90,AL_D,176,INTEGER,,(NELEE),False,src/core/legacy_retained.f90,legacy_retained,Retained state documented as having no current producer or consumer.,,1,src/frame/FRmod.f90,0,,Legacy element list zeroed by `FRIND` and not subsequently read.
INGRID,src/core/state/AL_D.f90,AL_D,177,INTEGER,,"(NXEE,NYEE)",False,src/core/grid_topology.f90,grid_topology,"Active grid extent, element/coordinate lookup and face connectivity.",,1,src/frame/FRmod.f90,0,,Catchment mask: zero inside the active catchment and -1 outside.
IOCORS,src/core/state/AL_D.f90,AL_D,178,INTEGER,,(NSETEE),False,src/frame/legacy_result_files.f90,legacy_result_files,Legacy unformatted result-set metadata and writers.,,1,src/frame/FRmod.f90,0,,Contaminant/sediment selector for each legacy result set.
NMC,src/core/state/AL_D.f90,AL_D,179,INTEGER,,(NELEE),False,src/meteorology/met_forcing.f90,met_forcing,"Current meteorological forcing values, station mapping and input intervals.",,4,src/driver/run_sim.f90;src/evapotranspiration/ETmod.f90;src/frame/FRmod.f90;src/snow/SMmod.f90,0,,Meteorological-site category by element.
LCODEX,src/core/state/AL_D.f90,AL_D,180,INTEGER,,"(NXEE,NYEE)",False,src/overland_channel/oc_state.f90,oc_state,"Water levels, face discharges, roughness and flow derivatives.",,2,src/frame/FRmod.f90;src/overland_channel/OCmod.f90,0,,X-face overland/channel topology code grid.
IODATA,src/core/state/AL_D.f90,AL_D,181,INTEGER,,(NSETEE),False,src/frame/legacy_result_files.f90,legacy_result_files,Legacy unformatted result-set metadata and writers.,,1,src/frame/FRmod.f90,0,,Data-type number for each legacy result set.
NRAINC,src/core/state/AL_D.f90,AL_D,182,INTEGER,,(NELEE),False,src/meteorology/met_forcing.f90,met_forcing,"Current meteorological forcing values, station mapping and input intervals.",,4,src/driver/rest.f90;src/evapotranspiration/ETmod.f90;src/frame/FRmod.f90;src/snow/SMmod.f90,0,,Rainfall-station category by element.
LCODEY,src/core/state/AL_D.f90,AL_D,183,INTEGER,,"(NXEE,NYEE)",False,src/overland_channel/oc_state.f90,oc_state,"Water levels, face discharges, roughness and flow derivatives.",,2,src/frame/FRmod.f90;src/overland_channel/OCmod.f90,0,,Y-face overland/channel topology code grid.
IOELEM,src/core/state/AL_D.f90,AL_D,184,INTEGER,,(NSETEE),False,src/frame/legacy_result_files.f90,legacy_result_files,Legacy unformatted result-set metadata and writers.,,1,src/frame/FRmod.f90,0,,Positive element number or negative element-class number by legacy result set.
NOCBCC,src/core/state/AL_D.f90,AL_D,185,INTEGER,,(NELEE),False,src/overland_channel/oc_boundaries.f90,oc_boundaries,Time-varying stage and flow boundary conditions.,,3,src/frame/FRmod.f90;src/overland_channel/OCQDQMOD.F90;src/overland_channel/OCmod.f90,0,,Overland/channel boundary-condition record number by element.
NOCBCD,src/core/state/AL_D.f90,AL_D,186,INTEGER,,"(NOCTAB,4)",False,src/overland_channel/oc_boundaries.f90,oc_boundaries,Time-varying stage and flow boundary conditions.,,3,src/frame/FRmod.f90;src/overland_channel/OCQDQMOD.F90;src/overland_channel/OCmod.f90,0,,"OC boundary records: element, face, boundary type, and time-series category."
IORES,src/core/state/AL_D.f90,AL_D,187,INTEGER,,(NSETEE),False,src/frame/legacy_result_files.f90,legacy_result_files,Legacy unformatted result-set metadata and writers.,,1,src/frame/FRmod.f90,0,,Open unformatted output unit by legacy result set.
ICLIST,src/core/state/AL_D.f90,AL_D,188,INTEGER,,"(NELEE,NCLASS)",False,src/frame/legacy_result_files.f90,legacy_result_files,Legacy unformatted result-set metadata and writers.,,1,src/frame/FRmod.f90,0,,Element numbers belonging to each legacy output class.
NEXPO,src/core/state/AL_D.f90,AL_D,189,INTEGER,,"(NLFEE,2)",False,src/core/legacy_retained.f90,legacy_retained,Retained state documented as having no current producer or consumer.,,0,,0,,Inactive legacy link-exposure array.
ICLNUM,src/core/state/AL_D.f90,AL_D,190,INTEGER,,(NCLASS),False,src/frame/legacy_result_files.f90,legacy_result_files,Legacy unformatted result-set metadata and writers.,,1,src/frame/FRmod.f90,0,,Number of elements in each legacy output class.
ZQTableLink,src/core/state/AL_D.f90,AL_D,191,INTEGER,"DIMENSION(:), ALLOCATABLE",(:),False,src/overland_channel/zq_tables.f90,zq_tables,Reservoir and weir stage-discharge lookup tables.,,2,src/overland_channel/OCQDQMOD.F90;src/overland_channel/ZQmod.f90,0,,Channel-link number for each ZQ table.
ZQTableFace,src/core/state/AL_D.f90,AL_D,192,INTEGER,"DIMENSION(:), ALLOCATABLE",(:),False,src/overland_channel/zq_tables.f90,zq_tables,Reservoir and weir stage-discharge lookup tables.,,2,src/overland_channel/OCQDQMOD.F90;src/overland_channel/ZQmod.f90,0,,Channel-link face number for each ZQ table.
NSMC,src/core/state/AL_D.f90,AL_D,194,INTEGER,,(NELEE),False,src/snow/snow_state.f90,snow_state,"Snowpack depth, temperature, density and meltwater-slug state.",,4,src/driver/run_sim.f90;src/evapotranspiration/ETmod.f90;src/frame/FRmod.f90;src/snow/SMmod.f90,0,,Number of meltwater slugs still travelling through each snowpack.
FLERRC,src/core/state/AL_D.f90,AL_D,196,INTEGER,,(0:100),False,src/core/legacy_retained.f90,legacy_retained,Retained state documented as having no current producer or consumer.,,1,src/driver/rest.f90,0,,Legacy flow error counts read at shutdown; no current producer was found.
SYERRC,src/core/state/AL_D.f90,AL_D,197,INTEGER,,(0:100),False,src/core/legacy_retained.f90,legacy_retained,Retained state documented as having no current producer or consumer.,,1,src/driver/rest.f90,0,,Legacy sediment error counts read at shutdown; no current producer was found.
CMERRC,src/core/state/AL_D.f90,AL_D,198,INTEGER,,(0:100),False,src/core/legacy_retained.f90,legacy_retained,Retained state documented as having no current producer or consumer.,,1,src/driver/rest.f90,0,,Legacy contaminant error counts read at shutdown; no current producer was found.
DXIN,src/core/state/AL_D.f90,AL_D,201,DOUBLEPRECISION,,(NXEE),False,src/core/element_geometry.f90,element_geometry,"Element counts, plan dimensions, areas, ground elevation and processing order.",,2,src/frame/FRmod.f90;src/visualisation/visualisation_interface_left.f90,0,,Grid-centre spacing in the x direction; active entries are `1:NX-1` (m).
DYIN,src/core/state/AL_D.f90,AL_D,202,DOUBLEPRECISION,,(NYEE),False,src/core/element_geometry.f90,element_geometry,"Element counts, plan dimensions, areas, ground elevation and processing order.",,2,src/frame/FRmod.f90;src/visualisation/visualisation_interface_left.f90,0,,Grid-centre spacing in the y direction; active entries are `1:NY-1` (m).
WIDTF,src/core/state/AL_D.f90,AL_D,203,DOUBLEPRECISION,,(NLFEE),False,src/core/legacy_retained.f90,legacy_retained,Retained state documented as having no current producer or consumer.,,0,,0,,Inactive legacy link face-width array.
ZBED,src/core/state/AL_D.f90,AL_D,204,DOUBLEPRECISION,,(NELEE),False,src/core/legacy_retained.f90,legacy_retained,Retained state documented as having no current producer or consumer.,,0,,0,,Inactive legacy impermeable-bed elevation array.
HFLBED,src/core/state/AL_D.f90,AL_D,205,DOUBLEPRECISION,,(NLFEE),False,src/core/legacy_retained.f90,legacy_retained,Retained state documented as having no current producer or consumer.,,0,,0,,Inactive legacy link-bed head array.
ZFBED,src/core/state/AL_D.f90,AL_D,206,DOUBLEPRECISION,,(NLFEE),False,src/core/legacy_retained.f90,legacy_retained,Retained state documented as having no current producer or consumer.,,0,,0,,Inactive legacy link-bed elevation array.
DZFBED,src/core/state/AL_D.f90,AL_D,207,DOUBLEPRECISION,,(NLFEE),False,src/core/legacy_retained.f90,legacy_retained,Retained state documented as having no current producer or consumer.,,0,,0,,Inactive legacy link-bed elevation-difference array.
LROOT,src/core/state/AL_D.f90,AL_D,208,DOUBLEPRECISION,,(NVEE),False,src/core/legacy_retained.f90,legacy_retained,Retained state documented as having no current producer or consumer.,,0,,0,,Inactive legacy root-depth array.
HFLBNK,src/core/state/AL_D.f90,AL_D,209,DOUBLEPRECISION,,(NLFEE),False,src/core/legacy_retained.f90,legacy_retained,Retained state documented as having no current producer or consumer.,,0,,0,,Inactive legacy bank-head array.
IOSTA,src/core/state/AL_D.f90,AL_D,210,DOUBLEPRECISION,,(NSETEE),False,src/frame/legacy_result_files.f90,legacy_result_files,Legacy unformatted result-set metadata and writers.,,1,src/frame/FRmod.f90,0,,Start time for each legacy result set (h).
IOSTEP,src/core/state/AL_D.f90,AL_D,211,DOUBLEPRECISION,,(NSETEE),False,src/frame/legacy_result_files.f90,legacy_result_files,Legacy unformatted result-set metadata and writers.,,1,src/frame/FRmod.f90,0,,Output interval for each legacy result set (h).
IOEND,src/core/state/AL_D.f90,AL_D,212,DOUBLEPRECISION,,(NSETEE),False,src/frame/legacy_result_files.f90,legacy_result_files,Legacy unformatted result-set metadata and writers.,,1,src/frame/FRmod.f90,0,,End time for each legacy result set (h).
RHOSAR,src/core/state/AL_D.f90,AL_D,213,DOUBLEPRECISION,,(NELEE),False,src/snow/snow_state.f90,snow_state,"Snowpack depth, temperature, density and meltwater-slug state.",,2,src/frame/FRmod.f90;src/snow/SMmod.f90,0,,Snow relative-density/specific-gravity state by element.
ZQweirSill,src/core/state/AL_D.f90,AL_D,214,DOUBLEPRECISION,"DIMENSION(:), ALLOCATABLE",(:),False,src/overland_channel/zq_tables.f90,zq_tables,Reservoir and weir stage-discharge lookup tables.,,2,src/overland_channel/OCmod2.f90;src/overland_channel/ZQmod.f90,0,,Weir-sill elevation for each ZQ table (m).
CSTORE,src/core/state/AL_D.f90,AL_D,217,DOUBLEPRECISION,,(NELEE),False,src/evapotranspiration/et_state.f90,et_state,"Canopy, vegetation and evaporation state shared with other components.",,5,src/driver/run_sim.f90;src/evapotranspiration/ETmod.f90;src/frame/FRmod.f90;src/snow/SMmod.f90;src/visualisation/visualisation_interface_left.f90,0,,Canopy interception storage by element (mm).
ERZA,src/core/state/AL_D.f90,AL_D,218,DOUBLEPRECISION,,(NELEE),False,src/evapotranspiration/et_state.f90,et_state,"Canopy, vegetation and evaporation state shared with other components.",,3,src/evapotranspiration/ETmod.f90;src/frame/FRmod.f90;src/visualisation/visualisation_interface_left.f90,0,,Root-zone extraction rate by element (m/s).
EPOT,src/core/state/AL_D.f90,AL_D,219,DOUBLEPRECISION,,(NELEE),False,src/evapotranspiration/et_state.f90,et_state,"Canopy, vegetation and evaporation state shared with other components.",,4,src/driver/run_sim.f90;src/evapotranspiration/ETmod.f90;src/frame/FRmod.f90;src/visualisation/visualisation_interface_left.f90,0,,Potential-evaporation rate by element (m/s).
EINTA,src/core/state/AL_D.f90,AL_D,220,DOUBLEPRECISION,,(NELEE),False,src/evapotranspiration/et_state.f90,et_state,"Canopy, vegetation and evaporation state shared with other components.",,3,src/evapotranspiration/ETmod.f90;src/frame/FRmod.f90;src/visualisation/visualisation_interface_left.f90,0,,Canopy-interception evaporation rate by element (m/s).
EPOTR,src/core/state/AL_D.f90,AL_D,221,DOUBLEPRECISION,,(NVEE),False,src/core/legacy_retained.f90,legacy_retained,Retained state documented as having no current producer or consumer.,,0,,0,,Inactive legacy potential-evaporation array by vegetation type.
SD,src/core/state/AL_D.f90,AL_D,222,DOUBLEPRECISION,,(NELEE),False,src/snow/snow_state.f90,snow_state,"Snowpack depth, temperature, density and meltwater-slug state.",,6,src/driver/rest.f90;src/driver/run_sim.f90;src/evapotranspiration/ETmod.f90;src/frame/FRmod.f90;src/snow/SMmod.f90;src/visualisation/visualisation_interface_left.f90,0,,Snowpack depth by element (mm of snow).
TS,src/core/state/AL_D.f90,AL_D,223,DOUBLEPRECISION,,(NELEE),False,src/snow/snow_state.f90,snow_state,"Snowpack depth, temperature, density and meltwater-slug state.",,4,src/driver/run_sim.f90;src/evapotranspiration/ETmod.f90;src/frame/FRmod.f90;src/snow/SMmod.f90,0,,Snowpack temperature by element (degrees C).
SF,src/core/state/AL_D.f90,AL_D,224,DOUBLEPRECISION,,(NELEE),False,src/snow/snow_state.f90,snow_state,"Snowpack depth, temperature, density and meltwater-slug state.",,4,src/driver/run_sim.f90;src/evapotranspiration/ETmod.f90;src/frame/FRmod.f90;src/snow/SMmod.f90,0,,Current snowfall depth by element (mm of snow).
S,src/core/state/AL_D.f90,AL_D,225,DOUBLEPRECISION,,(LLEE),False,src/evapotranspiration/et_state.f90,et_state,"Canopy, vegetation and evaporation state shared with other components.",,3,src/driver/run_sim.f90;src/evapotranspiration/ETmod.f90;src/snow/SMmod.f90,0,,Current column's volumetric root/soil extraction sink by VSS cell (s-1).
precip_m_per_s,src/core/state/AL_D.f90,AL_D,226,DOUBLEPRECISION,,(NELEE),False,src/meteorology/met_forcing.f90,met_forcing,"Current meteorological forcing values, station mapping and input intervals.",,5,src/driver/rest.f90;src/driver/run_sim.f90;src/evapotranspiration/ETmod.f90;src/frame/FRmod.f90;src/snow/SMmod.f90,0,,Precipitation rate mapped directly to each element (m/s).
OBSPE,src/core/state/AL_D.f90,AL_D,227,DOUBLEPRECISION,,(NVEE),False,src/meteorology/met_forcing.f90,met_forcing,"Current meteorological forcing values, station mapping and input intervals.",,3,src/driver/rest.f90;src/driver/run_sim.f90;src/evapotranspiration/ETmod.f90,0,,Potential-evaporation forcing by meteorological site (mm/s).
TA,src/core/state/AL_D.f90,AL_D,228,DOUBLEPRECISION,,(NVEE),False,src/meteorology/met_forcing.f90,met_forcing,"Current meteorological forcing values, station mapping and input intervals.",,4,src/contaminant/CMmod.f90;src/driver/rest.f90;src/driver/run_sim.f90;src/snow/SMmod.f90,0,,Air temperature by meteorological site (degrees C).
U,src/core/state/AL_D.f90,AL_D,229,DOUBLEPRECISION,,(NVEE),False,src/meteorology/met_forcing.f90,met_forcing,"Current meteorological forcing values, station mapping and input intervals.",,4,src/driver/rest.f90;src/driver/run_sim.f90;src/evapotranspiration/ETmod.f90;src/snow/SMmod.f90,0,,Wind speed by meteorological site (m/s).
VPD,src/core/state/AL_D.f90,AL_D,230,DOUBLEPRECISION,,(NVEE),False,src/meteorology/met_forcing.f90,met_forcing,"Current meteorological forcing values, station mapping and input intervals.",,4,src/driver/rest.f90;src/driver/run_sim.f90;src/evapotranspiration/ETmod.f90;src/snow/SMmod.f90,0,,Vapour-pressure deficit by meteorological site (mb).
RN,src/core/state/AL_D.f90,AL_D,231,DOUBLEPRECISION,,(NVEE),False,src/meteorology/met_forcing.f90,met_forcing,"Current meteorological forcing values, station mapping and input intervals.",,4,src/driver/rest.f90;src/driver/run_sim.f90;src/evapotranspiration/ETmod.f90;src/snow/SMmod.f90,0,,Net radiation by meteorological site (W/m2).
VHT,src/core/state/AL_D.f90,AL_D,232,DOUBLEPRECISION,,(NVEE),False,src/evapotranspiration/et_state.f90,et_state,"Canopy, vegetation and evaporation state shared with other components.",,4,src/driver/rest.f90;src/driver/run_sim.f90;src/frame/FRmod.f90;src/snow/SMmod.f90,0,,Current vegetation height by vegetation type (m).
IOTIME,src/core/state/AL_D.f90,AL_D,233,DOUBLEPRECISION,,(NSETEE),False,src/frame/legacy_result_files.f90,legacy_result_files,Legacy unformatted result-set metadata and writers.,,1,src/frame/FRmod.f90,0,,Next output time for each legacy result set (h).
DQ0ST,src/core/state/AL_D.f90,AL_D,234,DOUBLEPRECISION,,"(NELEE,4)",False,src/overland_channel/oc_state.f90,oc_state,"Water levels, face discharges, roughness and flow derivatives.",,4,src/driver/run_sim.f90;src/frame/FRmod.f90;src/overland_channel/OCQDQMOD.F90;src/overland_channel/OCmod.f90,0,,Face-flow derivative with respect to the local element state.
DQIST,src/core/state/AL_D.f90,AL_D,235,DOUBLEPRECISION,,"(NELEE,4)",False,src/overland_channel/oc_state.f90,oc_state,"Water levels, face discharges, roughness and flow derivatives.",,4,src/driver/run_sim.f90;src/frame/FRmod.f90;src/overland_channel/OCQDQMOD.F90;src/overland_channel/OCmod.f90,0,,Face-flow derivative with respect to the adjacent element state.
DQIST2,src/core/state/AL_D.f90,AL_D,236,DOUBLEPRECISION,,"(NLFEE,3)",False,src/overland_channel/oc_state.f90,oc_state,"Water levels, face discharges, roughness and flow derivatives.",,4,src/driver/run_sim.f90;src/frame/FRmod.f90;src/overland_channel/OCQDQMOD.F90;src/overland_channel/OCmod.f90,0,,Confluence-flow derivative by branch record and branch position.
ESWA,src/core/state/AL_D.f90,AL_D,237,DOUBLEPRECISION,,(NELEE),False,src/evapotranspiration/et_state.f90,et_state,"Canopy, vegetation and evaporation state shared with other components.",,3,src/driver/run_sim.f90;src/evapotranspiration/ETmod.f90;src/overland_channel/OCmod.f90,0,,Surface-water evaporation rate by element (m/s).
BALANC,src/core/state/AL_D.f90,AL_D,238,DOUBLEPRECISION,,(20),False,src/driver/water_balance.f90,water_balance,Catchment water-balance accumulation and reporting schedule.,,2,src/driver/rest.f90;src/frame/FRmod.f90,0,,Catchment water-volume terms described in the module table (m3).
CMEAN,src/core/state/AL_D.f90,AL_D,239,DOUBLEPRECISION,,"(NELEE,2,NCONEE)",False,src/core/legacy_retained.f90,legacy_retained,Retained state documented as having no current producer or consumer.,,0,,0,,Inactive legacy dissolved-contaminant mean accumulator.
SMEAN,src/core/state/AL_D.f90,AL_D,240,DOUBLEPRECISION,,"(NELEE,2,NCONEE)",False,src/core/legacy_retained.f90,legacy_retained,Retained state documented as having no current producer or consumer.,,0,,0,,Inactive legacy dead-space-contaminant mean accumulator.
ADMEAN,src/core/state/AL_D.f90,AL_D,241,DOUBLEPRECISION,,"(NELEE,2,NCONEE)",False,src/core/legacy_retained.f90,legacy_retained,Retained state documented as having no current producer or consumer.,,0,,0,,Inactive legacy adsorbed-contaminant mean accumulator.
RESFIL,src/core/state/AL_D.f90,AL_D,243,CHARACTER(len=200),,,False,src/frame/legacy_result_files.f90,legacy_result_files,Legacy unformatted result-set metadata and writers.,,1,src/frame/FRmod.f90,0,,Path used as the stem for legacy unformatted result files.
NX,src/core/state/AL_G.F90,AL_G,42,INTEGER,,,False,src/core/grid_topology.f90,grid_topology,"Active grid extent, element/coordinate lookup and face connectivity.",,6,src/driver/run_sim.f90;src/frame/FRmod.f90;src/overland_channel/OCmod.f90;src/subsurface/VSmod.f90;src/util/utilsmod.f90;src/visualisation/visualisation_interface_left.f90,1,src/contaminant/CMmod.f90,Number of grid positions in the active x direction.
NY,src/core/state/AL_G.F90,AL_G,43,INTEGER,,,False,src/core/grid_topology.f90,grid_topology,"Active grid extent, element/coordinate lookup and face connectivity.",,6,src/driver/run_sim.f90;src/frame/FRmod.f90;src/overland_channel/OCmod.f90;src/subsurface/VSmod.f90;src/util/utilsmod.f90;src/visualisation/visualisation_interface_left.f90,1,src/contaminant/CMmod.f90,Number of grid positions in the active y direction.
NGDBGN,src/core/state/AL_G.F90,AL_G,44,INTEGER,,,False,src/core/grid_topology.f90,grid_topology,"Active grid extent, element/coordinate lookup and face connectivity.",,6,src/driver/run_sim.f90;src/evapotranspiration/ETmod.f90;src/frame/FRmod.f90;src/overland_channel/OCmod.f90;src/subsurface/VSmod.f90;src/util/utilsmod.f90,0,,"First non-link element number, always `total_no_links+1`."
ICMREF,src/core/state/AL_G.F90,AL_G,46,INTEGER,,"(NELEE,12)",False,src/core/grid_topology.f90,grid_topology,"Active grid extent, element/coordinate lookup and face connectivity.",,9,src/driver/rest.f90;src/driver/run_sim.f90;src/evapotranspiration/ETmod.f90;src/frame/FRmod.f90;src/overland_channel/OCQDQMOD.F90;src/overland_channel/OCmod.f90;src/subsurface/VSmod.f90;src/util/utilsmod.f90;src/visualisation/visualisation_interface_left.f90,1,src/contaminant/CMmod.f90,"Element metadata, neighbours, and reciprocal-face mapping described above."
ICMXY,src/core/state/AL_G.F90,AL_G,47,INTEGER,,"(NXEE,NYEE)",False,src/core/grid_topology.f90,grid_topology,"Active grid extent, element/coordinate lookup and face connectivity.",,7,src/driver/run_sim.f90;src/frame/FRmod.f90;src/overland_channel/OCQDQMOD.F90;src/overland_channel/OCmod.f90;src/subsurface/VSmod.f90;src/util/utilsmod.f90;src/visualisation/visualisation_interface_left.f90,1,src/contaminant/CMmod.f90,Active grid-coordinate to element-number lookup.
rundata_from_file_dialog,src/driver/getdirqq.f90,GETDIRQQ,62,LOGICAL,PROTECTED,,False,src/driver/command_line.f90,command_line,Command-line parsing and rundata-file selection.,,1,src/Shetran.f90,0,,
FileName,src/driver/getdirqq.f90,GETDIRQQ,65,CHARACTER(LEN=LENGTH_FILEPATH),,,False,src/driver/command_line.f90,command_line,Command-line parsing and rundata-file selection.,,0,,0,,NUL-terminated QuickWin dialog filename buffer.
FIRST_balwat,src/driver/rest.f90,rest,53,LOGICAL,,,False,src/driver/water_balance.f90,water_balance,Catchment water-balance accumulation and reporting schedule.,,0,,0,,`.TRUE.` until `BALWAT` has initialised `STORW_balwat` and `WBERR` on its first call.
STORW_balwat,src/driver/rest.f90,rest,54,DOUBLEPRECISION,,(NELEE),False,src/driver/water_balance.f90,water_balance,Catchment water-balance accumulation and reporting schedule.,,0,,0,,Water storage depth for each element/link at the previous `BALWAT` call (m).
pinp,src/driver/rest.f90,rest,55,DOUBLEPRECISION,,(nvee + 10),False,src/meteorology/met_input.f90,met_input,Reads combined and separate meteorological forcing records.,,1,src/driver/run_sim.f90,0,,"Current precipitation input by rain station, used by `METIN` and `TMSTEP` (mm/hr)."
METIME,src/driver/rest.f90,rest,56,DOUBLEPRECISION,,,False,src/meteorology/met_input.f90,met_input,Reads combined and separate meteorological forcing records.,,1,src/driver/run_sim.f90,0,,End time of the current precipitation/full-meteorological record window (h).
MELAST,src/driver/rest.f90,rest,57,DOUBLEPRECISION,,,False,src/meteorology/met_input.f90,met_input,Reads combined and separate meteorological forcing records.,,1,src/driver/run_sim.f90,0,,Start time of the current precipitation/full-meteorological record window (h).
EPTIME,src/driver/rest.f90,rest,58,DOUBLEPRECISION,,,False,src/meteorology/met_input.f90,met_input,Reads combined and separate meteorological forcing records.,,1,src/driver/run_sim.f90,0,,End time of the current potential-evaporation record window (h).
RECORD_HEADROOM,src/driver/rest.f90,rest,61,INTEGER,PARAMETER,,True,src/meteorology/met_input.f90,met_input,Reads combined and separate meteorological forcing records.,,0,,0,,Characters kept free at the end of `MET_RECORD`; a record reaching into them is treated as too long for the buffer.
IOSTAGE_NONE,src/driver/rest.f90,rest,62,INTEGER,PARAMETER,,True,src/meteorology/met_input.f90,met_input,Reads combined and separate meteorological forcing records.,,0,,0,,`READ_DATED_RECORD` completed without an error.
IOSTAGE_RECORD,src/driver/rest.f90,rest,63,INTEGER,PARAMETER,,True,src/meteorology/met_input.f90,met_input,Reads combined and separate meteorological forcing records.,,0,,0,,`READ_DATED_RECORD` failed while reading the timestamp and record text.
IOSTAGE_VALUES,src/driver/rest.f90,rest,64,INTEGER,PARAMETER,,True,src/meteorology/met_input.f90,met_input,Reads combined and separate meteorological forcing records.,,0,,0,,`READ_DATED_RECORD` failed while parsing the values of the record.
IOS_SHORT_RECORD,src/driver/rest.f90,rest,65,INTEGER,PARAMETER,,True,src/meteorology/met_input.f90,met_input,Reads combined and separate meteorological forcing records.,,0,,0,,`IOS` reported by `READ_DATED_RECORD` for a record holding fewer values than expected.
MET_RECORD,src/driver/rest.f90,rest,67,CHARACTER(LEN=:),ALLOCATABLE,,False,src/meteorology/met_input.f90,met_input,Reads combined and separate meteorological forcing records.,,0,,0,,Reusable buffer holding the value part of the dated meteorological record currently being read.
MET_RECORD_SIZED,src/driver/rest.f90,rest,68,LOGICAL,,,False,src/meteorology/met_input.f90,met_input,Reads combined and separate meteorological forcing records.,,0,,0,,`.TRUE.` once `MET_RECORD` has been resized from its initial capacity to fit the first data line read.
LAMDA,src/evapotranspiration/ETmod.f90,ETmod,88,DOUBLEPRECISION,PARAMETER,,True,src/core/mod_parameters.f90,mod_parameters,"Numeric kinds, buffer lengths, sentinels, mathematical and physical constants.",L_VAPORISATION_ET,0,,0,,Latent heat of vaporisation used by the Penman equations (J/kg).
GAMMA,src/evapotranspiration/ETmod.f90,ETmod,89,DOUBLEPRECISION,PARAMETER,,True,src/core/mod_parameters.f90,mod_parameters,"Numeric kinds, buffer lengths, sentinels, mathematical and physical constants.",PSYCHROMETRIC_CONSTANT,0,,0,,Psychrometric constant used with `DEL` (mb/degree C).
RHO,src/evapotranspiration/ETmod.f90,ETmod,90,DOUBLEPRECISION,PARAMETER,,True,src/core/mod_parameters.f90,mod_parameters,"Numeric kinds, buffer lengths, sentinels, mathematical and physical constants.",RHO_AIR_ET,0,,0,,Fixed air density (kg/m3).
CP,src/evapotranspiration/ETmod.f90,ETmod,91,DOUBLEPRECISION,PARAMETER,,True,src/core/mod_parameters.f90,mod_parameters,"Numeric kinds, buffer lengths, sentinels, mathematical and physical constants.",CP_AIR_ET,0,,0,,Fixed specific heat capacity of air (J/kg/degree C).
BAR,src/evapotranspiration/ETmod.f90,ETmod,93,LOGICAL,,(NVEE),False,src/evapotranspiration/et_config.f90,et_config,ET parameters and the time-varying vegetation tables.,,1,src/frame/FRmod.f90,0,,Manual `ET8` selector: compute `RA` from wind when true; retain its input constant otherwise.
BMETP,src/evapotranspiration/ETmod.f90,ETmod,94,LOGICAL,,,False,src/evapotranspiration/et_config.f90,et_config,ET parameters and the time-varying vegetation tables.,,2,src/driver/rest.f90;src/frame/FRmod.f90,0,,Manual `ET2` selector for echoing meteorological input to the print file.
BINETP,src/evapotranspiration/ETmod.f90,ETmod,95,LOGICAL,,,False,src/evapotranspiration/et_config.f90,et_config,ET parameters and the time-varying vegetation tables.,,1,src/frame/FRmod.f90,0,,Manual `ET2` selector for echoing ET parameter input to the print file.
BMETAL,src/evapotranspiration/ETmod.f90,ETmod,96,LOGICAL,,,False,src/evapotranspiration/et_config.f90,et_config,ET parameters and the time-varying vegetation tables.,,2,src/driver/rest.f90;src/frame/FRmod.f90,0,,Manual `ET2` selector for separate `PRD`/`EPD` forcing rather than combined `MED` forcing.
BMETDATES,src/evapotranspiration/ETmod.f90,ETmod,97,LOGICAL,,,False,src/evapotranspiration/et_config.f90,et_config,ET parameters and the time-varying vegetation tables.,,2,src/driver/rest.f90;src/frame/FRmod.f90,0,,Optional manual `ET2` selector for ISO-8601 dates in separate forcing files.
MODE,src/evapotranspiration/ETmod.f90,ETmod,99,INTEGER,,(NVEE),False,src/evapotranspiration/et_config.f90,et_config,ET parameters and the time-varying vegetation tables.,,1,src/frame/FRmod.f90,0,,Manual `ET8` actual-ET mode by vegetation type.
NF,src/evapotranspiration/ETmod.f90,ETmod,100,INTEGER,,(NVEE),False,src/evapotranspiration/et_config.f90,et_config,ET parameters and the time-varying vegetation tables.,,1,src/frame/FRmod.f90,0,,Number of active `PS1`/`RCF`/`FET` rows by vegetation type.
MEASPE,src/evapotranspiration/ETmod.f90,ETmod,101,INTEGER,,(NVEE),False,src/evapotranspiration/et_config.f90,et_config,ET parameters and the time-varying vegetation tables.,,2,src/driver/rest.f90;src/frame/FRmod.f90,0,,Manual `ET6` measured-potential-evaporation selector by meteorological site.
MODECS,src/evapotranspiration/ETmod.f90,ETmod,102,INTEGER,,(NVEE),False,src/evapotranspiration/et_config.f90,et_config,ET parameters and the time-varying vegetation tables.,,2,src/driver/rest.f90;src/frame/FRmod.f90,0,,Zero for constant `CSTCAP`; any nonzero value enables time interpolation.
MODEPL,src/evapotranspiration/ETmod.f90,ETmod,103,INTEGER,,(NVEE),False,src/evapotranspiration/et_config.f90,et_config,ET parameters and the time-varying vegetation tables.,,2,src/driver/rest.f90;src/frame/FRmod.f90,0,,Zero for constant `PLAI`; any nonzero value enables time interpolation.
MODECL,src/evapotranspiration/ETmod.f90,ETmod,104,INTEGER,,(NVEE),False,src/evapotranspiration/et_config.f90,et_config,ET parameters and the time-varying vegetation tables.,,2,src/driver/rest.f90;src/frame/FRmod.f90,0,,Zero for constant `CLAI`; any nonzero value enables time interpolation.
MODEVH,src/evapotranspiration/ETmod.f90,ETmod,105,INTEGER,,(NVEE),False,src/evapotranspiration/et_config.f90,et_config,ET parameters and the time-varying vegetation tables.,,2,src/driver/rest.f90;src/frame/FRmod.f90,0,,Zero for constant `VHT`; any nonzero value enables time interpolation.
NCTCST,src/evapotranspiration/ETmod.f90,ETmod,106,INTEGER,,(NVEE),False,src/evapotranspiration/et_config.f90,et_config,ET parameters and the time-varying vegetation tables.,,3,src/driver/rest.f90;src/driver/run_sim.f90;src/frame/FRmod.f90,0,,Current lower-breakpoint cursor for canopy-storage interpolation.
NCTPLA,src/evapotranspiration/ETmod.f90,ETmod,107,INTEGER,,(NVEE),False,src/evapotranspiration/et_config.f90,et_config,ET parameters and the time-varying vegetation tables.,,3,src/driver/rest.f90;src/driver/run_sim.f90;src/frame/FRmod.f90,0,,Current lower-breakpoint cursor for ground-cover interpolation.
NCTCLA,src/evapotranspiration/ETmod.f90,ETmod,108,INTEGER,,(NVEE),False,src/evapotranspiration/et_config.f90,et_config,ET parameters and the time-varying vegetation tables.,,3,src/driver/rest.f90;src/driver/run_sim.f90;src/frame/FRmod.f90,0,,Current lower-breakpoint cursor for canopy-LAI interpolation.
NCTVHT,src/evapotranspiration/ETmod.f90,ETmod,109,INTEGER,,(NVEE),False,src/evapotranspiration/et_config.f90,et_config,ET parameters and the time-varying vegetation tables.,,3,src/driver/rest.f90;src/driver/run_sim.f90;src/frame/FRmod.f90,0,,Current lower-breakpoint cursor for vegetation-height interpolation.
RA,src/evapotranspiration/ETmod.f90,ETmod,111,DOUBLEPRECISION,"DIMENSION(:), ALLOCATABLE",(:),False,src/evapotranspiration/et_config.f90,et_config,ET parameters and the time-varying vegetation tables.,,2,src/driver/run_sim.f90;src/frame/FRmod.f90,0,,Aerodynamic resistance by vegetation type (s/m).
RC,src/evapotranspiration/ETmod.f90,ETmod,112,DOUBLEPRECISION,"DIMENSION(:), ALLOCATABLE",(:),False,src/evapotranspiration/et_config.f90,et_config,ET parameters and the time-varying vegetation tables.,,2,src/driver/run_sim.f90;src/frame/FRmod.f90,0,,Canopy resistance by vegetation type (s/m).
RTOP,src/evapotranspiration/ETmod.f90,ETmod,113,DOUBLEPRECISION,"DIMENSION(:), ALLOCATABLE",(:),False,src/evapotranspiration/et_config.f90,et_config,ET parameters and the time-varying vegetation tables.,,1,src/frame/FRmod.f90,0,,Wind-independent `RA*U` factor by vegetation type.
CSTCAP,src/evapotranspiration/ETmod.f90,ETmod,114,DOUBLEPRECISION,"DIMENSION(:), ALLOCATABLE",(:),False,src/evapotranspiration/et_config.f90,et_config,ET parameters and the time-varying vegetation tables.,,3,src/driver/rest.f90;src/driver/run_sim.f90;src/frame/FRmod.f90,0,,Canopy storage capacity by vegetation type (mm).
CK,src/evapotranspiration/ETmod.f90,ETmod,115,DOUBLEPRECISION,"DIMENSION(:), ALLOCATABLE",(:),False,src/evapotranspiration/et_config.f90,et_config,ET parameters and the time-varying vegetation tables.,,1,src/frame/FRmod.f90,0,,Canopy drainage coefficient by vegetation type (mm/s).
CB,src/evapotranspiration/ETmod.f90,ETmod,116,DOUBLEPRECISION,"DIMENSION(:), ALLOCATABLE",(:),False,src/evapotranspiration/et_config.f90,et_config,ET parameters and the time-varying vegetation tables.,,1,src/frame/FRmod.f90,0,,Canopy drainage exponent coefficient by vegetation type (1/mm).
DEL,src/evapotranspiration/ETmod.f90,ETmod,117,DOUBLEPRECISION,"DIMENSION(:), ALLOCATABLE",(:),False,src/evapotranspiration/et_config.f90,et_config,ET parameters and the time-varying vegetation tables.,,2,src/driver/rest.f90;src/driver/run_sim.f90,0,,Saturation vapour-pressure slope by meteorological site (mb/degree C).
PSI4,src/evapotranspiration/ETmod.f90,ETmod,118,DOUBLEPRECISION,"DIMENSION(:), ALLOCATABLE",(:),False,src/evapotranspiration/et_config.f90,et_config,ET parameters and the time-varying vegetation tables.,,1,src/driver/run_sim.f90,0,,Current land-column pressure heads copied from `VSPSI` (m).
UZALFA,src/evapotranspiration/ETmod.f90,ETmod,119,DOUBLEPRECISION,"DIMENSION(:), ALLOCATABLE",(:),False,src/evapotranspiration/et_config.f90,et_config,ET parameters and the time-varying vegetation tables.,,1,src/driver/run_sim.f90,0,,Current bank/channel root-access weighting by vertical cell.
CSTCA1,src/evapotranspiration/ETmod.f90,ETmod,120,DOUBLEPRECISION,"DIMENSION(:), ALLOCATABLE",(:),False,src/evapotranspiration/et_config.f90,et_config,ET parameters and the time-varying vegetation tables.,,2,src/driver/rest.f90;src/frame/FRmod.f90,0,,Initial/reference canopy storage capacity by vegetation type (mm).
PLAI1,src/evapotranspiration/ETmod.f90,ETmod,121,DOUBLEPRECISION,"DIMENSION(:), ALLOCATABLE",(:),False,src/evapotranspiration/et_config.f90,et_config,ET parameters and the time-varying vegetation tables.,,2,src/driver/rest.f90;src/frame/FRmod.f90,0,,Initial/reference maximum ground-cover proportion by vegetation type.
CLAI1,src/evapotranspiration/ETmod.f90,ETmod,122,DOUBLEPRECISION,"DIMENSION(:), ALLOCATABLE",(:),False,src/evapotranspiration/et_config.f90,et_config,ET parameters and the time-varying vegetation tables.,,2,src/driver/rest.f90;src/frame/FRmod.f90,0,,Initial/reference canopy leaf-area index by vegetation type.
VHT1,src/evapotranspiration/ETmod.f90,ETmod,123,DOUBLEPRECISION,"DIMENSION(:), ALLOCATABLE",(:),False,src/evapotranspiration/et_config.f90,et_config,ET parameters and the time-varying vegetation tables.,,2,src/driver/rest.f90;src/frame/FRmod.f90,0,,Initial/reference vegetation height by vegetation type (m).
PS1,src/evapotranspiration/ETmod.f90,ETmod,124,DOUBLEPRECISION,"DIMENSION(:, :), ALLOCATABLE","(:, :)",False,src/evapotranspiration/et_config.f90,et_config,ET parameters and the time-varying vegetation tables.,,1,src/frame/FRmod.f90,0,,Manual `ET16` soil-moisture-tension table (m).
FET,src/evapotranspiration/ETmod.f90,ETmod,125,DOUBLEPRECISION,"DIMENSION(:, :), ALLOCATABLE","(:, :)",False,src/evapotranspiration/et_config.f90,et_config,ET parameters and the time-varying vegetation tables.,,1,src/frame/FRmod.f90,0,,Manual `ET16` actual/potential ET ratio table.
RCF,src/evapotranspiration/ETmod.f90,ETmod,126,DOUBLEPRECISION,"DIMENSION(:, :), ALLOCATABLE","(:, :)",False,src/evapotranspiration/et_config.f90,et_config,ET parameters and the time-varying vegetation tables.,,1,src/frame/FRmod.f90,0,,Manual `ET16` canopy-resistance table (s/m).
RELCST,src/evapotranspiration/ETmod.f90,ETmod,127,DOUBLEPRECISION,"DIMENSION(:, :), ALLOCATABLE","(:, :)",False,src/evapotranspiration/et_config.f90,et_config,ET parameters and the time-varying vegetation tables.,,2,src/driver/rest.f90;src/frame/FRmod.f90,0,,Relative canopy-storage values by vegetation and breakpoint.
TIMCST,src/evapotranspiration/ETmod.f90,ETmod,128,DOUBLEPRECISION,"DIMENSION(:, :), ALLOCATABLE","(:, :)",False,src/evapotranspiration/et_config.f90,et_config,ET parameters and the time-varying vegetation tables.,,2,src/driver/rest.f90;src/frame/FRmod.f90,0,,Canopy-storage breakpoint times (days).
RELPLA,src/evapotranspiration/ETmod.f90,ETmod,129,DOUBLEPRECISION,"DIMENSION(:, :), ALLOCATABLE","(:, :)",False,src/evapotranspiration/et_config.f90,et_config,ET parameters and the time-varying vegetation tables.,,2,src/driver/rest.f90;src/frame/FRmod.f90,0,,Relative ground-cover values by vegetation and breakpoint.
TIMPLA,src/evapotranspiration/ETmod.f90,ETmod,130,DOUBLEPRECISION,"DIMENSION(:, :), ALLOCATABLE","(:, :)",False,src/evapotranspiration/et_config.f90,et_config,ET parameters and the time-varying vegetation tables.,,2,src/driver/rest.f90;src/frame/FRmod.f90,0,,Ground-cover breakpoint times (days).
RELCLA,src/evapotranspiration/ETmod.f90,ETmod,131,DOUBLEPRECISION,"DIMENSION(:, :), ALLOCATABLE","(:, :)",False,src/evapotranspiration/et_config.f90,et_config,ET parameters and the time-varying vegetation tables.,,2,src/driver/rest.f90;src/frame/FRmod.f90,0,,Relative canopy-LAI values by vegetation and breakpoint.
TIMCLA,src/evapotranspiration/ETmod.f90,ETmod,132,DOUBLEPRECISION,"DIMENSION(:, :), ALLOCATABLE","(:, :)",False,src/evapotranspiration/et_config.f90,et_config,ET parameters and the time-varying vegetation tables.,,2,src/driver/rest.f90;src/frame/FRmod.f90,0,,Canopy-LAI breakpoint times (days).
RELVHT,src/evapotranspiration/ETmod.f90,ETmod,133,DOUBLEPRECISION,"DIMENSION(:, :), ALLOCATABLE","(:, :)",False,src/evapotranspiration/et_config.f90,et_config,ET parameters and the time-varying vegetation tables.,,2,src/driver/rest.f90;src/frame/FRmod.f90,0,,Relative vegetation-height values by vegetation and breakpoint.
TIMVHT,src/evapotranspiration/ETmod.f90,ETmod,134,DOUBLEPRECISION,"DIMENSION(:, :), ALLOCATABLE","(:, :)",False,src/evapotranspiration/et_config.f90,et_config,ET parameters and the time-varying vegetation tables.,,2,src/driver/rest.f90;src/frame/FRmod.f90,0,,Vegetation-height breakpoint times (days).
msg,src/evapotranspiration/ETmod.f90,ETmod,136,CHARACTER(132),,,False,src/evapotranspiration/et_config.f90,et_config,ET parameters and the time-varying vegetation tables.,,0,,0,,Shared private warning/fatal diagnostic buffer.
IAOUT,src/frame/FRmod.f90,FRmod,119,INTEGER,,,False,src/frame/legacy_result_files.f90,legacy_result_files,Legacy unformatted result-set metadata and writers.,,0,,0,,Legacy frame-output selector read from the FR data file.
ALLOUT,src/frame/FRmod.f90,FRmod,120,DOUBLEPRECISION,,,False,src/frame/legacy_result_files.f90,legacy_result_files,Legacy unformatted result-set metadata and writers.,,0,,0,,Next accumulated legacy output-control time (h).
DTAO,src/frame/FRmod.f90,FRmod,121,DOUBLEPRECISION,,,False,src/frame/legacy_result_files.f90,legacy_result_files,Legacy unformatted result-set metadata and writers.,,0,,0,,Legacy output interval (h).
TSH,src/frame/FRmod.f90,FRmod,122,DOUBLEPRECISION,,,False,src/frame/run_control.f90,run_control,"Run title, component-enable switches, hotstart settings and print flags.",,1,src/driver/run_sim.f90,0,,Sediment-component start time measured from the run start (h).
TCH,src/frame/FRmod.f90,FRmod,123,DOUBLEPRECISION,,,False,src/frame/run_control.f90,run_control,"Run title, component-enable switches, hotstart settings and print flags.",,1,src/driver/run_sim.f90,0,,Contaminant-component start time measured from the run start (h).
BFRTS1,src/frame/FRmod.f90,FRmod,124,LOGICAL,,,False,src/frame/run_control.f90,run_control,"Run title, component-enable switches, hotstart settings and print flags.",,0,,0,,Print the calculation sequence to the screen during simulation.
BFRTS2,src/frame/FRmod.f90,FRmod,125,LOGICAL,,,False,src/frame/run_control.f90,run_control,"Run title, component-enable switches, hotstart settings and print flags.",,0,,0,,Print values exchanged between the frame and components each timestep.
BINFRP,src/frame/FRmod.f90,FRmod,126,LOGICAL,,,False,src/frame/run_control.f90,run_control,"Run title, component-enable switches, hotstart settings and print flags.",,0,,0,,Echo frame input data to the print file.
BTIME,src/frame/FRmod.f90,FRmod,127,LOGICAL,,,False,src/frame/legacy_result_files.f90,legacy_result_files,Legacy unformatted result-set metadata and writers.,,1,src/driver/run_sim.f90,0,,Enable time-series result processing.
BSOFT,src/frame/FRmod.f90,FRmod,128,LOGICAL,,,False,src/frame/run_control.f90,run_control,"Run title, component-enable switches, hotstart settings and print flags.",,1,src/driver/rest.f90,0,,Enable the shortened-timestep soft start.
BSTORE,src/frame/FRmod.f90,FRmod,129,LOGICAL,,,False,src/frame/legacy_result_files.f90,legacy_result_files,Legacy unformatted result-set metadata and writers.,,1,src/driver/run_sim.f90,0,,Enable the legacy result-output method.
BPPNET,src/frame/FRmod.f90,FRmod,130,LOGICAL,,,False,src/frame/frame_output.f90,frame_output,"Scheduled text and CSV output, plus the final-state file.",,0,,0,,Print net precipitation arrays.
BPEPOT,src/frame/FRmod.f90,FRmod,131,LOGICAL,,,False,src/frame/frame_output.f90,frame_output,"Scheduled text and CSV output, plus the final-state file.",,0,,0,,Print potential-evaporation arrays.
BPQOC,src/frame/FRmod.f90,FRmod,132,LOGICAL,,,False,src/frame/frame_output.f90,frame_output,"Scheduled text and CSV output, plus the final-state file.",,0,,0,,Print overland/channel discharge arrays.
BPDEP,src/frame/FRmod.f90,FRmod,133,LOGICAL,,,False,src/frame/frame_output.f90,frame_output,"Scheduled text and CSV output, plus the final-state file.",,0,,0,,Print surface-water-depth arrays.
BPQF,src/frame/FRmod.f90,FRmod,134,LOGICAL,,,False,src/frame/frame_output.f90,frame_output,"Scheduled text and CSV output, plus the final-state file.",,0,,0,,Print river-level and river-flow arrays.
BPQH,src/frame/FRmod.f90,FRmod,135,LOGICAL,,,False,src/frame/frame_output.f90,frame_output,"Scheduled text and CSV output, plus the final-state file.",,0,,0,,Print infiltration arrays.
BPQSZ,src/frame/FRmod.f90,FRmod,136,LOGICAL,,,False,src/frame/frame_output.f90,frame_output,"Scheduled text and CSV output, plus the final-state file.",,0,,0,,Print saturated-zone flow arrays.
BPHSZ,src/frame/FRmod.f90,FRmod,137,LOGICAL,,,False,src/frame/frame_output.f90,frame_output,"Scheduled text and CSV output, plus the final-state file.",,0,,0,,Print phreatic-surface-level arrays.
BPBAL,src/frame/FRmod.f90,FRmod,138,LOGICAL,,,False,src/frame/frame_output.f90,frame_output,"Scheduled text and CSV output, plus the final-state file.",,0,,0,,Print water-balance arrays.
BPSD,src/frame/FRmod.f90,FRmod,139,LOGICAL,,,False,src/frame/frame_output.f90,frame_output,"Scheduled text and CSV output, plus the final-state file.",,0,,0,,Print snow-depth arrays.
TITLE,src/frame/FRmod.f90,FRmod,141,CHARACTER(LEN=80),,,False,src/frame/run_control.f90,run_control,"Run title, component-enable switches, hotstart settings and print flags.",,0,,0,,Current run title or input-section heading.
msg,src/frame/FRmod.f90,FRmod,142,CHARACTER(256),,,False,src/frame/run_control.f90,run_control,"Run title, component-enable switches, hotstart settings and print flags.",,0,,0,,Shared formatted diagnostic message.
next_hour,src/frame/FRmod.f90,FRmod,144,INTEGER,SAVE,,False,src/frame/frame_output.f90,frame_output,"Scheduled text and CSV output, plus the final-state file.",,1,src/driver/run_sim.f90,0,,AD-exported compatibility copy; shadowed by [[froutput]] and remains 1.
icounter2,src/frame/FRmod.f90,FRmod,145,INTEGER,SAVE,,False,src/frame/frame_output.f90,frame_output,"Scheduled text and CSV output, plus the final-state file.",,1,src/driver/run_sim.f90,0,,Next whole-day mass-balance output threshold (h).
hour_now,src/frame/FRmod.f90,FRmod,146,INTEGER,,,False,src/frame/frame_output.f90,frame_output,"Scheduled text and CSV output, plus the final-state file.",,0,,0,,Unused module copy shadowed by [[froutput]].
qoctot,src/frame/FRmod.f90,FRmod,147,DOUBLEPRECISION,,,False,src/frame/frame_output.f90,frame_output,"Scheduled text and CSV output, plus the final-state file.",,1,src/driver/run_sim.f90,0,,AD-exported compatibility copy shadowed by [[froutput]].
uzold,src/frame/FRmod.f90,FRmod,148,DOUBLEPRECISION,,,False,src/frame/frame_output.f90,frame_output,"Scheduled text and CSV output, plus the final-state file.",,1,src/driver/run_sim.f90,0,,AD-exported compatibility copy shadowed by [[froutput]].
uznowt,src/frame/FRmod.f90,FRmod,149,DOUBLEPRECISION,,,False,src/frame/frame_output.f90,frame_output,"Scheduled text and CSV output, plus the final-state file.",,0,,0,,Unused module copy shadowed by [[froutput]].
sedtot,src/frame/FRmod.f90,FRmod,150,DOUBLEPRECISION,,,False,src/frame/frame_output.f90,frame_output,"Scheduled text and CSV output, plus the final-state file.",,0,,0,,Public compatibility copy shadowed by [[froutput]].
sedfinetot,src/frame/FRmod.f90,FRmod,151,DOUBLEPRECISION,,,False,src/frame/frame_output.f90,frame_output,"Scheduled text and CSV output, plus the final-state file.",,0,,0,,Public compatibility copy shadowed by [[froutput]].
contamtot,src/frame/FRmod.f90,FRmod,152,DOUBLEPRECISION,,,False,src/frame/frame_output.f90,frame_output,"Scheduled text and CSV output, plus the final-state file.",,0,,0,,Public compatibility copy shadowed by [[froutput]].
qoctotextra,src/frame/FRmod.f90,FRmod,153,DOUBLEPRECISION,"DIMENSION(:), ALLOCATABLE",(:),False,src/frame/frame_output.f90,frame_output,"Scheduled text and CSV output, plus the final-state file.",,0,,0,,
PREVTM,src/frame/FRmod.f90,FRmod,155,DOUBLEPRECISION,,,False,src/frame/legacy_result_files.f90,legacy_result_files,Legacy unformatted result-set metadata and writers.,,0,,0,,Previous [[frresp]] call time (h); undefined before the first call.
TIMB,src/frame/FRmod.f90,FRmod,156,DOUBLEPRECISION,,,False,src/frame/mass_balance_report.f90,mass_balance_report,Periodic mass-balance reporting.,,0,,0,,Next monthly-balance reporting time (h).
FIRST_frmb,src/frame/FRmod.f90,FRmod,157,LOGICAL,,,False,src/frame/mass_balance_report.f90,mass_balance_report,Periodic mass-balance reporting.,,0,,0,,True until [[frmb]] initialises its persistent schedule.
SEDSRT,src/frame/FRmod.f90,FRmod,158,LOGICAL,,,False,src/frame/legacy_result_files.f90,legacy_result_files,Legacy unformatted result-set metadata and writers.,,0,,0,,True after sediment sorting state has been initialised.
GNUCUM,src/frame/FRmod.f90,FRmod,159,DOUBLEPRECISION,,(NELEE),False,src/frame/legacy_result_files.f90,legacy_result_files,Legacy unformatted result-set metadata and writers.,,0,,0,,Cumulative erosion-depth workspace (mm); initially undefined.
DLSSRT,src/frame/FRmod.f90,FRmod,160,DOUBLEPRECISION,,(NELEE),False,src/frame/legacy_result_files.f90,legacy_result_files,Legacy unformatted result-set metadata and writers.,,0,,0,,Loose-sediment-depth baseline captured by [[frresp]] (mm).
cahum,src/nitrate/MNmod.f90,MNmod,72,DOUBLEPRECISION,"DIMENSION(:, :), ALLOCATABLE","(:, :)",False,src/nitrate/mn_state.f90,mn_state,"Carbon and nitrogen pools, rates and per-cell nitrate state.",,0,,0,,External carbon-addition rate assigned to humus.
calit,src/nitrate/MNmod.f90,MNmod,73,DOUBLEPRECISION,"DIMENSION(:, :), ALLOCATABLE","(:, :)",False,src/nitrate/mn_state.f90,mn_state,"Carbon and nitrogen pools, rates and per-cell nitrate state.",,0,,0,,External carbon-addition rate assigned to litter.
caman,src/nitrate/MNmod.f90,MNmod,74,DOUBLEPRECISION,"DIMENSION(:, :), ALLOCATABLE","(:, :)",False,src/nitrate/mn_state.f90,mn_state,"Carbon and nitrogen pools, rates and per-cell nitrate state.",,0,,0,,External carbon-addition rate assigned to manure.
cdort,src/nitrate/MNmod.f90,MNmod,75,DOUBLEPRECISION,"DIMENSION(:, :), ALLOCATABLE","(:, :)",False,src/nitrate/mn_state.f90,mn_state,"Carbon and nitrogen pools, rates and per-cell nitrate state.",,0,,0,,Carbon-dioxide production rate from organic-matter turnover.
chum,src/nitrate/MNmod.f90,MNmod,76,DOUBLEPRECISION,"DIMENSION(:, :), ALLOCATABLE","(:, :)",False,src/nitrate/mn_state.f90,mn_state,"Carbon and nitrogen pools, rates and per-cell nitrate state.",,0,,0,,Humus carbon at the start of the timestep.
chum1,src/nitrate/MNmod.f90,MNmod,77,DOUBLEPRECISION,"DIMENSION(:, :), ALLOCATABLE","(:, :)",False,src/nitrate/mn_state.f90,mn_state,"Carbon and nitrogen pools, rates and per-cell nitrate state.",,0,,0,,Updated humus carbon.
clit,src/nitrate/MNmod.f90,MNmod,78,DOUBLEPRECISION,"DIMENSION(:, :), ALLOCATABLE","(:, :)",False,src/nitrate/mn_state.f90,mn_state,"Carbon and nitrogen pools, rates and per-cell nitrate state.",,0,,0,,Litter carbon at the start of the timestep.
clit1,src/nitrate/MNmod.f90,MNmod,79,DOUBLEPRECISION,"DIMENSION(:, :), ALLOCATABLE","(:, :)",False,src/nitrate/mn_state.f90,mn_state,"Carbon and nitrogen pools, rates and per-cell nitrate state.",,0,,0,,Updated litter carbon.
cman,src/nitrate/MNmod.f90,MNmod,80,DOUBLEPRECISION,"DIMENSION(:, :), ALLOCATABLE","(:, :)",False,src/nitrate/mn_state.f90,mn_state,"Carbon and nitrogen pools, rates and per-cell nitrate state.",,0,,0,,Manure carbon at the start of the timestep.
cman1,src/nitrate/MNmod.f90,MNmod,81,DOUBLEPRECISION,"DIMENSION(:, :), ALLOCATABLE","(:, :)",False,src/nitrate/mn_state.f90,mn_state,"Carbon and nitrogen pools, rates and per-cell nitrate state.",,0,,0,,Updated manure carbon.
denit,src/nitrate/MNmod.f90,MNmod,82,DOUBLEPRECISION,"DIMENSION(:, :), ALLOCATABLE","(:, :)",False,src/nitrate/mn_state.f90,mn_state,"Carbon and nitrogen pools, rates and per-cell nitrate state.",,0,,0,,Denitrification loss rate.
dummy4,src/nitrate/MNmod.f90,MNmod,83,DOUBLEPRECISION,"DIMENSION(:, :), ALLOCATABLE","(:, :)",False,src/nitrate/mn_state.f90,mn_state,"Carbon and nitrogen pools, rates and per-cell nitrate state.",,0,,0,,Transposed element/cell workspace for MN input checks.
dummy6,src/nitrate/MNmod.f90,MNmod,84,DOUBLEPRECISION,"DIMENSION(:, :), ALLOCATABLE","(:, :)",False,src/nitrate/mn_state.f90,mn_state,"Carbon and nitrogen pools, rates and per-cell nitrate state.",,0,,0,,Element/cell workspace for MN input checks.
edeth,src/nitrate/MNmod.f90,MNmod,85,DOUBLEPRECISION,"DIMENSION(:, :), ALLOCATABLE","(:, :)",False,src/nitrate/mn_state.f90,mn_state,"Carbon and nitrogen pools, rates and per-cell nitrate state.",,0,,0,,Water-content response factor for denitrification.
emph,src/nitrate/MNmod.f90,MNmod,86,DOUBLEPRECISION,"DIMENSION(:, :), ALLOCATABLE","(:, :)",False,src/nitrate/mn_state.f90,mn_state,"Carbon and nitrogen pools, rates and per-cell nitrate state.",,0,,0,,Matric-potential response factor for mineralisation.
emt,src/nitrate/MNmod.f90,MNmod,87,DOUBLEPRECISION,"DIMENSION(:, :), ALLOCATABLE","(:, :)",False,src/nitrate/mn_state.f90,mn_state,"Carbon and nitrogen pools, rates and per-cell nitrate state.",,0,,0,,Temperature response factor for mineralisation.
enph,src/nitrate/MNmod.f90,MNmod,88,DOUBLEPRECISION,"DIMENSION(:, :), ALLOCATABLE","(:, :)",False,src/nitrate/mn_state.f90,mn_state,"Carbon and nitrogen pools, rates and per-cell nitrate state.",,0,,0,,Matric-potential response factor for nitrification.
ent,src/nitrate/MNmod.f90,MNmod,89,DOUBLEPRECISION,"DIMENSION(:, :), ALLOCATABLE","(:, :)",False,src/nitrate/mn_state.f90,mn_state,"Carbon and nitrogen pools, rates and per-cell nitrate state.",,0,,0,,Temperature response factor for nitrification.
gam,src/nitrate/MNmod.f90,MNmod,90,DOUBLEPRECISION,"DIMENSION(:, :), ALLOCATABLE","(:, :)",False,src/nitrate/mn_state.f90,mn_state,"Carbon and nitrogen pools, rates and per-cell nitrate state.",,0,,0,,Net mineralisation rate after deficit adjustment.
gamtmp,src/nitrate/MNmod.f90,MNmod,91,DOUBLEPRECISION,"DIMENSION(:, :), ALLOCATABLE","(:, :)",False,src/nitrate/mn_state.f90,mn_state,"Carbon and nitrogen pools, rates and per-cell nitrate state.",,0,,0,,Unadjusted net mineralisation rate.
imamm,src/nitrate/MNmod.f90,MNmod,92,DOUBLEPRECISION,"DIMENSION(:, :), ALLOCATABLE","(:, :)",False,src/nitrate/mn_state.f90,mn_state,"Carbon and nitrogen pools, rates and per-cell nitrate state.",,0,,0,,Ammonium immobilisation rate.
imdiff,src/nitrate/MNmod.f90,MNmod,93,DOUBLEPRECISION,"DIMENSION(:, :), ALLOCATABLE","(:, :)",False,src/nitrate/mn_state.f90,mn_state,"Carbon and nitrogen pools, rates and per-cell nitrate state.",,0,,0,,Unmet immobilisation demand carried to the next timestep.
imnit,src/nitrate/MNmod.f90,MNmod,94,DOUBLEPRECISION,"DIMENSION(:, :), ALLOCATABLE","(:, :)",False,src/nitrate/mn_state.f90,mn_state,"Carbon and nitrogen pools, rates and per-cell nitrate state.",,0,,0,,Nitrate immobilisation rate.
isimtf,src/nitrate/MNmod.f90,MNmod,95,LOGICAL,"DIMENSION(:, :), ALLOCATABLE","(:, :)",False,src/nitrate/mn_state.f90,mn_state,"Carbon and nitrogen pools, rates and per-cell nitrate state.",,0,,0,,Whether an immobilisation deficit suppresses litter/manure turnover.
kd1,src/nitrate/MNmod.f90,MNmod,96,DOUBLEPRECISION,"DIMENSION(:, :), ALLOCATABLE","(:, :)",False,src/nitrate/mn_state.f90,mn_state,"Carbon and nitrogen pools, rates and per-cell nitrate state.",,0,,0,,Denitrification carbon-demand coefficient.
kd2,src/nitrate/MNmod.f90,MNmod,97,DOUBLEPRECISION,"DIMENSION(:, :), ALLOCATABLE","(:, :)",False,src/nitrate/mn_state.f90,mn_state,"Carbon and nitrogen pools, rates and per-cell nitrate state.",,0,,0,,Denitrification nitrate-availability coefficient.
khum,src/nitrate/MNmod.f90,MNmod,98,DOUBLEPRECISION,"DIMENSION(:, :), ALLOCATABLE","(:, :)",False,src/nitrate/mn_state.f90,mn_state,"Carbon and nitrogen pools, rates and per-cell nitrate state.",,0,,0,,Humus decomposition-rate coefficient.
klit,src/nitrate/MNmod.f90,MNmod,99,DOUBLEPRECISION,"DIMENSION(:, :), ALLOCATABLE","(:, :)",False,src/nitrate/mn_state.f90,mn_state,"Carbon and nitrogen pools, rates and per-cell nitrate state.",,0,,0,,Litter decomposition-rate coefficient.
kman,src/nitrate/MNmod.f90,MNmod,100,DOUBLEPRECISION,"DIMENSION(:, :), ALLOCATABLE","(:, :)",False,src/nitrate/mn_state.f90,mn_state,"Carbon and nitrogen pools, rates and per-cell nitrate state.",,0,,0,,Manure decomposition-rate coefficient.
knit,src/nitrate/MNmod.f90,MNmod,101,DOUBLEPRECISION,"DIMENSION(:, :), ALLOCATABLE","(:, :)",False,src/nitrate/mn_state.f90,mn_state,"Carbon and nitrogen pools, rates and per-cell nitrate state.",,0,,0,,Nitrification-rate coefficient.
kvol,src/nitrate/MNmod.f90,MNmod,102,DOUBLEPRECISION,"DIMENSION(:, :), ALLOCATABLE","(:, :)",False,src/nitrate/mn_state.f90,mn_state,"Carbon and nitrogen pools, rates and per-cell nitrate state.",,0,,0,,Ammonia-volatilisation-rate coefficient.
miner,src/nitrate/MNmod.f90,MNmod,103,DOUBLEPRECISION,"DIMENSION(:, :), ALLOCATABLE","(:, :)",False,src/nitrate/mn_state.f90,mn_state,"Carbon and nitrogen pools, rates and per-cell nitrate state.",,0,,0,,Gross mineralisation rate.
naamm,src/nitrate/MNmod.f90,MNmod,104,DOUBLEPRECISION,"DIMENSION(:, :), ALLOCATABLE","(:, :)",False,src/nitrate/mn_state.f90,mn_state,"Carbon and nitrogen pools, rates and per-cell nitrate state.",,0,,0,,Ammonium addition/deposition rate.
namm,src/nitrate/MNmod.f90,MNmod,105,DOUBLEPRECISION,"DIMENSION(:, :), ALLOCATABLE","(:, :)",False,src/nitrate/mn_state.f90,mn_state,"Carbon and nitrogen pools, rates and per-cell nitrate state.",,0,,0,,Ammonium concentration at the start of the timestep.
namm1,src/nitrate/MNmod.f90,MNmod,106,DOUBLEPRECISION,"DIMENSION(:, :), ALLOCATABLE","(:, :)",False,src/nitrate/mn_state.f90,mn_state,"Carbon and nitrogen pools, rates and per-cell nitrate state.",,0,,0,,Updated ammonium concentration.
nanit,src/nitrate/MNmod.f90,MNmod,107,DOUBLEPRECISION,"DIMENSION(:, :), ALLOCATABLE","(:, :)",False,src/nitrate/mn_state.f90,mn_state,"Carbon and nitrogen pools, rates and per-cell nitrate state.",,0,,0,,Nitrate addition/deposition rate.
ndnit,src/nitrate/MNmod.f90,MNmod,108,DOUBLEPRECISION,"DIMENSION(:, :), ALLOCATABLE","(:, :)",False,src/nitrate/mn_state.f90,mn_state,"Carbon and nitrogen pools, rates and per-cell nitrate state.",,0,,0,,Dimensional nitrate concentration in dynamic water.
ndsnt,src/nitrate/MNmod.f90,MNmod,109,DOUBLEPRECISION,"DIMENSION(:, :), ALLOCATABLE","(:, :)",False,src/nitrate/mn_state.f90,mn_state,"Carbon and nitrogen pools, rates and per-cell nitrate state.",,0,,0,,Dimensional nitrate concentration in dead-space water.
nlit,src/nitrate/MNmod.f90,MNmod,110,DOUBLEPRECISION,"DIMENSION(:, :), ALLOCATABLE","(:, :)",False,src/nitrate/mn_state.f90,mn_state,"Carbon and nitrogen pools, rates and per-cell nitrate state.",,0,,0,,Litter nitrogen at the start of the timestep.
nlit1,src/nitrate/MNmod.f90,MNmod,111,DOUBLEPRECISION,"DIMENSION(:, :), ALLOCATABLE","(:, :)",False,src/nitrate/mn_state.f90,mn_state,"Carbon and nitrogen pools, rates and per-cell nitrate state.",,0,,0,,Updated litter nitrogen.
nman,src/nitrate/MNmod.f90,MNmod,112,DOUBLEPRECISION,"DIMENSION(:, :), ALLOCATABLE","(:, :)",False,src/nitrate/mn_state.f90,mn_state,"Carbon and nitrogen pools, rates and per-cell nitrate state.",,0,,0,,Manure nitrogen at the start of the timestep.
nman1,src/nitrate/MNmod.f90,MNmod,113,DOUBLEPRECISION,"DIMENSION(:, :), ALLOCATABLE","(:, :)",False,src/nitrate/mn_state.f90,mn_state,"Carbon and nitrogen pools, rates and per-cell nitrate state.",,0,,0,,Updated manure nitrogen.
ntrf,src/nitrate/MNmod.f90,MNmod,114,DOUBLEPRECISION,"DIMENSION(:, :), ALLOCATABLE","(:, :)",False,src/nitrate/mn_state.f90,mn_state,"Carbon and nitrogen pools, rates and per-cell nitrate state.",,0,,0,,Nitrification rate.
plamm,src/nitrate/MNmod.f90,MNmod,115,DOUBLEPRECISION,"DIMENSION(:, :), ALLOCATABLE","(:, :)",False,src/nitrate/mn_state.f90,mn_state,"Carbon and nitrogen pools, rates and per-cell nitrate state.",,0,,0,,Actual ammonium plant-uptake rate.
plnit,src/nitrate/MNmod.f90,MNmod,116,DOUBLEPRECISION,"DIMENSION(:, :), ALLOCATABLE","(:, :)",False,src/nitrate/mn_state.f90,mn_state,"Carbon and nitrogen pools, rates and per-cell nitrate state.",,0,,0,,Actual nitrate plant-uptake rate.
plup,src/nitrate/MNmod.f90,MNmod,117,DOUBLEPRECISION,"DIMENSION(:, :), ALLOCATABLE","(:, :)",False,src/nitrate/mn_state.f90,mn_state,"Carbon and nitrogen pools, rates and per-cell nitrate state.",,0,,0,,Potential plant-nitrogen-uptake rate.
pphi,src/nitrate/MNmod.f90,MNmod,118,DOUBLEPRECISION,"DIMENSION(:, :), ALLOCATABLE","(:, :)",False,src/nitrate/mn_state.f90,mn_state,"Carbon and nitrogen pools, rates and per-cell nitrate state.",,0,,0,,Dynamic-water fraction used to partition uptake.
snit,src/nitrate/MNmod.f90,MNmod,119,DOUBLEPRECISION,"DIMENSION(:, :), ALLOCATABLE","(:, :)",False,src/nitrate/mn_state.f90,mn_state,"Carbon and nitrogen pools, rates and per-cell nitrate state.",,0,,0,,Total nitrate source/sink diagnostic rate.
temp,src/nitrate/MNmod.f90,MNmod,120,DOUBLEPRECISION,"DIMENSION(:, :), ALLOCATABLE","(:, :)",False,src/nitrate/mn_state.f90,mn_state,"Carbon and nitrogen pools, rates and per-cell nitrate state.",,0,,0,,Soil temperature used by MN response factors.
vol,src/nitrate/MNmod.f90,MNmod,121,DOUBLEPRECISION,"DIMENSION(:, :), ALLOCATABLE","(:, :)",False,src/nitrate/mn_state.f90,mn_state,"Carbon and nitrogen pools, rates and per-cell nitrate state.",,0,,0,,Ammonia-volatilisation loss rate.
MN_PLANT_NVALEE,src/nitrate/MNmod.f90,MNmod,123,INTEGER,PARAMETER,,True,src/nitrate/mn_state.f90,mn_state,"Carbon and nitrogen pools, rates and per-cell nitrate state.",,0,,0,,
MN_CONFIG,src/nitrate/MNmod.f90,MNmod,153,TYPE(MN_CONFIG_TYPE),,,False,src/nitrate/mn_state.f90,mn_state,"Carbon and nitrogen pools, rates and per-cell nitrate state.",,0,,0,,
MN_WORK,src/nitrate/MNmod.f90,MNmod,154,TYPE(MN_WORKSPACE_TYPE),,,False,src/nitrate/mn_state.f90,mn_state,"Carbon and nitrogen pools, rates and per-cell nitrate state.",,0,,0,,
MN_PLANT_STATE,src/nitrate/MNmod.f90,MNmod,155,TYPE(MN_PLANT_STATE_TYPE),,,False,src/nitrate/mn_state.f90,mn_state,"Carbon and nitrogen pools, rates and per-cell nitrate state.",,0,,0,,
MN_INITIALISED,src/nitrate/MNmod.f90,MNmod,156,LOGICAL,,,False,src/nitrate/mn_state.f90,mn_state,"Carbon and nitrogen pools, rates and per-cell nitrate state.",,0,,0,,
MN_ALLOCATED_NEL,src/nitrate/MNmod.f90,MNmod,157,INTEGER,,,False,src/nitrate/mn_state.f90,mn_state,"Carbon and nitrogen pools, rates and per-cell nitrate state.",,0,,0,,
MN_ALLOCATED_NCETOP,src/nitrate/MNmod.f90,MNmod,157,INTEGER,,,False,src/nitrate/mn_state.f90,mn_state,"Carbon and nitrogen pools, rates and per-cell nitrate state.",,0,,0,,
XAFULL,src/overland_channel/OCQDQMOD.F90,ocqdqmod,54,DOUBLEPRECISION,,(NLFEE),False,src/overland_channel/oc_cross_sections.f90,oc_cross_sections,Channel width-depth cross-section and conveyance tables.,,2,src/driver/run_sim.f90;src/overland_channel/OCmod.f90,0,,Full-flow cross-sectional area for each channel link.
COCBCD,src/overland_channel/OCQDQMOD.F90,ocqdqmod,55,DOUBLEPRECISION,,"(5, NOCTAB)",False,src/overland_channel/oc_boundaries.f90,oc_boundaries,Time-varying stage and flow boundary conditions.,,1,src/overland_channel/OCmod.f90,0,,Real-valued overland/channel boundary-condition coefficients.
HOCNOW,src/overland_channel/OCQDQMOD.F90,ocqdqmod,56,DOUBLEPRECISION,,(NOCTAB),False,src/overland_channel/oc_boundaries.f90,oc_boundaries,Time-varying stage and flow boundary conditions.,,2,src/driver/run_sim.f90;src/overland_channel/OCmod.f90,0,,Current boundary stage/head values by boundary category.
QOCF,src/overland_channel/OCQDQMOD.F90,ocqdqmod,57,DOUBLEPRECISION,,(NOCTAB),False,src/overland_channel/oc_boundaries.f90,oc_boundaries,Time-varying stage and flow boundary conditions.,,2,src/driver/run_sim.f90;src/overland_channel/OCmod.f90,0,,Current prescribed overland/channel boundary flow values by category.
STRXX,src/overland_channel/OCQDQMOD.F90,ocqdqmod,58,DOUBLEPRECISION,,(NELEE),False,src/overland_channel/oc_state.f90,oc_state,"Water levels, face discharges, roughness and flow derivatives.",,3,src/driver/run_sim.f90;src/frame/FRmod.f90;src/overland_channel/OCmod.f90,0,,"X-direction Strickler roughness, or negative storage-depth marker."
STRYY,src/overland_channel/OCQDQMOD.F90,ocqdqmod,59,DOUBLEPRECISION,,(NELEE),False,src/overland_channel/oc_state.f90,oc_state,"Water levels, face discharges, roughness and flow derivatives.",,3,src/driver/run_sim.f90;src/frame/FRmod.f90;src/overland_channel/OCmod.f90,0,,Y-direction Strickler roughness.
NELIND,src/overland_channel/OCmod.f90,OCmod,57,INTEGER,,(NELEE),False,src/overland_channel/oc_indexing.f90,oc_indexing,"Row-solver ordering, row widths and link-number lookup.",,0,,0,,Position of each element within its implicit-solver row.
NROWF,src/overland_channel/OCmod.f90,OCmod,58,INTEGER,,,False,src/overland_channel/oc_indexing.f90,oc_indexing,"Row-solver ordering, row widths and link-number lookup.",,0,,0,,First non-empty OC solver row.
NROWL,src/overland_channel/OCmod.f90,OCmod,59,INTEGER,,,False,src/overland_channel/oc_indexing.f90,oc_indexing,"Row-solver ordering, row widths and link-number lookup.",,0,,0,,Last non-empty OC solver row.
MAX_SOLVER_ROW_WIDTH,src/overland_channel/OCmod.f90,OCmod,60,INTEGER,,,False,src/overland_channel/oc_indexing.f90,oc_indexing,"Row-solver ordering, row widths and link-number lookup.",,0,,0,,Greatest active OC solver-row width established by [[ocind]].
NOCHB,src/overland_channel/OCmod.f90,OCmod,61,INTEGER,,,False,src/overland_channel/oc_boundaries.f90,oc_boundaries,Time-varying stage and flow boundary conditions.,,0,,0,,Number of OC head-boundary categories.
NOCFB,src/overland_channel/OCmod.f90,OCmod,62,INTEGER,,,False,src/overland_channel/oc_boundaries.f90,oc_boundaries,Time-varying stage and flow boundary conditions.,,0,,0,,Number of OC flow-boundary categories.
NROWEL,src/overland_channel/OCmod.f90,OCmod,63,INTEGER,,(NELEE),False,src/overland_channel/oc_indexing.f90,oc_indexing,"Row-solver ordering, row widths and link-number lookup.",,0,,0,,Contiguous list of OC elements in row-solver order.
NROWST,src/overland_channel/OCmod.f90,OCmod,64,INTEGER,,(NYEE + 1),False,src/overland_channel/oc_indexing.f90,oc_indexing,"Row-solver ordering, row widths and link-number lookup.",,0,,0,,Row-start pointer into `NROWEL`.
NXSECT,src/overland_channel/OCmod.f90,OCmod,65,INTEGER,,(NLFEE),False,src/overland_channel/oc_cross_sections.f90,oc_cross_sections,Channel width-depth cross-section and conveyance tables.,,0,,0,,Number of width-depth cross-section points for each channel link.
HOCLST,src/overland_channel/OCmod.f90,OCmod,68,DOUBLEPRECISION,,,False,src/overland_channel/oc_boundaries.f90,oc_boundaries,Time-varying stage and flow boundary conditions.,,1,src/driver/run_sim.f90,0,,Previous time-varying OC head-boundary time.
HOCNXT,src/overland_channel/OCmod.f90,OCmod,69,DOUBLEPRECISION,,,False,src/overland_channel/oc_boundaries.f90,oc_boundaries,Time-varying stage and flow boundary conditions.,,1,src/driver/run_sim.f90,0,,Next time-varying OC head-boundary time.
QFLAST,src/overland_channel/OCmod.f90,OCmod,70,DOUBLEPRECISION,,,False,src/overland_channel/oc_boundaries.f90,oc_boundaries,Time-varying stage and flow boundary conditions.,,0,,0,,Previous time-varying OC flow-boundary time.
QFNEXT,src/overland_channel/OCmod.f90,OCmod,71,DOUBLEPRECISION,,,False,src/overland_channel/oc_boundaries.f90,oc_boundaries,Time-varying stage and flow boundary conditions.,,1,src/driver/run_sim.f90,0,,Next time-varying OC flow-boundary time.
TDC,src/overland_channel/OCmod.f90,OCmod,72,DOUBLEPRECISION,,,False,src/overland_channel/oc_driver.f90,oc_driver,Overland/channel setup and the implicit row solver.,,0,,0,,First time for detailed OC diagnostic output; see the [[ocini]] shadowing warning.
TFC,src/overland_channel/OCmod.f90,OCmod,73,DOUBLEPRECISION,,,False,src/overland_channel/oc_driver.f90,oc_driver,Overland/channel setup and the implicit row solver.,,0,,0,,Last time for detailed OC diagnostic output; see the [[ocini]] shadowing warning.
HOCPRV,src/overland_channel/OCmod.f90,OCmod,74,DOUBLEPRECISION,,(NOCTAB),False,src/overland_channel/oc_boundaries.f90,oc_boundaries,Time-varying stage and flow boundary conditions.,,1,src/driver/run_sim.f90,0,,Previous head-boundary values by category.
QOCFIN,src/overland_channel/OCmod.f90,OCmod,75,DOUBLEPRECISION,,(NOCTAB),False,src/overland_channel/oc_boundaries.f90,oc_boundaries,Time-varying stage and flow boundary conditions.,,1,src/driver/run_sim.f90,0,,Previous flow-boundary values by category.
HOCNXV,src/overland_channel/OCmod.f90,OCmod,76,DOUBLEPRECISION,,(NOCTAB),False,src/overland_channel/oc_boundaries.f90,oc_boundaries,Time-varying stage and flow boundary conditions.,,1,src/driver/run_sim.f90,0,,Next head-boundary values by category.
XINH,src/overland_channel/OCmod.f90,OCmod,79,DOUBLEPRECISION,,"(NLFEE, NOCTAB)",False,src/overland_channel/oc_cross_sections.f90,oc_cross_sections,Channel width-depth cross-section and conveyance tables.,,0,,0,,Channel cross-section depths above bed.
XINW,src/overland_channel/OCmod.f90,OCmod,80,DOUBLEPRECISION,,"(NLFEE, NOCTAB)",False,src/overland_channel/oc_cross_sections.f90,oc_cross_sections,Channel width-depth cross-section and conveyance tables.,,0,,0,,Channel cross-section widths.
XAREA,src/overland_channel/OCmod.f90,OCmod,81,DOUBLEPRECISION,,"(NLFEE, NOCTAB)",False,src/overland_channel/oc_cross_sections.f90,oc_cross_sections,Channel width-depth cross-section and conveyance tables.,,0,,0,,Integrated channel cross-section areas.
dtoc,src/overland_channel/OCmod.f90,OCmod,82,DOUBLEPRECISION,,,False,src/overland_channel/oc_state.f90,oc_state,"Water levels, face discharges, roughness and flow derivatives.",,0,,0,,OC timestep in seconds.
OCSIM_WORKSPACE,src/overland_channel/OCmod.f90,OCmod,100,TYPE(OCSIM_WORKSPACE_TYPE),,,False,src/overland_channel/oc_driver.f90,oc_driver,Overland/channel setup and the implicit row solver.,,0,,0,,
F23,src/overland_channel/OCmod2.f90,OCmod2,76,DOUBLEPRECISION,PARAMETER,,True,src/core/mod_parameters.f90,mod_parameters,"Numeric kinds, buffer lengths, sentinels, mathematical and physical constants.",TWO_THIRDS,0,,0,,Exponent \(2/3\) used in Strickler conveyance.
F53,src/overland_channel/OCmod2.f90,OCmod2,77,DOUBLEPRECISION,PARAMETER,,True,src/core/mod_parameters.f90,mod_parameters,"Numeric kinds, buffer lengths, sentinels, mathematical and physical constants.",FIVE_THIRDS,0,,0,,Exponent factor \(5/3\) used by the implemented derivative branches.
DZMIN,src/overland_channel/OCmod2.f90,OCmod2,78,DOUBLEPRECISION,PARAMETER,,True,src/overland_channel/oc_conveyance.f90,oc_conveyance,Channel conveyance and the depth thresholds it shares with the node solver.,,0,,0,,"Small depth/head-difference threshold, in metres."
RDZMIN,src/overland_channel/OCmod2.f90,OCmod2,79,DOUBLEPRECISION,PARAMETER,,True,src/overland_channel/oc_conveyance.f90,oc_conveyance,Channel conveyance and the depth thresholds it shares with the node solver.,,0,,0,,Square root of `DZMIN`.
H23MIN,src/overland_channel/OCmod2.f90,OCmod2,80,DOUBLEPRECISION,PARAMETER,,True,src/overland_channel/oc_conveyance.f90,oc_conveyance,Channel conveyance and the depth thresholds it shares with the node solver.,,0,,0,,"`DZMIN**(2/3)`, retained for legacy comments and comparisons."
ROOT2G,src/overland_channel/OCmod2.f90,OCmod2,81,DOUBLEPRECISION,PARAMETER,,True,src/core/mod_parameters.f90,mod_parameters,"Numeric kinds, buffer lengths, sentinels, mathematical and physical constants.",SQRT_TWO_G,0,,0,,Approximation to \(\sqrt{2g}\) for weir flow.
HRFZZ,src/overland_channel/OCmod2.f90,OCmod2,82,DOUBLEPRECISION,DIMENSION(NELEE),(NELEE),False,src/overland_channel/oc_state.f90,oc_state,"Water levels, face discharges, roughness and flow derivatives.",,4,src/contaminant/CMmod.f90;src/driver/run_sim.f90;src/overland_channel/OCmod.f90;src/visualisation/visualisation_interface_left.f90,0,,Water-surface elevation by element; abstracted for AD and solver access.
qsazz,src/overland_channel/OCmod2.f90,OCmod2,83,DOUBLEPRECISION,"DIMENSION(NELEE, 4)","(NELEE, 4)",False,src/overland_channel/oc_state.f90,oc_state,"Water levels, face discharges, roughness and flow derivatives.",,2,src/driver/run_sim.f90;src/overland_channel/OCmod.f90,0,,Face discharge by element and face; positive into the indexed element.
xstab,src/overland_channel/OCmod2.f90,OCmod2,85,DOUBLEPRECISION,"DIMENSION(:, :, :), ALLOCATABLE","(:, :, :)",False,src/overland_channel/oc_state.f90,oc_state,"Water levels, face discharges, roughness and flow derivatives.",,1,src/overland_channel/OCmod.f90,0,,
nZQcols,src/overland_channel/ZQmod.f90,ZQmod,57,INTEGER(kind=I_P),"DIMENSION(:), ALLOCATABLE",(:),False,src/overland_channel/zq_tables.f90,zq_tables,Reservoir and weir stage-discharge lookup tables.,,0,,0,,Number of columns in each ZQ table.
nZQrows,src/overland_channel/ZQmod.f90,ZQmod,58,INTEGER(kind=I_P),"DIMENSION(:), ALLOCATABLE",(:),False,src/overland_channel/zq_tables.f90,zq_tables,Reservoir and weir stage-discharge lookup tables.,,0,,0,,Number of data rows in each ZQ table.
zcol,src/overland_channel/ZQmod.f90,ZQmod,59,INTEGER(kind=I_P),"DIMENSION(:), ALLOCATABLE",(:),False,src/overland_channel/zq_tables.f90,zq_tables,Reservoir and weir stage-discharge lookup tables.,,0,,0,,Currently active discharge-column index for each ZQ table.
headerRealArray,src/overland_channel/ZQmod.f90,ZQmod,60,REAL(kind=R8P),"DIMENSION(:, :), ALLOCATABLE","(:, :)",False,src/overland_channel/zq_tables.f90,zq_tables,Reservoir and weir stage-discharge lookup tables.,,0,,0,,Numeric stage thresholds parsed from `ZQ>threshold` headers.
ZQ,src/overland_channel/ZQmod.f90,ZQmod,61,REAL(kind=R8P),"DIMENSION(:, :, :), ALLOCATABLE","(:, :, :)",False,src/overland_channel/zq_tables.f90,zq_tables,Reservoir and weir stage-discharge lookup tables.,,0,,0,,"Stage-discharge table values, indexed by row, column, and table."
ZQTableOpHour,src/overland_channel/ZQmod.f90,ZQmod,62,INTEGER(kind=I_P),"DIMENSION(:), ALLOCATABLE",(:),False,src/overland_channel/zq_tables.f90,zq_tables,Reservoir and weir stage-discharge lookup tables.,,0,,0,,Hour offset at which each reservoir's sluices are operated.
ZQTableRef,src/overland_channel/ZQmod.f90,ZQmod,63,INTEGER(kind=I_P),,,False,src/overland_channel/zq_tables.f90,zq_tables,Reservoir and weir stage-discharge lookup tables.,ZQTableRefRead,0,,0,,Reference number read for the current ZQ table.
GRAVTY,src/sediment/CONST_SY.F90,const_sy,18,DOUBLEPRECISION,PARAMETER,,True,src/core/mod_parameters.f90,mod_parameters,"Numeric kinds, buffer lengths, sentinels, mathematical and physical constants.",GRAVITY,0,,1,src/sediment/SYmod.f90,Gravitational acceleration in metres per second squared.
RHOSED,src/sediment/CONST_SY.F90,const_sy,19,DOUBLEPRECISION,PARAMETER,,True,src/core/mod_parameters.f90,mod_parameters,"Numeric kinds, buffer lengths, sentinels, mathematical and physical constants.",RHO_SEDIMENT,2,src/frame/FRmod.f90;src/visualisation/visualisation_interface_left.f90,1,src/sediment/SYmod.f90,Representative sediment-particle density in kilograms per cubic metre.
RHOWAT,src/sediment/CONST_SY.F90,const_sy,20,DOUBLEPRECISION,PARAMETER,,True,src/core/mod_parameters.f90,mod_parameters,"Numeric kinds, buffer lengths, sentinels, mathematical and physical constants.",RHO_WATER_SEDIMENT,0,,1,src/sediment/SYmod.f90,Representative water density in kilograms per cubic metre.
VISCOS,src/sediment/CONST_SY.F90,const_sy,21,DOUBLEPRECISION,PARAMETER,,True,src/core/mod_parameters.f90,mod_parameters,"Numeric kinds, buffer lengths, sentinels, mathematical and physical constants.",NU_WATER,0,,1,src/sediment/SYmod.f90,Representative water kinematic viscosity in square metres per second.
ARBDEP,src/sediment/SED_CS.F90,sed_cs,40,DOUBLEPRECISION,,(NLFEE),False,src/sediment/sy_state.f90,sy_state,"Mobile, loose and bed sediment state shared with other components.",,2,src/driver/run_sim.f90;src/frame/FRmod.f90,1,src/contaminant/CMmod.f90,Deposited-sediment cross-sectional area by link [m2].
DLS,src/sediment/SED_CS.F90,sed_cs,41,DOUBLEPRECISION,,(NELEE),False,src/sediment/sy_state.f90,sy_state,"Mobile, loose and bed sediment state shared with other components.",,3,src/driver/run_sim.f90;src/frame/FRmod.f90;src/visualisation/visualisation_interface_left.f90,1,src/contaminant/CMmod.f90,Loose/bed sediment depth by active element [m].
GINFD,src/sediment/SED_CS.F90,sed_cs,42,DOUBLEPRECISION,,"(NLFEE,NSEDEE)",False,src/sediment/sy_state.f90,sy_state,"Mobile, loose and bed sediment state shared with other components.",,2,src/driver/run_sim.f90;src/frame/FRmod.f90,1,src/contaminant/CMmod.f90,Sediment-volume infiltration rate used for the deep-bed term [m3/s].
GINFS,src/sediment/SED_CS.F90,sed_cs,43,DOUBLEPRECISION,,"(NLFEE,NSEDEE)",False,src/sediment/sy_state.f90,sy_state,"Mobile, loose and bed sediment state shared with other components.",,2,src/driver/run_sim.f90;src/frame/FRmod.f90,1,src/contaminant/CMmod.f90,Sediment-volume infiltration rate used for the bed-surface term [m3/s].
GNU,src/sediment/SED_CS.F90,sed_cs,44,DOUBLEPRECISION,,(NELEE),False,src/sediment/sy_state.f90,sy_state,"Mobile, loose and bed sediment state shared with other components.",,3,src/driver/run_sim.f90;src/frame/FRmod.f90;src/visualisation/visualisation_interface_left.f90,1,src/contaminant/CMmod.f90,Ground-surface erosion depth rate by column element [m/s].
GNUBK,src/sediment/SED_CS.F90,sed_cs,45,DOUBLEPRECISION,,(NLFEE),False,src/sediment/sy_state.f90,sy_state,"Mobile, loose and bed sediment state shared with other components.",,2,src/driver/run_sim.f90;src/frame/FRmod.f90,1,src/contaminant/CMmod.f90,Lateral bank-erosion depth rate by link [m/s].
DCBED,src/sediment/SED_CS.F90,sed_cs,46,DOUBLEPRECISION,,(NLFEE),False,src/sediment/sy_state.f90,sy_state,"Mobile, loose and bed sediment state shared with other components.",,2,src/driver/run_sim.f90;src/frame/FRmod.f90,0,,Total thickness of the active upper channel-bed layer by link [m].
DCBSED,src/sediment/SED_CS.F90,sed_cs,47,DOUBLEPRECISION,,"(NLFEE,NSEDEE)",False,src/sediment/sy_state.f90,sy_state,"Mobile, loose and bed sediment state shared with other components.",,2,src/driver/run_sim.f90;src/frame/FRmod.f90,0,,Thickness contribution of each size class in the active upper bed layer [m].
FDEL,src/sediment/SED_CS.F90,sed_cs,49,DOUBLEPRECISION,,"(NELEE,NSEDEE)",False,src/sediment/sy_state.f90,sy_state,"Mobile, loose and bed sediment state shared with other components.",,2,src/driver/run_sim.f90;src/frame/FRmod.f90,1,src/contaminant/CMmod.f90,Mobile-sediment settled-depth/water-depth ratio by element and size class.
FBETA,src/sediment/SED_CS.F90,sed_cs,51,DOUBLEPRECISION,,"(NELEE,NSEDEE)",False,src/sediment/sy_state.f90,sy_state,"Mobile, loose and bed sediment state shared with other components.",,2,src/driver/run_sim.f90;src/frame/FRmod.f90,1,src/contaminant/CMmod.f90,Loose/bed sediment composition fraction by element and size class.
FBTSD,src/sediment/SED_CS.F90,sed_cs,52,DOUBLEPRECISION,,"(NLFEE,NSEDEE)",False,src/sediment/sy_state.f90,sy_state,"Mobile, loose and bed sediment state shared with other components.",,1,src/frame/FRmod.f90,1,src/contaminant/CMmod.f90,Newly deposited sediment composition fraction by link and size class.
PBSED,src/sediment/SED_CS.F90,sed_cs,54,DOUBLEPRECISION,,(NLFEE),False,src/sediment/sy_state.f90,sy_state,"Mobile, loose and bed sediment state shared with other components.",,2,src/driver/run_sim.f90;src/frame/FRmod.f90,1,src/contaminant/CMmod.f90,Channel-bed sediment porosity by link.
PLS,src/sediment/SED_CS.F90,sed_cs,55,DOUBLEPRECISION,,(NELEE),False,src/sediment/sy_state.f90,sy_state,"Mobile, loose and bed sediment state shared with other components.",,2,src/driver/run_sim.f90;src/frame/FRmod.f90,0,,Loose-sediment porosity by column element.
SOSDFN,src/sediment/SED_CS.F90,sed_cs,56,DOUBLEPRECISION,,"(NSEE,NSEDEE)",False,src/sediment/sy_state.f90,sy_state,"Mobile, loose and bed sediment state shared with other components.",,2,src/driver/run_sim.f90;src/frame/FRmod.f90,1,src/contaminant/CMmod.f90,Un-eroded-soil mass fraction by soil type and sediment size class.
SOFN,src/sediment/SED_CS.F90,sed_cs,57,DOUBLEPRECISION,,"(NSEE,NSEDEE)",False,src/sediment/sy_state.f90,sy_state,"Mobile, loose and bed sediment state shared with other components.",,1,src/frame/FRmod.f90,1,src/contaminant/CMmod.f90,Three-class fallback soil fraction read from contaminant input.
NSOBED,src/sediment/SED_CS.F90,sed_cs,59,INTEGER,,(NLFEE),False,src/sediment/sy_state.f90,sy_state,"Mobile, loose and bed sediment state shared with other components.",,1,src/frame/FRmod.f90,1,src/contaminant/CMmod.f90,Parent-material soil-type index at the stream bed by link.
NSED,src/sediment/SED_CS.F90,sed_cs,61,INTEGER,,,False,src/sediment/sy_state.f90,sy_state,"Mobile, loose and bed sediment state shared with other components.",,3,src/driver/run_sim.f90;src/frame/FRmod.f90;src/visualisation/visualisation_interface_left.f90,1,src/contaminant/CMmod.f90,Number of active sediment size classes.
QLINK,src/sediment/SED_CS.F90,sed_cs,63,DOUBLEPRECISION,,"(NLFEE,2)",False,src/sediment/sy_state.f90,sy_state,"Mobile, loose and bed sediment state shared with other components.",,0,,1,src/contaminant/CMmod.f90,Water discharge at the two link ends [m3/s].
QDEFF,src/sediment/SED_CS.F90,sed_cs,64,DOUBLEPRECISION,,"(NLFEE,2)",False,src/sediment/sy_state.f90,sy_state,"Mobile, loose and bed sediment state shared with other components.",,1,src/frame/FRmod.f90,1,src/contaminant/CMmod.f90,Effective-flow correction at the two link ends [m3/s].
QSED,src/sediment/SED_CS.F90,sed_cs,65,DOUBLEPRECISION,,"(NELEE,NSEDEE,4)",False,src/sediment/sy_state.f90,sy_state,"Mobile, loose and bed sediment state shared with other components.",,3,src/driver/run_sim.f90;src/frame/FRmod.f90;src/visualisation/visualisation_interface_left.f90,0,,"Solid-sediment volume discharge by element, size class, and face [m3/s]."
FIRST_syackw,src/sediment/SYmod.f90,SYmod,122,LOGICAL,,,False,src/sediment/sy_transport_capacity.f90,sy_transport_capacity,"Transport-capacity, critical-shear and settling-velocity relations.",,0,,0,,Unused; see the module-level note above `MODULE SYmod`.
FIRST_syfine,src/sediment/SYmod.f90,SYmod,124,LOGICAL,,,False,src/sediment/sy_transport_capacity.f90,sy_transport_capacity,"Transport-capacity, critical-shear and settling-velocity relations.",,0,,0,,True until the fine-sediment settling velocity `WSED_syfine` has been cached.
WSED_syfine,src/sediment/SYmod.f90,SYmod,125,DOUBLEPRECISION,,,False,src/sediment/sy_transport_capacity.f90,sy_transport_capacity,"Transport-capacity, critical-shear and settling-velocity relations.",,0,,0,,"Cached fine-sediment settling velocity, set on the first call to [[syfine]]."
NSYBEE,src/sediment/SYmod.f90,SYmod,127,INTEGER,PARAMETER,,True,src/sediment/sy_config.f90,sy_config,"Sediment options, thresholds and per-class or per-soil parameters.",,0,,0,,Maximum number of sediment boundary entries.
NSYCEE,src/sediment/SYmod.f90,SYmod,128,INTEGER,PARAMETER,,True,src/sediment/sy_config.f90,sy_config,"Sediment options, thresholds and per-class or per-soil parameters.",,0,,0,,Maximum number of sediment boundary categories.
ISACKW_symain,src/sediment/SYmod.f90,SYmod,129,INTEGER,,,False,src/sediment/sy_config.f90,sy_config,"Sediment options, thresholds and per-class or per-soil parameters.",,0,,0,,Channel transport-capacity option.
ISGSED_symain,src/sediment/SYmod.f90,SYmod,130,INTEGER,,,False,src/sediment/sy_config.f90,sy_config,"Sediment options, thresholds and per-class or per-soil parameters.",,0,,0,,Overland transport-capacity option.
ISSYOK_symain,src/sediment/SYmod.f90,SYmod,131,INTEGER,,,False,src/sediment/sy_config.f90,sy_config,"Sediment options, thresholds and per-class or per-soil parameters.",,1,src/driver/run_sim.f90,0,,Dynamic sediment input-check interval.
ISTEC_symain,src/sediment/SYmod.f90,SYmod,132,INTEGER,,,False,src/sediment/sy_config.f90,sy_config,"Sediment options, thresholds and per-class or per-soil parameters.",,0,,0,,Critical-shear calculation option.
ISUSED_symain,src/sediment/SYmod.f90,SYmod,133,INTEGER,,,False,src/sediment/sy_config.f90,sy_config,"Sediment options, thresholds and per-class or per-soil parameters.",,0,,0,,Sediment velocity option.
NEPS_symain,src/sediment/SYmod.f90,SYmod,134,INTEGER,,,False,src/sediment/sy_config.f90,sy_config,"Sediment options, thresholds and per-class or per-soil parameters.",,0,,0,,Number of sediment substeps per water timestep.
NFINE_symain,src/sediment/SYmod.f90,SYmod,135,INTEGER,,,False,src/sediment/sy_config.f90,sy_config,"Sediment options, thresholds and per-class or per-soil parameters.",,0,,0,,Number of fine sediment classes; manual allows 0 or 1.
NSYB_symain,src/sediment/SYmod.f90,SYmod,136,INTEGER,,,False,src/sediment/sy_config.f90,sy_config,"Sediment options, thresholds and per-class or per-soil parameters.",,0,,0,,Number of sediment boundary entries.
NSYBCD_symain,src/sediment/SYmod.f90,SYmod,137,INTEGER,,"(NSYBEE, 3)",False,src/sediment/sy_config.f90,sy_config,"Sediment options, thresholds and per-class or per-soil parameters.",,0,,0,,"Sediment boundary element, type, and category metadata."
NSYC_symain,src/sediment/SYmod.f90,SYmod,138,INTEGER,,(4),False,src/sediment/sy_config.f90,sy_config,"Sediment options, thresholds and per-class or per-soil parameters.",,0,,0,,Number of sediment boundary categories by boundary type.
NTSOBK_symain,src/sediment/SYmod.f90,SYmod,139,INTEGER,,(NLFEE),False,src/sediment/sy_config.f90,sy_config,"Sediment options, thresholds and per-class or per-soil parameters.",,0,,0,,Bank soil type by channel link.
PASS_symain,src/sediment/SYmod.f90,SYmod,140,INTEGER,,,False,src/sediment/sy_config.f90,sy_config,"Sediment options, thresholds and per-class or per-soil parameters.",,0,,0,,Saved call counter for sediment setup/timestep control.
NTSOTP_symain,src/sediment/SYmod.f90,SYmod,141,INTEGER,,(NELEE),False,src/sediment/sy_config.f90,sy_config,"Sediment options, thresholds and per-class or per-soil parameters.",,0,,0,,Top soil type by element.
ALPHA_symain,src/sediment/SYmod.f90,SYmod,142,DOUBLEPRECISION,,,False,src/sediment/sy_config.f90,sy_config,"Sediment options, thresholds and per-class or per-soil parameters.",,0,,0,,Fine-sediment settling/resuspension critical-shear ratio.
CONCOB_symain,src/sediment/SYmod.f90,SYmod,143,DOUBLEPRECISION,,,False,src/sediment/sy_config.f90,sy_config,"Sediment options, thresholds and per-class or per-soil parameters.",,0,,0,,Mobile concentration threshold for overbank exchange.
DCBEDO_symain,src/sediment/SYmod.f90,SYmod,144,DOUBLEPRECISION,,,False,src/sediment/sy_config.f90,sy_config,"Sediment options, thresholds and per-class or per-soil parameters.",,0,,0,,Active upper channel-bed layer thickness.
FBIC_symain,src/sediment/SYmod.f90,SYmod,145,DOUBLEPRECISION,,,False,src/sediment/sy_config.f90,sy_config,"Sediment options, thresholds and per-class or per-soil parameters.",,0,,0,,Fine-bed fraction threshold for infiltration.
FICRIT_symain,src/sediment/SYmod.f90,SYmod,146,DOUBLEPRECISION,,,False,src/sediment/sy_config.f90,sy_config,"Sediment options, thresholds and per-class or per-soil parameters.",,0,,0,,Fine-concentration threshold for infiltration.
FPCRIT_symain,src/sediment/SYmod.f90,SYmod,147,DOUBLEPRECISION,,,False,src/sediment/sy_config.f90,sy_config,"Sediment options, thresholds and per-class or per-soil parameters.",,0,,0,,Maximum sediment concentration fraction.
SYNOW_symain,src/sediment/SYmod.f90,SYmod,148,DOUBLEPRECISION,,,False,src/sediment/sy_config.f90,sy_config,"Sediment options, thresholds and per-class or per-soil parameters.",,0,,0,,Current sediment simulation time.
DLSMAX_symain,src/sediment/SYmod.f90,SYmod,149,DOUBLEPRECISION,,,False,src/sediment/sy_config.f90,sy_config,"Sediment options, thresholds and per-class or per-soil parameters.",,0,,0,,Loose-sediment depth above which hillslope soil erosion is suppressed.
DDBSED_symain,src/sediment/SYmod.f90,SYmod,150,DOUBLEPRECISION,,"(NLFEE, NSEDEE)",False,src/sediment/sy_config.f90,sy_config,"Sediment options, thresholds and per-class or per-soil parameters.",,0,,0,,Lower channel-bed sediment depth by link and size class.
ABC_symain,src/sediment/SYmod.f90,SYmod,151,DOUBLEPRECISION,,"(NSEDEE, NSYCEE)",False,src/sediment/sy_config.f90,sy_config,"Sediment options, thresholds and per-class or per-soil parameters.",,0,,0,,Boundary rating-curve coefficient `A` by sediment class/category.
ACKW_symain,src/sediment/SYmod.f90,SYmod,152,DOUBLEPRECISION,,"(5, NSEDEE)",False,src/sediment/sy_config.f90,sy_config,"Sediment options, thresholds and per-class or per-soil parameters.",,0,,0,,Ackers-White cached coefficients by sediment class.
ARXLOL_symain,src/sediment/SYmod.f90,SYmod,153,DOUBLEPRECISION,,(NLFEE),False,src/sediment/sy_config.f90,sy_config,"Sediment options, thresholds and per-class or per-soil parameters.",,0,,0,,Previous channel cross-sectional area by link.
BBC_symain,src/sediment/SYmod.f90,SYmod,154,DOUBLEPRECISION,,"(NSEDEE, NSYCEE)",False,src/sediment/sy_config.f90,sy_config,"Sediment options, thresholds and per-class or per-soil parameters.",,0,,0,,Boundary rating-curve coefficient `B` by sediment class/category.
BKB_symain,src/sediment/SYmod.f90,SYmod,155,DOUBLEPRECISION,,(NSEE),False,src/sediment/sy_config.f90,sy_config,"Sediment options, thresholds and per-class or per-soil parameters.",,0,,0,,Channel-bank erodibility by soil type.
DBFULL_symain,src/sediment/SYmod.f90,SYmod,156,DOUBLEPRECISION,,(NLFEE),False,src/sediment/sy_config.f90,sy_config,"Sediment options, thresholds and per-class or per-soil parameters.",,0,,0,,Bankfull depth by channel link.
DRDRIP_symain,src/sediment/SYmod.f90,SYmod,157,DOUBLEPRECISION,,(NVEE),False,src/sediment/sy_config.f90,sy_config,"Sediment options, thresholds and per-class or per-soil parameters.",,0,,0,,Canopy drip drop diameter by vegetation type.
DRSED_symain,src/sediment/SYmod.f90,SYmod,158,DOUBLEPRECISION,,(NSEDEE),False,src/sediment/sy_config.f90,sy_config,"Sediment options, thresholds and per-class or per-soil parameters.",,0,,0,,Representative sediment particle diameter by size class.
DRSO50_symain,src/sediment/SYmod.f90,SYmod,159,DOUBLEPRECISION,,(NSEE),False,src/sediment/sy_config.f90,sy_config,"Sediment options, thresholds and per-class or per-soil parameters.",,0,,0,,Median soil particle diameter by soil type.
DWATOL_symain,src/sediment/SYmod.f90,SYmod,160,DOUBLEPRECISION,,(NELEE),False,src/sediment/sy_config.f90,sy_config,"Sediment options, thresholds and per-class or per-soil parameters.",,0,,0,,Previous surface/channel water depth by element.
FCG_symain,src/sediment/SYmod.f90,SYmod,161,DOUBLEPRECISION,,(NELEE),False,src/sediment/sy_config.f90,sy_config,"Sediment options, thresholds and per-class or per-soil parameters.",,0,,0,,Ground-cover fraction by element.
FCROCK_symain,src/sediment/SYmod.f90,SYmod,162,DOUBLEPRECISION,,(NELEE),False,src/sediment/sy_config.f90,sy_config,"Sediment options, thresholds and per-class or per-soil parameters.",,0,,0,,Rock-cover fraction by element.
FDRIP_symain,src/sediment/SYmod.f90,SYmod,163,DOUBLEPRECISION,,(NVEE),False,src/sediment/sy_config.f90,sy_config,"Sediment options, thresholds and per-class or per-soil parameters.",,0,,0,,Canopy drip fraction by vegetation type.
FETA_symain,src/sediment/SYmod.f90,SYmod,164,DOUBLEPRECISION,,(NELEE),False,src/sediment/sy_config.f90,sy_config,"Sediment options, thresholds and per-class or per-soil parameters.",,0,,0,,Soil-to-sediment solid-volume conversion factor by element.
FPCLAY_symain,src/sediment/SYmod.f90,SYmod,165,DOUBLEPRECISION,,(NSEE),False,src/sediment/sy_config.f90,sy_config,"Sediment options, thresholds and per-class or per-soil parameters.",,0,,0,,Clay fraction by soil type.
GBC_symain,src/sediment/SYmod.f90,SYmod,166,DOUBLEPRECISION,,"(NSEDEE, NSYCEE)",False,src/sediment/sy_config.f90,sy_config,"Sediment options, thresholds and per-class or per-soil parameters.",,0,,0,,Steady boundary sediment input by class/category.
GKF_symain,src/sediment/SYmod.f90,SYmod,167,DOUBLEPRECISION,,(NSEE),False,src/sediment/sy_config.f90,sy_config,"Sediment options, thresholds and per-class or per-soil parameters.",,0,,0,,Flow detachment coefficient by soil type.
GKR_symain,src/sediment/SYmod.f90,SYmod,168,DOUBLEPRECISION,,(NSEE),False,src/sediment/sy_config.f90,sy_config,"Sediment options, thresholds and per-class or per-soil parameters.",,0,,0,,Rainfall detachment coefficient by soil type.
RHOSO_symain,src/sediment/SYmod.f90,SYmod,169,DOUBLEPRECISION,,(NSEE),False,src/sediment/sy_config.f90,sy_config,"Sediment options, thresholds and per-class or per-soil parameters.",,0,,0,,Soil bulk density by soil type.
XDRIP_symain,src/sediment/SYmod.f90,SYmod,170,DOUBLEPRECISION,,(NVEE),False,src/sediment/sy_config.f90,sy_config,"Sediment options, thresholds and per-class or per-soil parameters.",,0,,0,,Canopy drip fall height by vegetation type.
IDUM1A,src/sediment/SYmod.f90,SYmod,175,INTEGER,ALLOCATABLE,(:),False,src/sediment/sy_workspace.f90,sy_workspace,Per-timestep sediment work arrays shared between the sediment routines.,,0,,0,,Integer workspace for [[syerr3]].
IDUM1X,src/sediment/SYmod.f90,SYmod,176,INTEGER,ALLOCATABLE,(:),False,src/sediment/sy_workspace.f90,sy_workspace,Per-timestep sediment work arrays shared between the sediment routines.,,0,,0,,Integer workspace for [[syerr1]].
CONCI,src/sediment/SYmod.f90,SYmod,177,DOUBLE PRECISION,ALLOCATABLE,"(:, :)",False,src/sediment/sy_workspace.f90,sy_workspace,Per-timestep sediment work arrays shared between the sediment routines.,,0,,0,,"Capacity concentration by link and sediment class, from [[sycltr]]."
DCIPRM,src/sediment/SYmod.f90,SYmod,178,DOUBLE PRECISION,ALLOCATABLE,"(:, :)",False,src/sediment/sy_workspace.f90,sy_workspace,Per-timestep sediment work arrays shared between the sediment routines.,,0,,0,,"Interim upper-bed sediment depth by link/class, from [[sylink]]."
DDIPRM,src/sediment/SYmod.f90,SYmod,179,DOUBLE PRECISION,ALLOCATABLE,"(:, :)",False,src/sediment/sy_workspace.f90,sy_workspace,Per-timestep sediment work arrays shared between the sediment routines.,,0,,0,,"Interim lower-bed sediment depth by link/class, from [[sylink]]."
DRDROP,src/sediment/SYmod.f90,SYmod,180,DOUBLE PRECISION,ALLOCATABLE,(:),False,src/sediment/sy_workspace.f90,sy_workspace,Per-timestep sediment work arrays shared between the sediment routines.,,0,,0,,"Effective raindrop/drip diameter by land element, from [[sywat]]."
DUMSED,src/sediment/SYmod.f90,SYmod,181,DOUBLE PRECISION,ALLOCATABLE,(:),False,src/sediment/sy_workspace.f90,sy_workspace,Per-timestep sediment work arrays shared between the sediment routines.,,0,,0,,Sediment-sized floating-point workspace passed to [[sycltr]]/[[sycolm]].
DWAT1,src/sediment/SYmod.f90,SYmod,182,DOUBLE PRECISION,ALLOCATABLE,(:),False,src/sediment/sy_workspace.f90,sy_workspace,Per-timestep sediment work arrays shared between the sediment routines.,,0,,0,,"Surface/channel water depth by element, from [[sywat]]."
EPSB,src/sediment/SYmod.f90,SYmod,183,DOUBLE PRECISION,ALLOCATABLE,(:),False,src/sediment/sy_workspace.f90,sy_workspace,Per-timestep sediment work arrays shared between the sediment routines.,,0,,0,,"Bank erosion sediment source by link, from [[sybker]]."
FQCONF,src/sediment/SYmod.f90,SYmod,184,DOUBLE PRECISION,ALLOCATABLE,"(:, :)",False,src/sediment/sy_workspace.f90,sy_workspace,Per-timestep sediment work arrays shared between the sediment routines.,,0,,0,,"Confluence outflow fractions for receiving branches, from [[sywat]]."
LRAIN,src/sediment/SYmod.f90,SYmod,185,DOUBLE PRECISION,ALLOCATABLE,(:),False,src/sediment/sy_workspace.f90,sy_workspace,Per-timestep sediment work arrays shared between the sediment routines.,,0,,0,,"Effective direct rainfall rate by land element, from [[sywat]]."
QSDWAT,src/sediment/SYmod.f90,SYmod,186,DOUBLE PRECISION,ALLOCATABLE,"(:, :, :)",False,src/sediment/sy_workspace.f90,sy_workspace,Per-timestep sediment work arrays shared between the sediment routines.,,0,,0,,"Sediment advection coefficient for outflow faces, from [[sycltr]]."
QSEDB,src/sediment/SYmod.f90,SYmod,187,DOUBLE PRECISION,ALLOCATABLE,"(:, :)",False,src/sediment/sy_workspace.f90,sy_workspace,Per-timestep sediment work arrays shared between the sediment routines.,,0,,0,,"Boundary sediment flow by class and boundary entry, from [[sybc]]."
QWATB,src/sediment/SYmod.f90,SYmod,188,DOUBLE PRECISION,ALLOCATABLE,(:),False,src/sediment/sy_workspace.f90,sy_workspace,Per-timestep sediment work arrays shared between the sediment routines.,,0,,0,,Boundary water outflow rate by boundary entry.
SLOPEJ,src/sediment/SYmod.f90,SYmod,189,DOUBLE PRECISION,ALLOCATABLE,"(:, :)",False,src/sediment/sy_workspace.f90,sy_workspace,Per-timestep sediment work arrays shared between the sediment routines.,,0,,0,,"Face water-surface slope, from [[sywat]]."
TAUJ,src/sediment/SYmod.f90,SYmod,190,DOUBLE PRECISION,ALLOCATABLE,"(:, :)",False,src/sediment/sy_workspace.f90,sy_workspace,Per-timestep sediment work arrays shared between the sediment routines.,,0,,0,,"Face shear stress, from [[sywat]]."
TAUK,src/sediment/SYmod.f90,SYmod,191,DOUBLE PRECISION,ALLOCATABLE,(:),False,src/sediment/sy_workspace.f90,sy_workspace,Per-timestep sediment work arrays shared between the sediment routines.,,0,,0,,"Representative element/link shear stress, from [[sywat]]."
VCFMAX,src/sediment/SYmod.f90,SYmod,192,DOUBLE PRECISION,ALLOCATABLE,(:),False,src/sediment/sy_workspace.f90,sy_workspace,Per-timestep sediment work arrays shared between the sediment routines.,,0,,0,,"Maximum fine volume available for settling/infiltration, from [[syfine]]."
VINFMX,src/sediment/SYmod.f90,SYmod,193,DOUBLE PRECISION,ALLOCATABLE,(:),False,src/sediment/sy_workspace.f90,sy_workspace,Per-timestep sediment work arrays shared between the sediment routines.,,0,,0,,"Maximum fine infiltration volume, from [[syfine]]."
BARM,src/sediment/SYmod.f90,SYmod,194,LOGICAL,ALLOCATABLE,(:),False,src/sediment/sy_workspace.f90,sy_workspace,Per-timestep sediment work arrays shared between the sediment routines.,,0,,0,,"True where fine sediment is protected by bed armouring, from [[syfine]]."
LDUM,src/sediment/SYmod.f90,SYmod,195,LOGICAL,ALLOCATABLE,(:),False,src/sediment/sy_workspace.f90,sy_workspace,Per-timestep sediment work arrays shared between the sediment routines.,,0,,0,,Logical workspace for `ALCHK`/`ALCHKI` checks in [[syerr1]]-[[syerr3]].
K1_syovtr,src/sediment/SYmod.f90,SYmod,197,DOUBLE PRECISION,PARAMETER,,True,src/sediment/sy_transport_capacity.f90,sy_transport_capacity,"Transport-capacity, critical-shear and settling-velocity relations.",,0,,0,,Engelund-Hansen overland-capacity coefficient.
K3_syovtr,src/sediment/SYmod.f90,SYmod,198,DOUBLE PRECISION,PARAMETER,,True,src/sediment/sy_transport_capacity.f90,sy_transport_capacity,"Transport-capacity, critical-shear and settling-velocity relations.",,0,,0,,Yalin overland-capacity coefficient.
K4_syovtr,src/sediment/SYmod.f90,SYmod,199,DOUBLE PRECISION,PARAMETER,,True,src/sediment/sy_transport_capacity.f90,sy_transport_capacity,"Transport-capacity, critical-shear and settling-velocity relations.",,0,,0,,Yalin overland-capacity coefficient.
smelt,src/snow/SMmod.f90,SMmod,61,DOUBLEPRECISION,"DIMENSION(:, :), ALLOCATABLE","(:, :)",False,src/snow/snow_state.f90,snow_state,"Snowpack depth, temperature, density and meltwater-slug state.",,3,src/driver/run_sim.f90;src/evapotranspiration/ETmod.f90;src/frame/FRmod.f90,0,,Routed meltwater slugs by slug number and element (mm water).
tmelt,src/snow/SMmod.f90,SMmod,62,DOUBLEPRECISION,"DIMENSION(:, :), ALLOCATABLE","(:, :)",False,src/snow/snow_state.f90,snow_state,"Snowpack depth, temperature, density and meltwater-slug state.",,3,src/driver/run_sim.f90;src/evapotranspiration/ETmod.f90;src/frame/FRmod.f90,0,,Release time for each routed meltwater slug (h).
USM,src/snow/SMmod.f90,SMmod,64,DOUBLEPRECISION,,,False,src/snow/snow_config.f90,snow_config,Snowmelt parameters and initial-snowpack settings.,,0,,0,,Snowmelt during the current timestep (mm snow).
DDF,src/snow/SMmod.f90,SMmod,65,DOUBLEPRECISION,,,False,src/snow/snow_config.f90,snow_config,Snowmelt parameters and initial-snowpack settings.,,1,src/frame/FRmod.f90,0,,Degree-day melt factor (mm/s/C).
RHOS,src/snow/SMmod.f90,SMmod,66,DOUBLEPRECISION,,,False,src/snow/snow_config.f90,snow_config,Snowmelt parameters and initial-snowpack settings.,,3,src/driver/run_sim.f90;src/evapotranspiration/ETmod.f90;src/frame/FRmod.f90,0,,Active snow specific gravity for the current element.
ESM,src/snow/SMmod.f90,SMmod,67,DOUBLEPRECISION,,,False,src/snow/snow_config.f90,snow_config,Snowmelt parameters and initial-snowpack settings.,,0,,0,,Snow depth lost to evaporation or sublimation (mm snow).
HFC,src/snow/SMmod.f90,SMmod,68,DOUBLEPRECISION,,,False,src/snow/snow_config.f90,snow_config,Snowmelt parameters and initial-snowpack settings.,,0,,0,,Atmospheric-convection heat flux over the timestep (J/m^2).
HFR,src/snow/SMmod.f90,SMmod,69,DOUBLEPRECISION,,,False,src/snow/snow_config.f90,snow_config,Snowmelt parameters and initial-snowpack settings.,,0,,0,,Heat supplied by rainfall or snowfall over the timestep (J/m^2).
HFE,src/snow/SMmod.f90,SMmod,70,DOUBLEPRECISION,,,False,src/snow/snow_config.f90,snow_config,Snowmelt parameters and initial-snowpack settings.,,0,,0,,Latent heat term for evaporation or condensation over the timestep (J/m^2).
HFT,src/snow/SMmod.f90,SMmod,71,DOUBLEPRECISION,,,False,src/snow/snow_config.f90,snow_config,Snowmelt parameters and initial-snowpack settings.,,0,,0,,Net heat flux available to the snowpack over the timestep (J/m^2).
ZUS,src/snow/SMmod.f90,SMmod,72,DOUBLEPRECISION,,,False,src/snow/snow_config.f90,snow_config,Snowmelt parameters and initial-snowpack settings.,,1,src/frame/FRmod.f90,0,,Anemometer height above ground for energy-budget snowmelt (m).
ZDS,src/snow/SMmod.f90,SMmod,73,DOUBLEPRECISION,,,False,src/snow/snow_config.f90,snow_config,Snowmelt parameters and initial-snowpack settings.,,1,src/frame/FRmod.f90,0,,Zero-plane displacement height for snow aerodynamic exchange (m).
ZOS,src/snow/SMmod.f90,SMmod,74,DOUBLEPRECISION,,,False,src/snow/snow_config.f90,snow_config,Snowmelt parameters and initial-snowpack settings.,,1,src/frame/FRmod.f90,0,,Snow-surface roughness height for aerodynamic exchange (m).
RHODEF,src/snow/SMmod.f90,SMmod,75,DOUBLEPRECISION,,,False,src/snow/snow_config.f90,snow_config,Snowmelt parameters and initial-snowpack settings.,,1,src/frame/FRmod.f90,0,,Default snow specific gravity used when spatial `RHOSAR` is zero.
TOPNET,src/snow/SMmod.f90,SMmod,76,DOUBLEPRECISION,,,False,src/snow/snow_config.f90,snow_config,Snowmelt parameters and initial-snowpack settings.,,0,,0,,Water input to the snowpack before routing (mm water).
PNSNOW,src/snow/SMmod.f90,SMmod,77,DOUBLEPRECISION,,,False,src/snow/snow_config.f90,snow_config,Snowmelt parameters and initial-snowpack settings.,,0,,0,,Water depth passed into or released from the snowpack in the current step (mm water).
BINSMP,src/snow/SMmod.f90,SMmod,78,LOGICAL,,,False,src/snow/snow_config.f90,snow_config,Snowmelt parameters and initial-snowpack settings.,,1,src/frame/FRmod.f90,0,,Snow-input echo-print flag.
IMET,src/snow/SMmod.f90,SMmod,79,INTEGER,,(NVEE),False,src/snow/snow_config.f90,snow_config,Snowmelt parameters and initial-snowpack settings.,,1,src/frame/FRmod.f90,0,,Meteorological-station element index for each vegetation type in energy-budget mode.
NSD,src/snow/SMmod.f90,SMmod,80,INTEGER,,,False,src/snow/snow_config.f90,snow_config,Snowmelt parameters and initial-snowpack settings.,,1,src/frame/FRmod.f90,0,,Initial snowpack mode: uniform (`0`) or spatial (`1`).
HEAD,src/snow/SMmod.f90,SMmod,81,DOUBLEPRECISION,,(20),False,src/snow/snow_config.f90,snow_config,Snowmelt parameters and initial-snowpack settings.,,1,src/frame/FRmod.f90,0,,Snow input title/header workspace retained for legacy I/O.
RHOA,src/snow/SMmod.f90,SMmod,82,DOUBLEPRECISION,PARAMETER,,True,src/core/mod_parameters.f90,mod_parameters,"Numeric kinds, buffer lengths, sentinels, mathematical and physical constants.",RHO_AIR_SNOW,0,,0,,Density of air (kg/m^3).
RHOW,src/snow/SMmod.f90,SMmod,83,DOUBLEPRECISION,PARAMETER,,True,src/core/mod_parameters.f90,mod_parameters,"Numeric kinds, buffer lengths, sentinels, mathematical and physical constants.",RHO_WATER_SNOW,0,,0,,Density of water (kg/m^3).
CPA,src/snow/SMmod.f90,SMmod,84,DOUBLEPRECISION,PARAMETER,,True,src/core/mod_parameters.f90,mod_parameters,"Numeric kinds, buffer lengths, sentinels, mathematical and physical constants.",CP_AIR_SNOW,0,,0,,Specific heat of air at constant pressure (J/kg/C).
CPW,src/snow/SMmod.f90,SMmod,85,DOUBLEPRECISION,PARAMETER,,True,src/core/mod_parameters.f90,mod_parameters,"Numeric kinds, buffer lengths, sentinels, mathematical and physical constants.",CP_WATER,0,,0,,Specific heat of water (J/kg/C).
CPI,src/snow/SMmod.f90,SMmod,86,DOUBLEPRECISION,PARAMETER,,True,src/core/mod_parameters.f90,mod_parameters,"Numeric kinds, buffer lengths, sentinels, mathematical and physical constants.",CP_ICE,0,,0,,Specific heat of ice (J/kg/C).
LWI,src/snow/SMmod.f90,SMmod,87,DOUBLEPRECISION,PARAMETER,,True,src/core/mod_parameters.f90,mod_parameters,"Numeric kinds, buffer lengths, sentinels, mathematical and physical constants.",L_FUSION,0,,0,,Latent heat of fusion (J/kg).
LVW,src/snow/SMmod.f90,SMmod,88,DOUBLEPRECISION,PARAMETER,,True,src/core/mod_parameters.f90,mod_parameters,"Numeric kinds, buffer lengths, sentinels, mathematical and physical constants.",L_VAPORISATION_SNOW,0,,0,,Latent heat of vaporisation (J/kg).
HFG,src/snow/SMmod.f90,SMmod,89,DOUBLEPRECISION,PARAMETER,,True,src/core/mod_parameters.f90,mod_parameters,"Numeric kinds, buffer lengths, sentinels, mathematical and physical constants.",GROUND_HEAT_FLUX_SNOW,0,,0,,Ground heat flux to snow (W/m^2).
ICSOILsv,src/subsurface/VSmod.f90,VSmod,125,INTEGER,,"(LLEE, NELEE)",False,src/subsurface/vs_state.f90,vs_state,"Pressure head, water content and the subsurface flux fields.",,1,src/driver/run_sim.f90,0,,Cached VSS soil type by cell and element.
JCBCsv,src/subsurface/VSmod.f90,VSmod,126,INTEGER,,"(0:5, NELEE)",False,src/subsurface/vs_state.f90,vs_state,"Pressure head, water content and the subsurface flux fields.",,1,src/driver/run_sim.f90,0,,Cached boundary-condition type/category metadata by face and element.
VSAIJsv,src/subsurface/VSmod.f90,VSmod,127,DOUBLEPRECISION,"DIMENSION(:, :, :), ALLOCATABLE","(:, :, :)",False,src/subsurface/vs_state.f90,vs_state,"Pressure head, water content and the subsurface flux fields.",,1,src/driver/run_sim.f90,0,,Cached lateral face area/conductance terms.
IVSDUM_VSREAD,src/subsurface/VSmod.f90,VSmod,131,INTEGER,"DIMENSION(:, :), ALLOCATABLE","(:, :)",False,src/subsurface/vs_input.f90,vs_input,Reads the subsurface data and initial-condition files.,,0,,0,,`VSREAD` work buffer: per-category layer soil-type codes.
IVSCAT_VSREAD,src/subsurface/VSmod.f90,VSmod,132,INTEGER,"DIMENSION(:), ALLOCATABLE",(:),False,src/subsurface/vs_input.f90,vs_input,Reads the subsurface data and initial-condition files.,,0,,0,,`VSREAD` work buffer: layer category selected by each element.
ISDUM_VSREAD,src/subsurface/VSmod.f90,VSmod,133,INTEGER,"DIMENSION(:, :), ALLOCATABLE","(:, :)",False,src/subsurface/vs_input.f90,vs_input,Reads the subsurface data and initial-condition files.,,0,,0,,`VSREAD` work buffer: integer fields read from `VS05`.
RVSDUM_VSREAD,src/subsurface/VSmod.f90,VSmod,134,DOUBLEPRECISION,"DIMENSION(:, :), ALLOCATABLE","(:, :)",False,src/subsurface/vs_input.f90,vs_input,Reads the subsurface data and initial-condition files.,,0,,0,,`VSREAD` work buffer: per-category layer boundary depths.
RSDUM_VSREAD,src/subsurface/VSmod.f90,VSmod,135,DOUBLEPRECISION,"DIMENSION(:, :), ALLOCATABLE","(:, :)",False,src/subsurface/vs_input.f90,vs_input,Reads the subsurface data and initial-condition files.,,0,,0,,`VSREAD` work buffer: real-valued fields read from `VS05`.
BDONE_VSREAD,src/subsurface/VSmod.f90,VSmod,136,LOGICAL,"DIMENSION(:), ALLOCATABLE",(:),False,src/subsurface/vs_input.f90,vs_input,Reads the subsurface data and initial-condition files.,,0,,0,,`VSREAD` work buffer: per-element layer-data-assigned flag.
WLLAST,src/subsurface/VSmod.f90,VSmod,138,DOUBLEPRECISION,,,False,src/subsurface/vs_boundaries.f90,vs_boundaries,"Time-varying lateral, base and well boundary series.",,0,,0,,Previous well-input record time.
WLTIME,src/subsurface/VSmod.f90,VSmod,139,DOUBLEPRECISION,,,False,src/subsurface/vs_boundaries.f90,vs_boundaries,"Time-varying lateral, base and well boundary series.",,1,src/driver/run_sim.f90,0,,Current/next well-input record time.
RWELIN,src/subsurface/VSmod.f90,VSmod,140,DOUBLEPRECISION,,(NVSEE),False,src/subsurface/vs_boundaries.f90,vs_boundaries,"Time-varying lateral, base and well boundary series.",,1,src/driver/run_sim.f90,0,,Current well abstraction input values.
RLFLST,src/subsurface/VSmod.f90,VSmod,141,DOUBLEPRECISION,,,False,src/subsurface/vs_boundaries.f90,vs_boundaries,"Time-varying lateral, base and well boundary series.",,0,,0,,Previous lateral-flow boundary record time.
RLFTIM,src/subsurface/VSmod.f90,VSmod,142,DOUBLEPRECISION,,,False,src/subsurface/vs_boundaries.f90,vs_boundaries,"Time-varying lateral, base and well boundary series.",,1,src/driver/run_sim.f90,0,,Current/next lateral-flow boundary record time.
RLFPRV,src/subsurface/VSmod.f90,VSmod,143,DOUBLEPRECISION,,(NVSEE),False,src/subsurface/vs_boundaries.f90,vs_boundaries,"Time-varying lateral, base and well boundary series.",,1,src/driver/run_sim.f90,0,,Previous lateral-flow boundary values.
RLHLST,src/subsurface/VSmod.f90,VSmod,144,DOUBLEPRECISION,,,False,src/subsurface/vs_boundaries.f90,vs_boundaries,"Time-varying lateral, base and well boundary series.",,1,src/driver/run_sim.f90,0,,Previous lateral-head boundary record time.
RLHTIM,src/subsurface/VSmod.f90,VSmod,145,DOUBLEPRECISION,,,False,src/subsurface/vs_boundaries.f90,vs_boundaries,"Time-varying lateral, base and well boundary series.",,1,src/driver/run_sim.f90,0,,Current/next lateral-head boundary record time.
RLHPRV,src/subsurface/VSmod.f90,VSmod,146,DOUBLEPRECISION,,(NVSEE),False,src/subsurface/vs_boundaries.f90,vs_boundaries,"Time-varying lateral, base and well boundary series.",,1,src/driver/run_sim.f90,0,,Previous lateral-head boundary values.
RLHNXT,src/subsurface/VSmod.f90,VSmod,147,DOUBLEPRECISION,,(NVSEE),False,src/subsurface/vs_boundaries.f90,vs_boundaries,"Time-varying lateral, base and well boundary series.",,1,src/driver/run_sim.f90,0,,Next lateral-head boundary values.
RLGLST,src/subsurface/VSmod.f90,VSmod,148,DOUBLEPRECISION,,,False,src/subsurface/vs_boundaries.f90,vs_boundaries,"Time-varying lateral, base and well boundary series.",,1,src/driver/run_sim.f90,0,,Previous lateral-gradient boundary record time.
RLGTIM,src/subsurface/VSmod.f90,VSmod,149,DOUBLEPRECISION,,,False,src/subsurface/vs_boundaries.f90,vs_boundaries,"Time-varying lateral, base and well boundary series.",,1,src/driver/run_sim.f90,0,,Current/next lateral-gradient boundary record time.
RLGPRV,src/subsurface/VSmod.f90,VSmod,150,DOUBLEPRECISION,,(NVSEE),False,src/subsurface/vs_boundaries.f90,vs_boundaries,"Time-varying lateral, base and well boundary series.",,1,src/driver/run_sim.f90,0,,Previous lateral-gradient boundary values.
RLGNXT,src/subsurface/VSmod.f90,VSmod,151,DOUBLEPRECISION,,(NVSEE),False,src/subsurface/vs_boundaries.f90,vs_boundaries,"Time-varying lateral, base and well boundary series.",,1,src/driver/run_sim.f90,0,,Next lateral-gradient boundary values.
RBFLST,src/subsurface/VSmod.f90,VSmod,152,DOUBLEPRECISION,,,False,src/subsurface/vs_boundaries.f90,vs_boundaries,"Time-varying lateral, base and well boundary series.",,0,,0,,Previous base-flow boundary record time.
RBFTIM,src/subsurface/VSmod.f90,VSmod,153,DOUBLEPRECISION,,,False,src/subsurface/vs_boundaries.f90,vs_boundaries,"Time-varying lateral, base and well boundary series.",,1,src/driver/run_sim.f90,0,,Current/next base-flow boundary record time.
RBFPRV,src/subsurface/VSmod.f90,VSmod,154,DOUBLEPRECISION,,(NVSEE),False,src/subsurface/vs_boundaries.f90,vs_boundaries,"Time-varying lateral, base and well boundary series.",,1,src/driver/run_sim.f90,0,,Previous base-flow boundary values.
RBHLST,src/subsurface/VSmod.f90,VSmod,155,DOUBLEPRECISION,,,False,src/subsurface/vs_boundaries.f90,vs_boundaries,"Time-varying lateral, base and well boundary series.",,1,src/driver/run_sim.f90,0,,Previous base-head boundary record time.
RBHTIM,src/subsurface/VSmod.f90,VSmod,156,DOUBLEPRECISION,,,False,src/subsurface/vs_boundaries.f90,vs_boundaries,"Time-varying lateral, base and well boundary series.",,1,src/driver/run_sim.f90,0,,Current/next base-head boundary record time.
RBHPRV,src/subsurface/VSmod.f90,VSmod,157,DOUBLEPRECISION,,(NVSEE),False,src/subsurface/vs_boundaries.f90,vs_boundaries,"Time-varying lateral, base and well boundary series.",,1,src/driver/run_sim.f90,0,,Previous base-head boundary values.
RBHNXT,src/subsurface/VSmod.f90,VSmod,158,DOUBLEPRECISION,,(NVSEE),False,src/subsurface/vs_boundaries.f90,vs_boundaries,"Time-varying lateral, base and well boundary series.",,1,src/driver/run_sim.f90,0,,Next base-head boundary values.
RLFDUM,src/subsurface/VSmod.f90,VSmod,159,DOUBLEPRECISION,,(NVSEE),False,src/subsurface/vs_boundaries.f90,vs_boundaries,"Time-varying lateral, base and well boundary series.",,1,src/driver/run_sim.f90,0,,Lateral-flow interpolation workspace.
RLHDUM,src/subsurface/VSmod.f90,VSmod,160,DOUBLEPRECISION,,(NVSEE),False,src/subsurface/vs_boundaries.f90,vs_boundaries,"Time-varying lateral, base and well boundary series.",,1,src/driver/run_sim.f90,0,,Lateral-head interpolation workspace.
RLGDUM,src/subsurface/VSmod.f90,VSmod,161,DOUBLEPRECISION,,(NVSEE),False,src/subsurface/vs_boundaries.f90,vs_boundaries,"Time-varying lateral, base and well boundary series.",,1,src/driver/run_sim.f90,0,,Lateral-gradient interpolation workspace.
FIRSTvssim,src/subsurface/VSmod.f90,VSmod,162,LOGICAL,,,False,src/subsurface/vs_boundaries.f90,vs_boundaries,"Time-varying lateral, base and well boundary series.",,1,src/driver/run_sim.f90,0,,True until `VSSIM` has cached column metadata.
errcntallowed,src/subsurface/VSmod.f90,VSmod,163,integer,parameter,,True,src/subsurface/vs_column_solver.f90,vs_column_solver,Assembles and solves the tridiagonal pressure-head correction.,,0,,0,,Maximum repeated VSS convergence warnings.
BLOWP,src/subsurface/VSmod.f90,VSmod,168,LOGICAL,,,False,src/subsurface/vs_config.f90,vs_config,"Soil parameters, initial-condition options and setup switches.",,0,,0,,Lower-boundary output print-control flag retained from legacy VSCOM1 state.
BHELEV,src/subsurface/VSmod.f90,VSmod,169,LOGICAL,,,False,src/subsurface/vs_config.f90,vs_config,"Soil parameters, initial-condition options and setup switches.",,0,,0,,True when lateral boundary head inputs are elevations; false when they are depths below ground.
NCSZON,src/subsurface/VSmod.f90,VSmod,173,INTEGER,,,False,src/subsurface/vs_config.f90,vs_config,"Soil parameters, initial-condition options and setup switches.",,0,,0,,Number of extra cells used to represent the soil-zone depth increments.
NCRBED,src/subsurface/VSmod.f90,VSmod,174,INTEGER,,,False,src/subsurface/vs_config.f90,vs_config,"Soil parameters, initial-condition options and setup switches.",,0,,0,,Number of extra cells used to represent river-bed depth increments.
JVSALN,src/subsurface/VSmod.f90,VSmod,175,INTEGER,,"(NELEE, NLYREE, 4)",False,src/subsurface/vs_config.f90,vs_config,"Soil parameters, initial-condition options and setup switches.",,0,,0,,Aquifer-layer connectivity ranges packed as `NLYREE+1` multiples.
ISRBED,src/subsurface/VSmod.f90,VSmod,176,INTEGER,,(NLFEE),False,src/subsurface/vs_config.f90,vs_config,"Soil parameters, initial-condition options and setup switches.",,0,,0,,River-bed soil type by link.
NVSWL,src/subsurface/VSmod.f90,VSmod,177,INTEGER,,,False,src/subsurface/vs_config.f90,vs_config,"Soil parameters, initial-condition options and setup switches.",,0,,0,,Number of well boundary categories.
NVSSP,src/subsurface/VSmod.f90,VSmod,178,INTEGER,,,False,src/subsurface/vs_config.f90,vs_config,"Soil parameters, initial-condition options and setup switches.",,0,,0,,Number of spring boundary categories.
NVSLF,src/subsurface/VSmod.f90,VSmod,179,INTEGER,,,False,src/subsurface/vs_config.f90,vs_config,"Soil parameters, initial-condition options and setup switches.",,0,,0,,Number of lateral-flow boundary categories.
NVSLH,src/subsurface/VSmod.f90,VSmod,180,INTEGER,,,False,src/subsurface/vs_config.f90,vs_config,"Soil parameters, initial-condition options and setup switches.",,0,,0,,Number of lateral-head boundary categories.
NVSLG,src/subsurface/VSmod.f90,VSmod,181,INTEGER,,,False,src/subsurface/vs_config.f90,vs_config,"Soil parameters, initial-condition options and setup switches.",,0,,0,,Number of lateral head-gradient boundary categories.
NVSBF,src/subsurface/VSmod.f90,VSmod,182,INTEGER,,,False,src/subsurface/vs_config.f90,vs_config,"Soil parameters, initial-condition options and setup switches.",,0,,0,,Number of bottom-flow boundary categories.
NVSBH,src/subsurface/VSmod.f90,VSmod,183,INTEGER,,,False,src/subsurface/vs_config.f90,vs_config,"Soil parameters, initial-condition options and setup switches.",,0,,0,,Number of bottom-head boundary categories.
NVSBD,src/subsurface/VSmod.f90,VSmod,184,INTEGER,,,False,src/subsurface/vs_config.f90,vs_config,"Soil parameters, initial-condition options and setup switches.",,0,,0,,Number of bottom-drainage boundary categories.
NVSWLC,src/subsurface/VSmod.f90,VSmod,185,INTEGER,,(NELEE),False,src/subsurface/vs_config.f90,vs_config,"Soil parameters, initial-condition options and setup switches.",,0,,0,,Well category used by each element.
NLBTYP,src/subsurface/VSmod.f90,VSmod,186,INTEGER,,(NELEE),False,src/subsurface/vs_config.f90,vs_config,"Soil parameters, initial-condition options and setup switches.",,0,,0,,Lateral boundary type by element.
NLBCAT,src/subsurface/VSmod.f90,VSmod,187,INTEGER,,(NELEE),False,src/subsurface/vs_config.f90,vs_config,"Soil parameters, initial-condition options and setup switches.",,0,,0,,Lateral boundary category by element.
NBBTYP,src/subsurface/VSmod.f90,VSmod,188,INTEGER,,(NELEE),False,src/subsurface/vs_config.f90,vs_config,"Soil parameters, initial-condition options and setup switches.",,0,,0,,Bottom boundary type by element.
NBBCAT,src/subsurface/VSmod.f90,VSmod,189,INTEGER,,(NELEE),False,src/subsurface/vs_config.f90,vs_config,"Soil parameters, initial-condition options and setup switches.",,0,,0,,Bottom boundary category by element.
NVSLFT,src/subsurface/VSmod.f90,VSmod,190,INTEGER,,,False,src/subsurface/vs_config.f90,vs_config,"Soil parameters, initial-condition options and setup switches.",,0,,0,,Expanded count of lateral-flow boundary values after selected-layer categories.
NVSLFL,src/subsurface/VSmod.f90,VSmod,191,INTEGER,,"(NLYREE, NVSEE)",False,src/subsurface/vs_config.f90,vs_config,"Soil parameters, initial-condition options and setup switches.",,0,,0,,Selected model layers for lateral-flow categories.
NVSLFN,src/subsurface/VSmod.f90,VSmod,192,INTEGER,,(NVSEE),False,src/subsurface/vs_config.f90,vs_config,"Soil parameters, initial-condition options and setup switches.",,0,,0,,Number of selected lateral-flow layers per category; zero means whole column.
NVSLHT,src/subsurface/VSmod.f90,VSmod,193,INTEGER,,,False,src/subsurface/vs_config.f90,vs_config,"Soil parameters, initial-condition options and setup switches.",,0,,0,,Expanded count of lateral-head boundary values after selected-layer categories.
NVSLHL,src/subsurface/VSmod.f90,VSmod,194,INTEGER,,"(NLYREE, NVSEE)",False,src/subsurface/vs_config.f90,vs_config,"Soil parameters, initial-condition options and setup switches.",,0,,0,,Selected model layers for lateral-head categories.
NVSLHN,src/subsurface/VSmod.f90,VSmod,195,INTEGER,,(NVSEE),False,src/subsurface/vs_config.f90,vs_config,"Soil parameters, initial-condition options and setup switches.",,0,,0,,Number of selected lateral-head layers per category; zero means whole column.
NVSLGT,src/subsurface/VSmod.f90,VSmod,196,INTEGER,,,False,src/subsurface/vs_config.f90,vs_config,"Soil parameters, initial-condition options and setup switches.",,0,,0,,Expanded count of lateral-gradient boundary values after selected-layer categories.
NVSLGL,src/subsurface/VSmod.f90,VSmod,197,INTEGER,,"(NLYREE, NVSEE)",False,src/subsurface/vs_config.f90,vs_config,"Soil parameters, initial-condition options and setup switches.",,0,,0,,Selected model layers for lateral-gradient categories.
NVSLGN,src/subsurface/VSmod.f90,VSmod,198,INTEGER,,(NVSEE),False,src/subsurface/vs_config.f90,vs_config,"Soil parameters, initial-condition options and setup switches.",,0,,0,,Number of selected lateral-gradient layers per category; zero means whole column.
IVSSTO,src/subsurface/VSmod.f90,VSmod,205,INTEGER,,"(LLEE, NELEE)",False,src/subsurface/vs_config.f90,vs_config,"Soil parameters, initial-condition options and setup switches.",,1,src/driver/run_sim.f90,0,,Stored soil lookup-table interval by VSS cell and element.
DCSZON,src/subsurface/VSmod.f90,VSmod,209,DOUBLEPRECISION,,(LLEE),False,src/subsurface/vs_config.f90,vs_config,"Soil parameters, initial-condition options and setup switches.",,0,,0,,"Soil-zone cell-depth increments, ordered from the ground surface downward."
DCRBED,src/subsurface/VSmod.f90,VSmod,210,DOUBLEPRECISION,,(LLEE),False,src/subsurface/vs_config.f90,vs_config,"Soil parameters, initial-condition options and setup switches.",,0,,0,,"River-bed cell-depth increments, ordered from the bed surface downward."
DCSTOT,src/subsurface/VSmod.f90,VSmod,211,DOUBLEPRECISION,,,False,src/subsurface/vs_config.f90,vs_config,"Soil parameters, initial-condition options and setup switches.",,0,,0,,Total configured soil-zone depth.
DCRTOT,src/subsurface/VSmod.f90,VSmod,212,DOUBLEPRECISION,,,False,src/subsurface/vs_config.f90,vs_config,"Soil parameters, initial-condition options and setup switches.",,0,,0,,Total configured river-bed depth.
VSZMIN,src/subsurface/VSmod.f90,VSmod,213,DOUBLEPRECISION,,,False,src/subsurface/vs_config.f90,vs_config,"Soil parameters, initial-condition options and setup switches.",,0,,0,,Minimum VSS cell thickness.
VSZMAX,src/subsurface/VSmod.f90,VSmod,214,DOUBLEPRECISION,,,False,src/subsurface/vs_config.f90,vs_config,"Soil parameters, initial-condition options and setup switches.",,0,,0,,"Maximum VSS cell thickness, stored with the legacy small tolerance."
VSK3D,src/subsurface/VSmod.f90,VSmod,215,DOUBLEPRECISION,,"(NSEE, 3)",False,src/subsurface/vs_config.f90,vs_config,"Soil parameters, initial-condition options and setup switches.",,0,,0,,Saturated hydraulic conductivity by soil type and x/y/z direction.
DRBED,src/subsurface/VSmod.f90,VSmod,216,DOUBLEPRECISION,,(NLFEE),False,src/subsurface/vs_config.f90,vs_config,"Soil parameters, initial-condition options and setup switches.",,0,,0,,River-bed depth by link.
VSSPZ,src/subsurface/VSmod.f90,VSmod,217,DOUBLEPRECISION,,(NELEE),False,src/subsurface/vs_config.f90,vs_config,"Soil parameters, initial-condition options and setup switches.",,0,,0,,Spring discharge elevation by element.
VSSPCO,src/subsurface/VSmod.f90,VSmod,218,DOUBLEPRECISION,,(NELEE),False,src/subsurface/vs_config.f90,vs_config,"Soil parameters, initial-condition options and setup switches.",,0,,0,,Spring conductance coefficient by element.
VSWV,src/subsurface/VSmod.f90,VSmod,219,DOUBLEPRECISION,,,False,src/subsurface/vs_config.f90,vs_config,"Soil parameters, initial-condition options and setup switches.",,0,,0,,Vertical hydraulic-conductivity w-mean control.
VSWL,src/subsurface/VSmod.f90,VSmod,220,DOUBLEPRECISION,,,False,src/subsurface/vs_config.f90,vs_config,"Soil parameters, initial-condition options and setup switches.",,0,,0,,Lateral hydraulic-conductivity w-mean control.
VSKR,src/subsurface/VSmod.f90,VSmod,225,DOUBLEPRECISION,"DIMENSION(:, :), ALLOCATABLE","(:, :)",False,src/subsurface/vs_config.f90,vs_config,"Soil parameters, initial-condition options and setup switches.",,1,src/driver/run_sim.f90,0,,Relative hydraulic conductivity by VSS cell and element.
WLNOW,src/subsurface/VSmod.f90,VSmod,226,DOUBLEPRECISION,,(NVSEE),False,src/subsurface/vs_config.f90,vs_config,"Soil parameters, initial-condition options and setup switches.",,1,src/driver/run_sim.f90,0,,Current well abstraction values.
RLFNOW,src/subsurface/VSmod.f90,VSmod,227,DOUBLEPRECISION,,"(NLYREE, NVSEE)",False,src/subsurface/vs_config.f90,vs_config,"Soil parameters, initial-condition options and setup switches.",,1,src/driver/run_sim.f90,0,,Current lateral-flow boundary values.
RLHNOW,src/subsurface/VSmod.f90,VSmod,228,DOUBLEPRECISION,,"(NLYREE, NVSEE)",False,src/subsurface/vs_config.f90,vs_config,"Soil parameters, initial-condition options and setup switches.",,1,src/driver/run_sim.f90,0,,Current lateral-head boundary values.
RLGNOW,src/subsurface/VSmod.f90,VSmod,229,DOUBLEPRECISION,,"(NLYREE, NVSEE)",False,src/subsurface/vs_config.f90,vs_config,"Soil parameters, initial-condition options and setup switches.",,0,,0,,Current lateral-gradient boundary values.
RBFNOW,src/subsurface/VSmod.f90,VSmod,230,DOUBLEPRECISION,,(NVSEE),False,src/subsurface/vs_config.f90,vs_config,"Soil parameters, initial-condition options and setup switches.",,1,src/driver/run_sim.f90,0,,Current bottom-flow boundary values.
RBHNOW,src/subsurface/VSmod.f90,VSmod,231,DOUBLEPRECISION,,(NVSEE),False,src/subsurface/vs_config.f90,vs_config,"Soil parameters, initial-condition options and setup switches.",,1,src/driver/run_sim.f90,0,,Current bottom-head boundary values.
NSOLEE,src/subsurface/VSmod.f90,VSmod,238,INTEGER,,,False,src/subsurface/vs_soil_tables.f90,vs_soil_tables,Generates and stores the soil hydraulic-property lookup tables.,,0,,0,,Maximum number of generated soil lookup-table rows.
VSPPSI,src/subsurface/VSmod.f90,VSmod,241,DOUBLEPRECISION,,(NSOLEE),False,src/subsurface/vs_soil_tables.f90,vs_soil_tables,Generates and stores the soil hydraulic-property lookup tables.,,1,src/frame/FRmod.f90,0,,Soil lookup pressure-head ordinates.
VSPTHE,src/subsurface/VSmod.f90,VSmod,242,DOUBLEPRECISION,,"(NSOLEE, NSEE)",False,src/subsurface/vs_soil_tables.f90,vs_soil_tables,Generates and stores the soil hydraulic-property lookup tables.,,1,src/frame/FRmod.f90,0,,Soil lookup volumetric water content.
VSPKR,src/subsurface/VSmod.f90,VSmod,243,DOUBLEPRECISION,,"(NSOLEE, NSEE)",False,src/subsurface/vs_soil_tables.f90,vs_soil_tables,Generates and stores the soil hydraulic-property lookup tables.,,1,src/frame/FRmod.f90,0,,Soil lookup relative hydraulic conductivity.
VSPETA,src/subsurface/VSmod.f90,VSmod,244,DOUBLEPRECISION,,"(NSOLEE, NSEE)",False,src/subsurface/vs_soil_tables.f90,vs_soil_tables,Generates and stores the soil hydraulic-property lookup tables.,,1,src/frame/FRmod.f90,0,,Soil lookup storage coefficient.
VSPDTH,src/subsurface/VSmod.f90,VSmod,245,DOUBLEPRECISION,,"(NSOLEE, NSEE)",False,src/subsurface/vs_soil_tables.f90,vs_soil_tables,Generates and stores the soil hydraulic-property lookup tables.,,1,src/frame/FRmod.f90,0,,Soil lookup derivative `d(theta)/d(psi)`.
VSPDKR,src/subsurface/VSmod.f90,VSmod,246,DOUBLEPRECISION,,"(NSOLEE, NSEE)",False,src/subsurface/vs_soil_tables.f90,vs_soil_tables,Generates and stores the soil hydraulic-property lookup tables.,,1,src/frame/FRmod.f90,0,,Soil lookup derivative `d(K_r)/d(psi)`.
VSPDET,src/subsurface/VSmod.f90,VSmod,247,DOUBLEPRECISION,,"(NSOLEE, NSEE)",False,src/subsurface/vs_soil_tables.f90,vs_soil_tables,Generates and stores the soil hydraulic-property lookup tables.,,1,src/frame/FRmod.f90,0,,Soil lookup derivative `d(eta)/d(psi)`.
VSPSS,src/subsurface/VSmod.f90,VSmod,248,DOUBLEPRECISION,,(NSEE),False,src/subsurface/vs_soil_tables.f90,vs_soil_tables,Generates and stores the soil hydraulic-property lookup tables.,,0,,0,,Specific storage by soil type.
VSPPOR,src/subsurface/VSmod.f90,VSmod,249,DOUBLEPRECISION,,(NSEE),False,src/subsurface/vs_soil_tables.f90,vs_soil_tables,Generates and stores the soil hydraulic-property lookup tables.,,0,,0,,Porosity copied from the wider soil parameter state.
NVSSOL,src/subsurface/VSmod.f90,VSmod,250,INTEGER,,,False,src/subsurface/vs_soil_tables.f90,vs_soil_tables,Generates and stores the soil hydraulic-property lookup tables.,,1,src/frame/FRmod.f90,0,,Number of active soil lookup-table rows.
BFAST,src/subsurface/VSmod.f90,VSmod,258,LOGICAL,,,False,src/subsurface/vs_config.f90,vs_config,"Soil parameters, initial-condition options and setup switches.",,0,,0,,True to use the shorter generated soil lookup table.
BSOILP,src/subsurface/VSmod.f90,VSmod,259,LOGICAL,,,False,src/subsurface/vs_config.f90,vs_config,"Soil parameters, initial-condition options and setup switches.",,0,,0,,True to print generated soil lookup tables.
IVSFLG,src/subsurface/VSmod.f90,VSmod,263,INTEGER,,(NSEE),False,src/subsurface/vs_config.f90,vs_config,"Soil parameters, initial-condition options and setup switches.",,0,,0,,Soil hydraulic-property option by soil type.
IVSNTB,src/subsurface/VSmod.f90,VSmod,264,INTEGER,,(NSEE),False,src/subsurface/vs_config.f90,vs_config,"Soil parameters, initial-condition options and setup switches.",,0,,0,,Number of tabulated hydraulic-property rows by soil type.
NVSERR,src/subsurface/VSmod.f90,VSmod,265,INTEGER,,,False,src/subsurface/vs_config.f90,vs_config,"Soil parameters, initial-condition options and setup switches.",,0,,0,,Accumulated VSS input/setup error count.
INITYP,src/subsurface/VSmod.f90,VSmod,266,INTEGER,,,False,src/subsurface/vs_config.f90,vs_config,"Soil parameters, initial-condition options and setup switches.",,0,,0,,Initial pressure-head option from the VSS input file.
VSTRES,src/subsurface/VSmod.f90,VSmod,271,DOUBLEPRECISION,,(NSEE),False,src/subsurface/vs_config.f90,vs_config,"Soil parameters, initial-condition options and setup switches.",,0,,0,,Residual water content by soil type.
VSVGN,src/subsurface/VSmod.f90,VSmod,272,DOUBLEPRECISION,,(NSEE),False,src/subsurface/vs_config.f90,vs_config,"Soil parameters, initial-condition options and setup switches.",,0,,0,,van Genuchten `n` parameter by soil type.
VSALPH,src/subsurface/VSmod.f90,VSmod,273,DOUBLEPRECISION,,(NSEE),False,src/subsurface/vs_config.f90,vs_config,"Soil parameters, initial-condition options and setup switches.",,0,,0,,Retention-curve alpha parameter by soil type.
VSIPSD,src/subsurface/VSmod.f90,VSmod,274,DOUBLEPRECISION,,,False,src/subsurface/vs_config.f90,vs_config,"Soil parameters, initial-condition options and setup switches.",,0,,0,,Initial uniform phreatic-surface depth for `INITYP=1`.
VSZWLB,src/subsurface/VSmod.f90,VSmod,275,DOUBLEPRECISION,,(NVSEE),False,src/subsurface/vs_config.f90,vs_config,"Soil parameters, initial-condition options and setup switches.",,0,,0,,Lower screen depth for well categories.
VSZWLT,src/subsurface/VSmod.f90,VSmod,276,DOUBLEPRECISION,,(NVSEE),False,src/subsurface/vs_config.f90,vs_config,"Soil parameters, initial-condition options and setup switches.",,0,,0,,Upper screen depth for well categories.
TBPSI,src/subsurface/VSmod.f90,VSmod,277,DOUBLEPRECISION,,"(NVSEE, NSEE)",False,src/subsurface/vs_config.f90,vs_config,"Soil parameters, initial-condition options and setup switches.",,0,,0,,Tabulated pressure-head values by row and soil type.
TBTHE,src/subsurface/VSmod.f90,VSmod,278,DOUBLEPRECISION,,"(NVSEE, NSEE)",False,src/subsurface/vs_config.f90,vs_config,"Soil parameters, initial-condition options and setup switches.",,0,,0,,Tabulated water-content values by row and soil type.
TBKR,src/subsurface/VSmod.f90,VSmod,279,DOUBLEPRECISION,,"(NVSEE, NSEE)",False,src/subsurface/vs_config.f90,vs_config,"Soil parameters, initial-condition options and setup switches.",,0,,0,,Tabulated relative-conductivity values by row and soil type.
TBTHEC,src/subsurface/VSmod.f90,VSmod,280,DOUBLEPRECISION,,"(NVSEE, NSEE)",False,src/subsurface/vs_config.f90,vs_config,"Soil parameters, initial-condition options and setup switches.",,0,,0,,Cubic-spline second derivatives for tabulated water content.
TBKRC,src/subsurface/VSmod.f90,VSmod,281,DOUBLEPRECISION,,"(NVSEE, NSEE)",False,src/subsurface/vs_config.f90,vs_config,"Soil parameters, initial-condition options and setup switches.",,0,,0,,Cubic-spline second derivatives for tabulated relative conductivity.
VSSPD,src/subsurface/VSmod.f90,VSmod,282,DOUBLEPRECISION,,(NELEE),False,src/subsurface/vs_config.f90,vs_config,"Soil parameters, initial-condition options and setup switches.",,0,,0,,Spring depth below ground by element.
ERRLVL_fatal,src/util/mod_error.f90,mod_error,56,INTEGER(KIND=I_P),PARAMETER,,True,src/util/error/error_reporting.f90,error_reporting,"Error/warning reporting, severity levels, counters and termination.",,11,src/driver/rest.f90;src/driver/run_sim.f90;src/evapotranspiration/ETmod.f90;src/frame/FRmod.f90;src/nitrate/MNmod.f90;src/overland_channel/OCmod.f90;src/sediment/SYmod.f90;src/subsurface/VSmod.f90;src/util/mod_load_filedata.f90;src/util/utilsmod.f90;src/visualisation/visualisation_interface_left.f90,0,,Fatal error severity passed to `ERROR`.
ERRLVL_error,src/util/mod_error.f90,mod_error,57,INTEGER(KIND=I_P),PARAMETER,,True,src/util/error/error_reporting.f90,error_reporting,"Error/warning reporting, severity levels, counters and termination.",,4,src/frame/FRmod.f90;src/overland_channel/OCmod.f90;src/sediment/SYmod.f90;src/subsurface/VSmod.f90,0,,Nonfatal error severity passed to `ERROR`.
ERRLVL_warn,src/util/mod_error.f90,mod_error,58,INTEGER(KIND=I_P),PARAMETER,,True,src/util/error/error_reporting.f90,error_reporting,"Error/warning reporting, severity levels, counters and termination.",,7,src/evapotranspiration/ETmod.f90;src/frame/FRmod.f90;src/overland_channel/OCmod.f90;src/overland_channel/OCmod2.f90;src/sediment/SYmod.f90;src/subsurface/VSmod.f90;src/util/mod_load_filedata.f90,0,,Warning severity passed to `ERROR`.
ERRCODE_fileopen,src/util/mod_error.f90,mod_error,66,INTEGER(KIND=I_P),PARAMETER,,True,src/util/error/error_status.f90,error_status,"IOSTAT/STAT wrappers for open, close, read, write, rewind and (de)allocate.",,0,,0,,Code reported for a failed file open.
ERRCODE_fileclose,src/util/mod_error.f90,mod_error,67,INTEGER(KIND=I_P),PARAMETER,,True,src/util/error/error_status.f90,error_status,"IOSTAT/STAT wrappers for open, close, read, write, rewind and (de)allocate.",,0,,0,,Code reported for a failed file close.
ERRCODE_allocate,src/util/mod_error.f90,mod_error,68,INTEGER(KIND=I_P),PARAMETER,,True,src/util/error/error_status.f90,error_status,"IOSTAT/STAT wrappers for open, close, read, write, rewind and (de)allocate.",,0,,0,,Code reported for a failed allocation.
ERRCODE_deallocate,src/util/mod_error.f90,mod_error,69,INTEGER(KIND=I_P),PARAMETER,,True,src/util/error/error_status.f90,error_status,"IOSTAT/STAT wrappers for open, close, read, write, rewind and (de)allocate.",,0,,0,,Code reported for a failed deallocation.
ERRCODE_read,src/util/mod_error.f90,mod_error,70,INTEGER(KIND=I_P),PARAMETER,,True,src/util/error/error_status.f90,error_status,"IOSTAT/STAT wrappers for open, close, read, write, rewind and (de)allocate.",,0,,0,,Code reported for a failed read.
ERRCODE_write,src/util/mod_error.f90,mod_error,71,INTEGER(KIND=I_P),PARAMETER,,True,src/util/error/error_status.f90,error_status,"IOSTAT/STAT wrappers for open, close, read, write, rewind and (de)allocate.",,0,,0,,Code reported for a failed write.
ERRCODE_rewind,src/util/mod_error.f90,mod_error,72,INTEGER(KIND=I_P),PARAMETER,,True,src/util/error/error_status.f90,error_status,"IOSTAT/STAT wrappers for open, close, read, write, rewind and (de)allocate.",,0,,0,,Code reported for a failed rewind.
ERR_limit_error_codes,src/util/mod_error.f90,mod_error,77,INTEGER(KIND=I_P),PARAMETER,,True,src/util/error/error_reporting.f90,error_reporting,"Error/warning reporting, severity levels, counters and termination.",,0,,0,,Greatest error-code remainder represented in each module-group counter.
error_counter,src/util/mod_error.f90,mod_error,78,INTEGER(KIND=I_P),,"(0:ERR_limit_error_codes, 0:3)",False,src/util/error/error_reporting.f90,error_reporting,"Error/warning reporting, severity levels, counters and termination.",,0,,0,,Occurrence counts by error-code remainder and module group.
error_counter_total,src/util/mod_error.f90,mod_error,79,INTEGER(KIND=I_P),,,False,src/util/error/error_reporting.f90,error_reporting,"Error/warning reporting, severity levels, counters and termination.",,0,,0,,Total number of errors and warnings recorded by `ERROR`.
flag_wait_on_exit,src/util/mod_error.f90,mod_error,80,LOGICAL,,,False,src/util/error/error_reporting.f90,error_reporting,"Error/warning reporting, severity levels, counters and termination.",,0,,0,,Whether `ERR_STOP` waits for the user before terminating.
FID_logfile,src/util/mod_error.f90,mod_error,85,INTEGER(KIND=I_P),PARAMETER,,True,src/core/file_units.f90,file_units,Central table of every Fortran unit number; keeps uniqueness checkable in one place.,,10,src/driver/rest.f90;src/evapotranspiration/ETmod.f90;src/frame/FRmod.f90;src/nitrate/MNmod.f90;src/overland_channel/OCmod.f90;src/overland_channel/OCmod2.f90;src/sediment/SYmod.f90;src/subsurface/VSmod.f90;src/util/utilsmod.f90;src/visualisation/visualisation_interface_left.f90,0,,Default Fortran unit for primary PRI output.
helppath,src/util/mod_error.f90,mod_error,86,CHARACTER(LEN=LENGTH_FILEPATH),,,False,src/util/error/error_reporting.f90,error_reporting,"Error/warning reporting, severity levels, counters and termination.",,0,,0,,Help-directory fragment set to `/helpmessages` by each `ERROR` call.
HEAD0_alread,src/util/mod_load_filedata.f90,mod_load_filedata,67,CHARACTER(len=80),,,False,src/io/record_readers.f90,record_readers,Heading-and-value record readers for the component data files.,,0,,0,,Most recent successful heading or status text processed by `ALREAD`.
HEAD0_alredc,src/util/mod_load_filedata.f90,mod_load_filedata,68,CHARACTER(len=80),,,False,src/io/record_readers.f90,record_readers,Heading-and-value record readers for the component data files.,,0,,0,,Fixed fallback text used by `ALREDC` heading-read errors; never updated.
HEAD0_alredi,src/util/mod_load_filedata.f90,mod_load_filedata,69,CHARACTER(len=80),,,False,src/io/record_readers.f90,record_readers,Heading-and-value record readers for the component data files.,,0,,0,,Fixed fallback text used by `ALREDI` heading-read errors; never updated.
HEAD0_alred2,src/util/mod_load_filedata.f90,mod_load_filedata,70,CHARACTER(len=80),,,False,src/io/record_readers.f90,record_readers,Heading-and-value record readers for the component data files.,,0,,0,,Most recent `ALRED2` status text; currently written but never read.
HEAD0_alredl,src/util/mod_load_filedata.f90,mod_load_filedata,71,CHARACTER(len=80),,,False,src/io/record_readers.f90,record_readers,Heading-and-value record readers for the component data files.,,0,,0,,Fixed fallback text used by `ALREDL` heading-read errors; never updated.
HEAD0_alredf,src/util/mod_load_filedata.f90,mod_load_filedata,72,CHARACTER(len=80),,,False,src/io/record_readers.f90,record_readers,Heading-and-value record readers for the component data files.,,0,,0,,Fixed fallback text used by `ALREDF` heading-read errors; never updated.
eps,src/util/utilsmod.f90,utilsmod,31,DOUBLEPRECISION,PARAMETER,,True,src/util/linear_algebra.f90,linear_algebra,"Matrix and vector primitives: copy, multiply, tridiagonal solve, LU inversion.",,0,,0,,Singularity/zero tolerance used by matrix inversion.
msg,src/util/utilsmod.f90,utilsmod,32,CHARACTER(128),,,False,src/util/linear_algebra.f90,linear_algebra,"Matrix and vector primitives: copy, multiply, tridiagonal solve, LU inversion.",,0,,0,,Error-message buffer passed to `ERROR`.
